variant,date,asset_id,train_mean,y_true,y_pred,y_std,y_true_resid,y_pred_resid
positive_beta_prior,2025-05-30,SPY,0.007317202496114117,0.04769511906164903,0.009835563118670261,0.044343489777476826,0.04037791656553491,0.0025183606225561445
positive_beta_prior,2025-05-30,MGK,0.009610770673104944,0.06034673392230827,0.011124356449796452,0.059870113643578755,0.05073596324920333,0.0015135857766915076
positive_beta_prior,2025-05-30,VTV,0.005312478651329571,0.0332330912657377,0.00511766226857413,0.041687789330798024,0.027920612614408133,-0.00019481638275544062
positive_beta_prior,2025-05-30,IJR,-0.00041575730887501996,0.03734736300075814,0.00039654426130916276,0.05756152912562926,0.03776312030963316,0.0008123015701841827
positive_beta_prior,2025-05-30,IWM,-0.0015216367751140637,0.05147995646827952,-0.00026827986022195894,0.05765232480244819,0.05300159324339358,0.0012533569148921047
positive_beta_prior,2025-05-30,VNQ,0.0013147227365438608,0.0033500785292834845,0.0010953984747853465,0.05289541307694772,0.002035355792739624,-0.0002193242617585143
positive_beta_prior,2025-05-30,VNQI,-0.003141402592921254,0.04115888912622401,-0.0013024391598526904,0.04501496956233639,0.04430029171914526,0.0018389634330685635
positive_beta_prior,2025-05-30,VEA,0.003213867729195683,0.030256851306093457,0.004896246944779322,0.042775008586409834,0.027042983576897776,0.0016823792155836394
positive_beta_prior,2025-05-30,VWO,-0.0013812432635037686,0.05168209224062714,0.0015713624121640709,0.0407974373109926,0.053063335504130914,0.0029526056756678395
positive_beta_prior,2025-05-30,VSS,0.00044890942076046157,0.054769444558085745,0.003134104459572466,0.043614449241957995,0.054320535137325286,0.0026851950388120044
positive_beta_prior,2025-05-30,BND,-0.003237055002469442,0.011602274676301816,-0.002473054607371351,0.016857133354398417,0.014839329678771258,0.0007640003950980913
positive_beta_prior,2025-05-30,IEF,-0.0040674968930327,0.012452491537882304,-0.003423371557348405,0.020261946667105932,0.016519988430915004,0.0006441253356842952
positive_beta_prior,2025-05-30,BNDX,-0.0027348125869511297,-0.0001381150801093023,-0.0006059460667595129,0.01410892094858607,0.0025966975068418274,0.002128866520191617
positive_beta_prior,2025-05-30,LQD,-0.003152480733546488,0.01724059290590274,-0.0013172551440263798,0.024861120656346707,0.020393073639449227,0.001835225589520108
positive_beta_prior,2025-05-30,HYG,5.2760762575032596e-05,0.014810137654057698,0.0009859508854372595,0.02073003832615671,0.014757376891482665,0.0009331901228622269
positive_beta_prior,2025-05-30,EWX,0.0014349156952656505,0.05043478917948763,0.003830506004350532,0.035169039004521535,0.048999873484221974,0.0023955903090848813
positive_beta_prior,2025-05-30,VWOB,-0.001725584997727383,0.021275025282161186,0.0002552939158051077,0.026958068793591073,0.02300061027988857,0.0019808789135324907
positive_beta_prior,2025-05-30,HYEM,-0.0011012187111369331,0.014454903619178339,0.00043262890828002173,0.02531490308935055,0.015556122330315272,0.0015338476194169549
positive_beta_prior,2025-06-30,SPY,0.008108926350340292,0.01908467259702551,0.010007136656596392,0.03760256507452296,0.010975746246685217,0.0018982103062560995
positive_beta_prior,2025-06-30,MGK,0.010605593481912853,0.03526188252947149,0.013383730687822825,0.05307508822873125,0.024656289047558635,0.0027781372059099713
positive_beta_prior,2025-06-30,VTV,0.005859941643768946,-0.002167296399311236,0.007123817500876717,0.03663288006313713,-0.00802723804308018,0.0012638758571077713
positive_beta_prior,2025-06-30,IJR,0.0003246960305295518,0.005165530187941636,0.002322502146927663,0.05361822778081127,0.004840834157412084,0.001997806116398111
positive_beta_prior,2025-06-30,IWM,-0.0004823898487730129,0.012760607343994756,0.0018543247523156998,0.052477256993050544,0.01324299719276777,0.002336714601088713
positive_beta_prior,2025-06-30,VNQ,0.0013546316736564024,-0.0029632780526935854,0.0009267920860285157,0.051895574780175306,-0.004317909726349988,-0.00042783958762788673
positive_beta_prior,2025-06-30,VNQI,-0.0022727694219576216,-0.023931985253554888,-0.004611534712857069,0.04173463469196754,-0.021659215831597266,-0.0023387652908994474
positive_beta_prior,2025-06-30,VEA,0.003744122309134855,-0.01766175570590245,0.004344550138465215,0.0380294606983168,-0.021405878015037304,0.0006004278293303598
positive_beta_prior,2025-06-30,VWO,-0.0003407857045992409,0.002989658374459969,-0.0005472222284974384,0.0390249072546732,0.0033304440790592102,-0.0002064365238981975
positive_beta_prior,2025-06-30,VSS,0.001514017952864879,-0.009120730437294888,0.0004578539808122186,0.03991244228843166,-0.010634748390159767,-0.0010561639720526603
positive_beta_prior,2025-06-30,BND,-0.002946087753866084,-0.006504632044136427,-0.002974743355057418,0.015212194337155453,-0.0035585442902703428,-2.8655601191333955e-05
positive_beta_prior,2025-06-30,IEF,-0.0037435755512500533,-0.00977429711868305,-0.004547902079002208,0.01915701354522738,-0.0060307215674329975,-0.0008043265277521547
positive_beta_prior,2025-06-30,BNDX,-0.0026838969495620742,-0.00498710657025403,-0.002520815897129304,0.012829649873039733,-0.0023032096206919554,0.00016308105243277018
positive_beta_prior,2025-06-30,LQD,-0.0027526165445376795,-0.004751878550950606,-0.003322459548281841,0.02377494764381578,-0.001999262006412926,-0.0005698430037441617
positive_beta_prior,2025-06-30,HYG,0.0003421210937805751,-0.002505544256353631,0.00021892658977908132,0.018775242688197535,-0.0028476653501342064,-0.00012319450400149375
positive_beta_prior,2025-06-30,EWX,0.002395697528289611,0.003689786989881094,0.0028502140760673254,0.033692926169396904,0.0012940894615914834,0.00045451654777771454
positive_beta_prior,2025-06-30,VWOB,-0.0012745926392981953,0.003448378263515961,-0.0018409882689074085,0.025272316164340277,0.004722970902814157,-0.0005663956296092132
positive_beta_prior,2025-06-30,HYEM,-0.0007961967046601631,0.0052854367518158085,0.0014662238129546194,0.024652261116283682,0.006081633456475972,0.0022624205176147824
positive_beta_prior,2025-07-31,SPY,0.008319998393545776,0.01702595928567807,0.008389147877714505,0.03766783599446751,0.008705960892132296,6.914948416872867e-05
positive_beta_prior,2025-07-31,MGK,0.011079752886673596,0.005506659536577585,0.015131039432106875,0.05303530883497151,-0.005573093350096011,0.00405128654543328
positive_beta_prior,2025-07-31,VTV,0.0057055716814020194,0.03136457393982228,0.005303461497091603,0.03320229442403323,0.025659002258420265,-0.00040211018431041655
positive_beta_prior,2025-07-31,IJR,0.0004177889950951688,0.06670214284372133,-0.0006188836919225061,0.049662005152900944,0.06628435384862616,-0.001036672687017675
positive_beta_prior,2025-07-31,IWM,-0.00022771682583517123,0.06825711678016222,-0.0009551330551177176,0.051742637629581055,0.06848483360599739,-0.0007274162292825463
positive_beta_prior,2025-07-31,VNQ,0.0012715949481496719,0.031234506481848445,-0.0002846990355499148,0.04987684709143211,0.029962911533698774,-0.0015562939836995867
positive_beta_prior,2025-07-31,VNQI,-0.002689292803334492,0.03800885965747658,-0.005357420676304164,0.03947617511707962,0.04069815246081107,-0.0026681278729696715
positive_beta_prior,2025-07-31,VEA,0.003332470808845676,0.040715343672140136,0.003470039608398863,0.03721948864641325,0.03738287286329446,0.00013756879955318692
positive_beta_prior,2025-07-31,VWO,-0.0002767387030788715,0.03119670619044923,0.0005186717148428267,0.036054216963275904,0.0314734448935281,0.0007954104179216982
positive_beta_prior,2025-07-31,VSS,0.0013095035607464218,0.04570476560415426,-0.0013887307748183567,0.037007732086760795,0.04439526204340784,-0.0026982343355647785
positive_beta_prior,2025-07-31,BND,-0.0030145212979097447,0.008078120866885197,-0.0020794756310319766,0.015763698953491622,0.011092642164794941,0.0009350456668777681
positive_beta_prior,2025-07-31,IEF,-0.0038595509660083803,0.013001796164747947,-0.003115252964746338,0.0188113445662463,0.016861347130756328,0.0007442980012620421
positive_beta_prior,2025-07-31,BNDX,-0.002728189442267689,-0.002067319775812204,-0.0015371494603671234,0.012934050295972018,0.0006608696664554847,0.0011910399819005655
positive_beta_prior,2025-07-31,LQD,-0.002791063890814851,0.0069765482555901315,-0.002530665272133998,0.024242267298237502,0.009767612146404982,0.00026039861868085287
positive_beta_prior,2025-07-31,HYG,0.0002873582985856865,0.007592278645943473,0.000443778230751814,0.018241921522306765,0.007304920347357787,0.00015641993216612753
positive_beta_prior,2025-07-31,EWX,0.002420583864089447,0.059400893238615415,-0.0002726940518337712,0.03155478111388379,0.056980309374525966,-0.0026932779159232183
positive_beta_prior,2025-07-31,VWOB,-0.0011837662757825385,0.013654429789281775,-0.0010385461617745627,0.024149828649916737,0.014838196065064313,0.00014522011400797574
positive_beta_prior,2025-07-31,HYEM,-0.0006792422151125483,0.015516857251125726,0.0019006359419560662,0.021348924573960006,0.016196099466238276,0.0025798781570686145
positive_beta_prior,2025-08-29,SPY,0.008484261806604877,0.03208906394277711,0.00831342808300299,0.03969460370612953,0.02360480213617223,-0.00017083372360188719
positive_beta_prior,2025-08-29,MGK,0.010974600181954803,0.04538102472427963,0.011596743916499255,0.05234241131206723,0.03440642454232483,0.0006221437345444517
positive_beta_prior,2025-08-29,VTV,0.00618970379948542,0.019529753810910266,0.007124851033656306,0.03820718541185539,0.013340050011424846,0.0009351472341708857
positive_beta_prior,2025-08-29,IJR,0.001668437180918304,0.007030856049952794,0.003614498647633202,0.05510430876814685,0.00536241886903449,0.001946061466714898
positive_beta_prior,2025-08-29,IWM,0.0010644498459761002,0.028272862598571757,0.002825915675018529,0.05602691442555654,0.027208412752595657,0.0017614658290424287
positive_beta_prior,2025-08-29,VNQ,0.0018369329016156865,-0.002835540326792896,0.005580576226384316,0.04852303246945109,-0.004672473228408582,0.0037436433247686296
positive_beta_prior,2025-08-29,VNQI,-0.0019214031342625851,0.010131917120224765,1.1405137239169387e-05,0.042782788790070074,0.01205332025448735,0.0019328082715017545
positive_beta_prior,2025-08-29,VEA,0.0040378080326814204,0.022001068135094393,0.0050665035174873715,0.040986844999961136,0.017963260102412972,0.001028695484805951
positive_beta_prior,2025-08-29,VWO,0.00031709987981788515,0.053275426570534856,0.0017947721180275257,0.03739937127536132,0.05295832669071697,0.0014776722382096406
positive_beta_prior,2025-08-29,VSS,0.002147150014395626,0.018182193335737562,0.002302052051692978,0.04121146695088057,0.016035043321341935,0.000154902037297352
positive_beta_prior,2025-08-29,BND,-0.0028052261627249343,0.007605185555678684,-0.0011658977557656475,0.015226138811802374,0.01041041171840362,0.0016393284069592868
positive_beta_prior,2025-08-29,IEF,-0.00354141234089977,0.0030789765395491386,-0.0015400378452172865,0.018889715971999253,0.006620388880448909,0.0020013744956824835
positive_beta_prior,2025-08-29,BNDX,-0.0027157202032779626,0.0018362952066057758,-0.0016411111136392829,0.012774734307224865,0.0045520154098837385,0.0010746090896386797
positive_beta_prior,2025-08-29,LQD,-0.002606769322014757,0.015298491121950697,-0.0012717386666797116,0.024038728022087206,0.017905260443965454,0.0013350306553350454
positive_beta_prior,2025-08-29,HYG,0.00042518698438489,0.005419530370210479,0.0009972109617201732,0.020371234992486983,0.004994343385825589,0.0005720239773352833
positive_beta_prior,2025-08-29,EWX,0.0034956840409672957,0.00934001338555035,0.0035494716901010377,0.03427001093210643,0.005844329344583054,5.3787649133742003e-05
positive_beta_prior,2025-08-29,VWOB,-0.000903800312290759,0.011313877152875351,0.00030086965639290666,0.025627015882863497,0.01221767746516611,0.0012046699686836656
positive_beta_prior,2025-08-29,HYEM,-0.000373655432730694,-0.003310550556556602,0.0009841388045006634,0.023741652367114865,-0.002936895123825908,0.0013577942372313574
positive_beta_prior,2025-09-30,SPY,0.008921387772089548,0.02028375894432366,0.01413048718327541,0.033486337306649586,0.011362371172234112,0.005209099411185861
positive_beta_prior,2025-09-30,MGK,0.011611756191997856,0.04184616666398688,0.02015626808158999,0.05356299233563743,0.030234410471989027,0.008544511889592134
positive_beta_prior,2025-09-30,VTV,0.0064367417626599545,-0.007371739211896489,0.01157235975143988,0.03385596757475525,-0.013808480974556444,0.005135617988779925
positive_beta_prior,2025-09-30,IJR,0.0017677412340485724,-0.012108590721114587,0.0051809301971281925,0.04255598330986438,-0.013876331955163159,0.00341318896307962
positive_beta_prior,2025-09-30,IWM,0.0015683093413945384,0.014115453040836279,0.00499157565051645,0.04094812209693661,0.01254714369944174,0.003423266309121911
positive_beta_prior,2025-09-30,VNQ,0.00175040561960812,-0.027888055765740494,0.0048875486022967275,0.04482179843513559,-0.029638461385348612,0.0031371429826886075
positive_beta_prior,2025-09-30,VNQI,-0.0016981934999202267,-0.015995303603671296,0.000741586739004503,0.038058030779078086,-0.014297110103751069,0.0024397802389247297
positive_beta_prior,2025-09-30,VEA,0.00437046099754092,0.014158067636574012,0.010156205098615596,0.03587152137845698,0.009787606639033091,0.005785744101074676
positive_beta_prior,2025-09-30,VWO,0.0012978096333496809,0.01105958429806142,0.0034747491169836325,0.03589199137314024,0.00976177466471174,0.0021769394836339516
positive_beta_prior,2025-09-30,VSS,0.0024440952610871435,-0.004799080760367169,0.00452225356961534,0.03581162836233167,-0.007243176021454313,0.002078158308528196
positive_beta_prior,2025-09-30,BND,-0.002612440760532275,0.002537797325417923,-0.0019406928514681563,0.016395112790753102,0.005150238085950198,0.0006717479090641186
positive_beta_prior,2025-09-30,IEF,-0.003418812546817383,0.0036171952388968087,-0.002323641449169451,0.01950754468963583,0.007036007785714192,0.0010951710976479317
positive_beta_prior,2025-09-30,BNDX,-0.002631423621613449,0.006523664675198493,-0.001936132499413525,0.013570923760787217,0.009155088296811942,0.000695291122199924
positive_beta_prior,2025-09-30,LQD,-0.0022751904249042857,-0.0019813075408361414,-0.0017584042314845133,0.023034251016979358,0.0002938828840681443,0.0005167861934197724
positive_beta_prior,2025-09-30,HYG,0.0005176748248631416,-0.003581832310472044,0.0020147040930528137,0.017003405809525446,-0.004099507135335185,0.001497029268189672
positive_beta_prior,2025-09-30,EWX,0.003603912362163278,-0.003915097877319473,0.007161424650628901,0.03483342509165252,-0.007519010239482751,0.003557512288465623
positive_beta_prior,2025-09-30,VWOB,-0.000677547025898794,0.017691150240358278,0.001127281120101339,0.023539601315210486,0.018368697266257072,0.001804828146000133
positive_beta_prior,2025-09-30,HYEM,-0.0004280423794682108,0.00027660203614199297,0.0005614882267374504,0.022042115999921875,0.0007046444156102037,0.0009895306062056612
positive_beta_prior,2025-10-31,SPY,0.00912797633885744,-0.001039617729681419,0.012520221759128008,0.040028728924048525,-0.010167594068538859,0.0033922454202705687
positive_beta_prior,2025-10-31,MGK,0.01216147274603402,-0.018174122322586972,0.015369218624042672,0.05595537235157345,-0.03033559506862099,0.0032077458780086516
positive_beta_prior,2025-10-31,VTV,0.006185678472213474,0.02234958180665636,0.009063772097574682,0.03536768340029826,0.016163903334442887,0.002878093625361208
positive_beta_prior,2025-10-31,IJR,0.0015154442894092421,0.022999546830901885,0.007321627183616765,0.05194512176456513,0.021484102541492644,0.005806182894207522
positive_beta_prior,2025-10-31,IWM,0.0017964392268389336,0.007219933427264902,0.007089535945912114,0.05252074008812203,0.005423494200425968,0.005293096719073181
positive_beta_prior,2025-10-31,VNQ,0.0012115245035108726,0.02116455054555555,0.005785089522113819,0.044774655235699186,0.019953026042044675,0.004573565018602947
positive_beta_prior,2025-10-31,VNQI,-0.0019581409563520645,0.011398276316832767,0.0023165131916698775,0.04176034425329032,0.013356417273184831,0.004274654148021942
positive_beta_prior,2025-10-31,VEA,0.004548417481886976,0.006662577508105283,0.006236885884537377,0.038661640239436225,0.0021141600262183065,0.0016884684026504003
positive_beta_prior,2025-10-31,VWO,0.0014752964454353488,-0.015135981764385575,0.006429295411296811,0.03436875836421971,-0.016611278209820925,0.004953998965861461
positive_beta_prior,2025-10-31,VSS,0.0023124011516061564,0.006820955763576553,0.005122257008308314,0.03863763073508025,0.004508554611970396,0.0028098558567021576
positive_beta_prior,2025-10-31,BND,-0.002518800068060453,0.00297114143881938,-0.0012314479461737883,0.01587882339112481,0.005489941506879833,0.0012873521218866647
positive_beta_prior,2025-10-31,IEF,-0.0032908851325316704,0.00686801303321638,-0.001770446733461653,0.019179439778327395,0.01015889816574805,0.0015204383990700175
positive_beta_prior,2025-10-31,BNDX,-0.002464967470762323,-0.004807659780811324,-0.0010633647205330568,0.013335457023518559,-0.002342692310049001,0.0014016027502292661
positive_beta_prior,2025-10-31,LQD,-0.00226984709973941,0.006300096794094712,-0.0011286259281843307,0.023623837129141914,0.008569943893834121,0.0011412211715550794
positive_beta_prior,2025-10-31,HYG,0.000443138331493411,0.004457641722011463,0.002168355692041867,0.020043384533337382,0.004014503390518052,0.001725217360548456
positive_beta_prior,2025-10-31,EWX,0.0034672030850817735,-0.016176668191666965,0.006425646993244756,0.03211994313500589,-0.01964387127674874,0.002958443908162982
positive_beta_prior,2025-10-31,VWOB,-0.0003435707119668472,0.0006545758910070365,0.0014230116589045447,0.024811491339596824,0.0009981466029738836,0.0017665823708713918
positive_beta_prior,2025-10-31,HYEM,-0.0004152306628207526,-0.0021992661278306125,0.0018506127977647438,0.022395575143774438,-0.0017840354650098598,0.0022658434605854964
positive_beta_prior,2025-11-28,SPY,0.008946412159062103,-0.0024606389596457667,0.010485469383530446,0.038572931088501315,-0.01140705111870787,0.0015390572244683431
positive_beta_prior,2025-11-28,MGK,0.011619765691237216,-0.006014656315694422,0.015061509468842106,0.053658918741548906,-0.01763442200693164,0.0034417437776048908
positive_beta_prior,2025-11-28,VTV,0.006474319603185668,0.004591005630098177,0.008871055192540457,0.032493892559328795,-0.001883313973087491,0.0023967355893547886
positive_beta_prior,2025-11-28,IJR,0.0018990889776501821,-0.0043423583691276635,0.007384682063930945,0.050212896853845196,-0.006241447346777846,0.0054855930862807625
positive_beta_prior,2025-11-28,IWM,0.0018932873375608259,-0.010325989693845572,0.007055138433957045,0.051177527600843,-0.012219277031406397,0.0051618510963962186
positive_beta_prior,2025-11-28,VNQ,0.0015678285399759562,-0.02554537559841752,0.004039753911555198,0.04413587509576427,-0.027113204138393476,0.0024719253715792416
positive_beta_prior,2025-11-28,VNQI,-0.0017196335050451924,0.0008944661826628675,-0.0013660493451289437,0.03738997286910734,0.0026140996877080597,0.00035358415991624875
positive_beta_prior,2025-11-28,VEA,0.004586170339498018,0.02842462799248069,0.005909271897532266,0.03576930441546498,0.023838457652982672,0.0013231015580342483
positive_beta_prior,2025-11-28,VWO,0.0011786664774028324,0.006231798598067773,0.0033031522453470987,0.03484020160048877,0.00505313212066494,0.002124485767944266
positive_beta_prior,2025-11-28,VSS,0.002392911055391342,0.01745648547983225,0.0009530028557801519,0.036124522469203245,0.01506357442444091,-0.00143990819961119
positive_beta_prior,2025-11-28,BND,-0.002420765398294742,-0.00624728267814989,-0.0008503918870163558,0.014548810210045103,-0.0038265172798551484,0.001570373511278386
positive_beta_prior,2025-11-28,IEF,-0.003109476236714741,-0.010842523271658244,-0.001080517993374709,0.016938728859371546,-0.007733047034943503,0.002028958243340032
positive_beta_prior,2025-11-28,BNDX,-0.002506801262013198,-0.00843043234441343,-0.0007975930877113062,0.011836761012859194,-0.005923631082400232,0.0017092081743018918
positive_beta_prior,2025-11-28,LQD,-0.0021168123873495153,-0.010606184040828248,-0.00043566147796796593,0.02218904699483515,-0.008489371653478732,0.0016811509093815494
positive_beta_prior,2025-11-28,HYG,0.0005148258920383762,0.0016540803164204476,0.0019005080259882861,0.018170626551199248,0.0011392544243820713,0.0013856821339499098
positive_beta_prior,2025-11-28,EWX,0.003116419669425546,0.005526301936131128,0.0029925485914910873,0.031096972385869042,0.0024098822667055824,-0.0001238710779344586
positive_beta_prior,2025-11-28,VWOB,-0.00032574666548517074,-0.0012631324755422169,0.0018096830082018815,0.023141020481719062,-0.0009373858100570462,0.002135429673687052
positive_beta_prior,2025-11-28,HYEM,-0.000447088438981643,0.006456216930834868,0.0011672016980544125,0.02069456233588616,0.006903305369816511,0.0016142901370360555
positive_beta_prior,2025-12-31,SPY,0.008746288455225123,0.011594066475381304,0.010969714723102354,0.03469162472487722,0.002847778020156181,0.0022234262678772314
positive_beta_prior,2025-12-31,MGK,0.011310389866554206,-0.01981088189923419,0.013591057106107151,0.04671735861650043,-0.031121271765788397,0.0022806672395529453
positive_beta_prior,2025-12-31,VTV,0.00644127900716659,0.04262615110326995,0.008563030236818802,0.03174048565555,0.03618487209610336,0.002121751229652212
positive_beta_prior,2025-12-31,IJR,0.0017895899013909218,0.05372327844739844,0.006715524795448381,0.04679144076572246,0.051933688546007516,0.00492593489405746
positive_beta_prior,2025-12-31,IWM,0.0016789140563080822,0.05153392029332182,0.008056657370266113,0.04725074508279816,0.04985500623701374,0.0063777433139580305
positive_beta_prior,2025-12-31,VNQ,0.0010921582919339653,0.0229258613639709,0.0007689749449453684,0.040664806339645566,0.021833703072036935,-0.0003231833469885968
positive_beta_prior,2025-12-31,VNQI,-0.0016737721070152263,0.04257155181000494,0.00011152503893292927,0.03643586470334067,0.044245323917020164,0.0017852971459481556
positive_beta_prior,2025-12-31,VEA,0.005004388894813503,0.05642561347994279,0.008416319644784405,0.03567827162393117,0.051421224585129294,0.003411930749970902
positive_beta_prior,2025-12-31,VWO,0.0012673179181162523,0.04715510460279937,0.004034528363626545,0.03281355377495799,0.045887786684683116,0.0027672104455102923
positive_beta_prior,2025-12-31,VSS,0.002657184290907849,0.06068200468583562,0.00512161590672397,0.03664088506910708,0.058024820394927776,0.0024644316158161208
positive_beta_prior,2025-12-31,BND,-0.0024878972803974637,-0.0009446630105405251,-0.0013415041244643653,0.012914377626312146,0.0015432342698569385,0.0011463931559330984
positive_beta_prior,2025-12-31,IEF,-0.003245143728555855,-0.005378931439972923,-0.0018657517579368042,0.015361513044620712,-0.0021337877114170675,0.001379391970619051
positive_beta_prior,2025-12-31,BNDX,-0.0026107246143360087,0.002059820670583523,-0.0018952872719982554,0.010721336491112576,0.004670545284919532,0.0007154373423377534
positive_beta_prior,2025-12-31,LQD,-0.0022657487321473876,0.0003398451129934532,-0.0005567815171787982,0.019795453387929922,0.002605593845140841,0.0017089672149685894
positive_beta_prior,2025-12-31,HYG,0.0005348128117643775,0.0029604455586125233,0.0012582733891903551,0.017061704981284825,0.002425632746848146,0.0007234605774259777
positive_beta_prior,2025-12-31,EWX,0.0031586983056835385,0.02711570928152862,0.004399400409065309,0.029670677079538882,0.023957010975845083,0.0012407021033817704
positive_beta_prior,2025-12-31,VWOB,-0.0003421920305738908,0.0003023714262653243,0.0018010383815667379,0.021515856263801703,0.0006445634568392151,0.002143230412140629
positive_beta_prior,2025-12-31,HYEM,-0.00032597781845854624,0.01193825183971775,0.0023322457326891448,0.018919879621632413,0.012264229658176296,0.002658223551147691
positive_beta_prior,2026-01-30,SPY,0.0087953880762623,-0.011463064459755201,0.011477786338200662,0.027703639699966566,-0.0202584525360175,0.0026823982619383624
positive_beta_prior,2026-01-30,MGK,0.010773816215419922,-0.049282081977910286,0.010343693624086402,0.0384026482557867,-0.06005589819333021,-0.00043012259133352014
positive_beta_prior,2026-01-30,VTV,0.00706515611227182,0.03464425383897951,0.010580953091414238,0.023527120508941398,0.02757909772670769,0.003515796979142418
positive_beta_prior,2026-01-30,IJR,0.002684998324597948,0.018113075612949725,0.004507150880091728,0.03824842706458406,0.015428077288351777,0.0018221525554937804
positive_beta_prior,2026-01-30,IWM,0.0025384831293600433,0.003913446654500996,0.004805580434617143,0.043599732052356954,0.0013749635251409527,0.0022670973052570996
positive_beta_prior,2026-01-30,VNQ,0.0014686014483483952,0.05085567147315495,0.0009450609980777364,0.03650037914643729,0.04938707002480656,-0.0005235404502706588
positive_beta_prior,2026-01-30,VNQI,-0.0009109216946528097,0.05477043858428532,0.005335071758148619,0.028401253186324475,0.05568136027893813,0.006245993452801428
positive_beta_prior,2026-01-30,VEA,0.005890961732488146,0.05800790565870817,0.013632440534539037,0.026815215265831523,0.05211694392622002,0.007741478802050891
positive_beta_prior,2026-01-30,VWO,0.0020584866540590647,0.025936988754007295,0.008192189787229652,0.02846254105217953,0.02387850209994823,0.006133703133170587
positive_beta_prior,2026-01-30,VSS,0.003657612228751431,0.046521625760379104,0.008395504650500908,0.02758169500824723,0.04286401353162767,0.004737892421749477
positive_beta_prior,2026-01-30,BND,-0.002461289792986137,0.013125538032234596,-0.0013615921860629261,0.011689588097774307,0.015586827825220733,0.0010996976069232109
positive_beta_prior,2026-01-30,IEF,-0.0032819331718561494,0.02178389001983616,-0.0028122537306215483,0.014277918636331438,0.02506582319169231,0.00046967944123460113
positive_beta_prior,2026-01-30,BNDX,-0.0025301979714925688,0.01242298193585456,-0.002176597650167697,0.009271969246432405,0.014953179907347128,0.0003536003213248716
positive_beta_prior,2026-01-30,LQD,-0.0022208247003346147,0.010894680719308658,-0.0011860476322161676,0.017322604861117058,0.013115505419643273,0.001034777068118447
positive_beta_prior,2026-01-30,HYG,0.0005766340660203799,-0.0028581418854923824,0.002652326244581811,0.012980312305344247,-0.0034347759515127624,0.002075692178561431
positive_beta_prior,2026-01-30,EWX,0.003571750219060178,0.03253007863200175,0.005432866364997147,0.023443706470444848,0.02895832841294157,0.001861116145936969
positive_beta_prior,2026-01-30,VWOB,-0.0003310788675249388,0.012410830018970698,0.0025458446212319346,0.0175446139401543,0.012741908886495637,0.0028769234887568735
positive_beta_prior,2026-01-30,HYEM,-0.00011452558297274804,0.006343486373523,0.002869209086701866,0.015988072073209358,0.006458011956495748,0.002983734669674614
positive_beta_prior,2026-02-27,SPY,0.008452024473956918,-0.05236481425659356,0.007652291654229965,0.037512706095522194,-0.06081683873055048,-0.000799732819726953
positive_beta_prior,2026-02-27,MGK,0.009755919635871952,-0.05256666804441845,0.008093092534039784,0.050781535476506316,-0.062322587680290406,-0.001662827101832168
positive_beta_prior,2026-02-27,VTV,0.0075325984466227975,-0.05111916666844174,0.008402391988318922,0.03403735916821524,-0.058651765115064536,0.0008697935416961244
positive_beta_prior,2026-02-27,IJR,0.0029464911599937408,-0.0430573291552121,0.002129936176282385,0.04826034389591791,-0.04600382031520584,-0.0008165549837113556
positive_beta_prior,2026-02-27,IWM,0.002561787595887856,-0.052595723393065286,0.00198497446686578,0.04996293422138611,-0.05515751098895314,-0.0005768131290220758
positive_beta_prior,2026-02-27,VNQ,0.002305670431819693,-0.066081450572396,0.0045784645372915905,0.0465569191946348,-0.06838712100421569,0.0022727941054718976
positive_beta_prior,2026-02-27,VNQI,3.283017448173479e-05,-0.1261996923521307,0.004753910693451524,0.037562469438633186,-0.12623252252661243,0.004721080518969789
positive_beta_prior,2026-02-27,VEA,0.006774299765135943,-0.0890166153043781,0.011930270018869864,0.03598228338645896,-0.09579091506951404,0.005155970253733921
positive_beta_prior,2026-02-27,VWO,0.0024632070286344583,-0.07262882161942752,0.010053078212268349,0.03396423319662206,-0.07509202864806198,0.007589871183633891
positive_beta_prior,2026-02-27,VSS,0.004384120932677324,-0.09195775776152426,0.009523527816399875,0.0368787329115051,-0.09634187869420159,0.005139406883722551
positive_beta_prior,2026-02-27,BND,-0.0021971062705247687,-0.020459273388676813,-0.0005652921336614779,0.014794118424352687,-0.018262167118152043,0.0016318141368632908
positive_beta_prior,2026-02-27,IEF,-0.0028570887109800086,-0.02626946195927571,-0.0008743395386507234,0.01788548227774738,-0.0234123732482957,0.001982749172329285
positive_beta_prior,2026-02-27,BNDX,-0.002276754244249397,-0.02445812349945309,-0.001377942445047186,0.012014966598224496,-0.02218136925520369,0.0008988117992022109
positive_beta_prior,2026-02-27,LQD,-0.0019985279983067627,-0.02380357071815431,-0.0003938960906550062,0.021989267375735692,-0.021805042719847546,0.0016046319076517565
positive_beta_prior,2026-02-27,HYG,0.0005184175244693163,-0.01264655652256541,0.0012155965055131264,0.017471881473016267,-0.013164974047034726,0.0006971789810438101
positive_beta_prior,2026-02-27,EWX,0.004062569344703256,-0.05906694056130268,0.006844696437963971,0.029502903662624404,-0.06312950990600594,0.002782127093260715
positive_beta_prior,2026-02-27,VWOB,-0.0001151143101267077,-0.03742886388704314,0.0019227487124619334,0.023087689102766464,-0.03731374957691643,0.002037863022588641
positive_beta_prior,2026-02-27,HYEM,-5.067753201633674e-06,-0.024402651519384255,0.002470552868623681,0.02064037017787865,-0.02439758376618262,0.0024756206218253143
positive_beta_prior,2026-03-31,SPY,0.00743841049511441,0.10158469057343722,0.009146389868783666,0.03374189333645672,0.0941462800783228,0.0017079793736692562
positive_beta_prior,2026-03-31,MGK,0.008717209841200446,0.13945658747726553,0.012039098594922849,0.049405243755186706,0.13073937763606508,0.0033218887537224025
positive_beta_prior,2026-03-31,VTV,0.006555069028038389,0.0506170669983208,0.005515639093165159,0.03108396867888294,0.044061997970282415,-0.0010394299348732297
positive_beta_prior,2026-03-31,IJR,0.002179760821406977,0.09942684130728341,-0.0014681758467256795,0.043902186788041024,0.09724708048587644,-0.0036479366681326565
positive_beta_prior,2026-03-31,IWM,0.0016424957460719702,0.11732924859591698,-0.00048589543416815983,0.04585171422899678,0.115686752849845,-0.00212839118024013
positive_beta_prior,2026-03-31,VNQ,0.0011658850817494312,0.08261211567781301,0.00357434112999915,0.04351253046732128,0.08144623059606358,0.0024084560482497187
positive_beta_prior,2026-03-31,VNQI,-0.0020710452009618054,0.05920759938488018,0.0015541922295326076,0.037827784625556374,0.061278644585841986,0.003625237430494413
positive_beta_prior,2026-03-31,VEA,0.005177784513977376,0.07028850576993428,0.00821408116859116,0.03374861990529259,0.0651107212559569,0.003036296654613784
positive_beta_prior,2026-03-31,VWO,0.0012116732178334255,0.08686516780484332,0.007353851404983884,0.032412384268371515,0.0856534945870099,0.006142178187150458
positive_beta_prior,2026-03-31,VSS,0.002778422954440631,0.08096490152679459,0.00556733055100098,0.035060645585929286,0.07818647857235396,0.0027889075965603486
positive_beta_prior,2026-03-31,BND,-0.0025014757224939696,-0.001644084190784434,-0.0009712625967404538,0.013227633095527144,0.0008573915317095357,0.0015302131257535158
positive_beta_prior,2026-03-31,IEF,-0.003247294931784937,-0.004636900424381141,-0.0017906115094514096,0.016066838751178855,-0.0013896054925962038,0.0014566834223335274
positive_beta_prior,2026-03-31,BNDX,-0.002646443731836125,-0.0008092670395931645,-0.0010779614379856,0.011797125959909543,0.0018371766922429607,0.0015684822938505252
positive_beta_prior,2026-03-31,LQD,-0.0023619453769708884,-0.0003280238707080718,-0.0003912094664709929,0.01965597308287563,0.0020339215062628166,0.0019707359104998955
positive_beta_prior,2026-03-31,HYG,0.00029900129035207075,0.012020620280474459,0.0013909011519722399,0.01586603931402832,0.011721618990122388,0.0010918998616201692
positive_beta_prior,2026-03-31,EWX,0.003010410846269823,0.10571433591391832,0.006820090921379839,0.029326026856592483,0.1027039250676485,0.0038096800751100156
positive_beta_prior,2026-03-31,VWOB,-0.0007370101364086482,0.020791542317250666,0.0014263999663249622,0.02145951423416936,0.021528552453659314,0.0021634101027336104
positive_beta_prior,2026-03-31,HYEM,-0.0004116941493046774,0.022278894658412263,0.0003572366319137586,0.01936232244109949,0.02269058880771694,0.000768930781218436
positive_beta_prior,2026-04-30,SPY,0.008981792135742652,0.049483664963993146,0.0081725237384626,0.04190951104961348,0.04050187282825049,-0.0008092683972800527
positive_beta_prior,2026-04-30,MGK,0.010860478327037579,0.08330425574857636,0.007816634768447909,0.05992857109738322,0.07244377742153878,-0.0030438435585896702
positive_beta_prior,2026-04-30,VTV,0.0072773968636167885,0.021460679046998887,0.007988481154993204,0.034417107918965684,0.0141832821833821,0.0007110842913764159
positive_beta_prior,2026-04-30,IJR,0.0037739752556016724,0.008359592272450422,0.003397708507671712,0.052431857381464775,0.00458561701684875,-0.00037626674792996025
positive_beta_prior,2026-04-30,IWM,0.0035389998911513967,0.04170616807391436,0.0046797087899245,0.05465953247335279,0.038167168182762966,0.0011407088987731035
positive_beta_prior,2026-04-30,VNQ,0.002501069189881621,-0.009505527770350963,0.004212445928214124,0.04774067572497812,-0.012006596960232584,0.001711376738332503
positive_beta_prior,2026-04-30,VNQI,-0.0010664772569316092,-0.02873894096208207,0.0015297807988716133,0.044408471226806294,-0.027672463705150464,0.0025962580558032224
positive_beta_prior,2026-04-30,VEA,0.006245173387025849,0.04005467192775236,0.008979373188646167,0.03979237085557192,0.03380949854072651,0.0027341998016203175
positive_beta_prior,2026-04-30,VWO,0.002615828866800801,0.013087733301134774,0.007112448345302745,0.03955970631513039,0.010471904434333972,0.004496619478501944
positive_beta_prior,2026-04-30,VSS,0.00406016850480709,0.0153673341636833,0.006283487510529525,0.04228901968971799,0.01130716565887621,0.002223319005722435
positive_beta_prior,2026-04-30,BND,-0.0024874201236134855,-0.00023588979226363271,-0.0013159487813824316,0.015593302056881263,0.002251530331349853,0.001171471342231054
positive_beta_prior,2026-04-30,IEF,-0.00327007534969635,-0.0031745273257528517,-0.001847123977306115,0.01833118510161246,9.554802394349821e-05,0.001422951372390235
positive_beta_prior,2026-04-30,BNDX,-0.002616326081143618,0.005188840393763217,-0.002183142507605727,0.0130520433947184,0.007805166474906835,0.00043318357353789097
positive_beta_prior,2026-04-30,LQD,-0.002328602401458383,0.005612799118414058,-0.0009464611405292148,0.023092525994069597,0.007941401519872441,0.0013821412609291682
positive_beta_prior,2026-04-30,HYG,0.0004911589787147328,0.0013666068307942592,0.001901938301378075,0.01921094147570058,0.0008754478520795263,0.0014107793226633423
positive_beta_prior,2026-04-30,EWX,0.004694081749018159,0.01835836502980981,0.005987203557430326,0.035977232595532815,0.01366428328079165,0.0012931218084121666
positive_beta_prior,2026-04-30,VWOB,-0.0003840830470043972,0.006564291011867507,0.0010267947599816945,0.024875563324893046,0.006948374058871904,0.0014108778069860917
positive_beta_prior,2026-04-30,HYEM,-3.971728360439966e-05,0.00658729224447252,0.001438440703948506,0.022325933381134044,0.0066270095280769195,0.0014781579875529057
