variant,window_date,asset_id,target_winsorize_quantile,lower,upper,n_train,n_low_clipped,n_high_clipped,mean_before,mean_after,std_before,std_after
positive_beta_prior,2025-05-30,SPY,0.025,-0.08726527334812433,0.08446765295752373,50,2,2,0.007317202496114117,0.007339403368090969,0.04660963933841646,0.045970582363146675
positive_beta_prior,2025-05-30,MGK,0.025,-0.10416989711604145,0.10925584300961604,50,2,2,0.009610770673104944,0.009747712614271889,0.06085175929764698,0.05849293077971653
positive_beta_prior,2025-05-30,VTV,0.025,-0.07713522345481458,0.06779536033368339,50,2,2,0.005312478651329571,0.0044816861956759315,0.04217156432394841,0.03987973604161661
positive_beta_prior,2025-05-30,IJR,0.025,-0.08563774401576346,0.11672419784623056,50,2,2,-0.00041575730887501996,-0.0002863624086361738,0.059575209762081326,0.05870507828424886
positive_beta_prior,2025-05-30,IWM,0.025,-0.09821346086358855,0.107895051081342,50,2,2,-0.0015216367751140637,-0.0016562074375116543,0.06076574683985708,0.06035695067754809
positive_beta_prior,2025-05-30,VNQ,0.025,-0.08648593999131485,0.09909533690081578,50,2,2,0.0013147227365438608,0.0018744869906895012,0.05871827671593424,0.056310026873890556
positive_beta_prior,2025-05-30,VNQI,0.025,-0.07533415829578688,0.08614004981187844,50,2,2,-0.003141402592921254,-0.003076607317609481,0.04894271164589665,0.044889809103554563
positive_beta_prior,2025-05-30,VEA,0.025,-0.08735504638316614,0.08536921538218274,50,2,2,0.003213867729195683,0.0028618586600218945,0.04620801201923399,0.04370442612376286
positive_beta_prior,2025-05-30,VWO,0.025,-0.06851026555774681,0.07683995962994035,50,2,2,-0.0013812432635037686,-0.0019453218656385763,0.04203746163569985,0.036862049209069984
positive_beta_prior,2025-05-30,VSS,0.025,-0.09835252091975812,0.08747508198409755,50,2,2,0.00044890942076046157,0.00036867291498190015,0.046586508315900846,0.04471141964770796
positive_beta_prior,2025-05-30,BND,0.025,-0.03805091226577877,0.032517856130827444,50,2,2,-0.003237055002469442,-0.0032357666368484903,0.01930066011193847,0.018589582790835706
positive_beta_prior,2025-05-30,IEF,0.025,-0.042440195103160785,0.03312834601472145,50,2,2,-0.0040674968930327,-0.0040642338640520465,0.022985665875243404,0.022404478704243478
positive_beta_prior,2025-05-30,BNDX,0.025,-0.0314189590767589,0.02917279853722323,50,2,2,-0.0027348125869511297,-0.002626201685329229,0.015916552039829987,0.015556831680722243
positive_beta_prior,2025-05-30,LQD,0.025,-0.058761828738526124,0.05923841175240195,50,2,2,-0.003152480733546488,-0.0032054403947359,0.029857848780693245,0.028643832070665336
positive_beta_prior,2025-05-30,HYG,0.025,-0.04467685728209108,0.0414939051171181,50,2,2,5.2760762575032596e-05,8.246973837644985e-05,0.023523287034608542,0.020789378982418127
positive_beta_prior,2025-05-30,EWX,0.025,-0.06734897180660158,0.07172199447801583,50,2,2,0.0014349156952656505,0.0012449705749517975,0.036683836446088615,0.03376178047017875
positive_beta_prior,2025-05-30,VWOB,0.025,-0.06460920266144177,0.054859912023523166,50,2,2,-0.001725584997727383,-0.0024695019937024353,0.03034204982138476,0.028248277179645925
positive_beta_prior,2025-05-30,HYEM,0.025,-0.05627624559546076,0.04029080966065103,50,2,2,-0.0011012187111369331,-0.0021742556986076396,0.026317882165175485,0.022269142126886538
positive_beta_prior,2025-06-30,SPY,0.025,-0.08714760532674351,0.08425885671188887,51,2,2,0.008108926350340292,0.008127118255248813,0.04648631486148372,0.04583438381864712
positive_beta_prior,2025-06-30,MGK,0.025,-0.10375356768113625,0.10905039647662063,51,2,2,0.010605593481912853,0.010748120204700437,0.060657655501128116,0.05829028935294536
positive_beta_prior,2025-06-30,VTV,0.025,-0.07681456968279954,0.0676055459303368,51,2,2,0.005859941643768946,0.0050505701918994355,0.04193038901454367,0.039645159965111636
positive_beta_prior,2025-06-30,IJR,0.025,-0.0855947639001039,0.11639831454011307,51,2,2,0.0003246960305295518,0.00044045953309869787,0.05921303348395246,0.058325019572299366
positive_beta_prior,2025-06-30,IWM,0.025,-0.0981241647021941,0.10785482916108319,51,2,2,-0.0004823898487730129,-0.0006123973906868998,0.06061112284139657,0.060203140056139484
positive_beta_prior,2025-06-30,VNQ,0.025,-0.08641594993423296,0.09902804266468429,51,2,2,0.0013546316736564024,0.0019035258765815542,0.058128827004899894,0.05573533590143174
positive_beta_prior,2025-06-30,VNQI,0.025,-0.07526196842213767,0.08583710537496886,51,2,2,-0.0022727694219576216,-0.0022182938407994276,0.04884630943744813,0.04483973207065341
positive_beta_prior,2025-06-30,VEA,0.025,-0.08674493576157294,0.08529555865697819,51,2,2,0.003744122309134855,0.003420052786273834,0.0459000700780636,0.04337848281130559
positive_beta_prior,2025-06-30,VWO,0.025,-0.068348656951774,0.0765852220900668,51,2,2,-0.0003407857045992409,-0.000897456057041238,0.0422731045191081,0.03722324466700142
positive_beta_prior,2025-06-30,VSS,0.025,-0.09758830399647289,0.0873428993598872,51,2,2,0.001514017952864879,0.001460140370692755,0.04674135179227695,0.04483491908079468
positive_beta_prior,2025-06-30,BND,0.025,-0.03779971619920536,0.03247067578448526,51,2,2,-0.002946087753866084,-0.002936824033836475,0.01921933739932757,0.01849706358587008
positive_beta_prior,2025-06-30,IEF,0.025,-0.04239288622692397,0.03311864051318553,51,2,2,-0.0037435755512500533,-0.0037389018610846712,0.022871930304032898,0.022295638876517834
positive_beta_prior,2025-06-30,BNDX,0.025,-0.03140729068578063,0.02912592244292611,51,2,2,-0.0026838969495620742,-0.00257879636770997,0.015760777543273402,0.015399681752791312
positive_beta_prior,2025-06-30,LQD,0.025,-0.05836762087988334,0.05885908499606779,51,2,2,-0.0027526165445376795,-0.0028039542083583345,0.02969538299107734,0.028436263896572563
positive_beta_prior,2025-06-30,HYG,0.025,-0.04460297032834942,0.04120730734597744,51,2,2,0.0003421210937805751,0.000362905939962396,0.023378373162377557,0.020654337052241865
positive_beta_prior,2025-06-30,EWX,0.025,-0.06723265420701521,0.07131735210646978,51,2,2,0.002395697528289611,0.0021981699682972183,0.03695765100137487,0.03408245919988864
positive_beta_prior,2025-06-30,VWOB,0.025,-0.06451743560154605,0.05452557926539048,51,2,2,-0.0012745926392981953,-0.0020134354078320494,0.030209274852130506,0.02812623339296315
positive_beta_prior,2025-06-30,HYEM,0.025,-0.055945185555778904,0.04027979747884619,51,2,2,-0.0007961967046601631,-0.001835642854812737,0.026144277822748356,0.022134681427403713
positive_beta_prior,2025-07-31,SPY,0.025,-0.0870299373053627,0.08405006046625402,52,2,2,0.008319998393545776,0.008334335522427055,0.046053469308444485,0.04538485966273094
positive_beta_prior,2025-07-31,MGK,0.025,-0.10333723824623105,0.10884494994362522,52,2,2,0.011079752886673596,0.011227649591788718,0.06015727754500016,0.05776996723055972
positive_beta_prior,2025-07-31,VTV,0.025,-0.07649391591078449,0.06741573152699021,52,2,2,0.0057055716814020194,0.004916797348555711,0.04153219245869116,0.03922931161361646
positive_beta_prior,2025-07-31,IJR,0.025,-0.08555178378444434,0.11607243123399558,52,2,2,0.0004177889950951688,0.0005204453845203725,0.05863348266258403,0.05772596842796
positive_beta_prior,2025-07-31,IWM,0.025,-0.09803486854079964,0.10781460724082438,52,2,2,-0.00022771682583517123,-0.000353336751899343,0.06004204653297472,0.05963023142301081
positive_beta_prior,2025-07-31,VNQ,0.025,-0.08634595987715107,0.0989607484285528,52,2,2,0.0012715949481496719,0.0018100371787474307,0.057559229894356266,0.05518129903605207
positive_beta_prior,2025-07-31,VNQI,0.025,-0.07518977854848846,0.08553416093805928,52,2,2,-0.002689292803334492,-0.002644740005016278,0.04845822889781614,0.04447173696425047
positive_beta_prior,2025-07-31,VEA,0.025,-0.08613482513997973,0.08522190193177363,52,2,2,0.003332470808845676,0.003035266234362316,0.045544682113617126,0.04299520542561085
positive_beta_prior,2025-07-31,VWO,0.025,-0.0681870483458012,0.07633048455019324,52,2,2,-0.0002767387030788715,-0.0008262857385085506,0.041859158539873306,0.03682789109721904
positive_beta_prior,2025-07-31,VSS,0.025,-0.09682408707318767,0.08721071673567686,52,2,2,0.0013095035607464218,0.001280971097426642,0.04630432607636206,0.04434088101035029
positive_beta_prior,2025-07-31,BND,0.025,-0.03754852013263194,0.032423495438143074,52,2,2,-0.0030145212979097447,-0.002997588967871811,0.019036377053321743,0.018299268242266745
positive_beta_prior,2025-07-31,IEF,0.025,-0.042345577350687155,0.033108935011649604,52,2,2,-0.0038595509660083803,-0.003853520870857683,0.022662022294724343,0.022087960328561803
positive_beta_prior,2025-07-31,BNDX,0.025,-0.03139562229480236,0.02907904634862899,52,2,2,-0.002728189442267689,-0.0026264641678865426,0.015608763374469424,0.01524692580515943
positive_beta_prior,2025-07-31,LQD,0.025,-0.05797341302124056,0.05847975823973363,52,2,2,-0.002791063890814851,-0.002840841941780932,0.02940411760267529,0.02809444894957646
positive_beta_prior,2025-07-31,HYG,0.025,-0.044529083374607765,0.04092070957483678,52,2,2,0.0002873582985856865,0.00029956225090251097,0.023151406952460717,0.020425936647801315
positive_beta_prior,2025-07-31,EWX,0.025,-0.06711633660742884,0.07091270973492372,52,2,2,0.002420583864089447,0.0022157654967138434,0.03659396736937124,0.03370549681758499
positive_beta_prior,2025-07-31,VWOB,0.025,-0.06442566854165033,0.05419124650725779,52,2,2,-0.0011837662757825385,-0.0019177299794690865,0.029918809035243236,0.02782483414105106
positive_beta_prior,2025-07-31,HYEM,0.025,-0.05561412551609704,0.04026878529704135,52,2,2,-0.0006792422151125483,-0.0016863894832284563,0.025900427029114593,0.021905979025742695
positive_beta_prior,2025-08-29,SPY,0.025,-0.0869122692839819,0.08384126422061912,53,2,2,0.008484261806604877,0.008494889622705221,0.04562417280319489,0.04493911070129377
positive_beta_prior,2025-08-29,MGK,0.025,-0.10292090881132585,0.10863950341062974,53,2,2,0.010974600181954803,0.011127664228554912,0.05958095227803428,0.05717171306356825
positive_beta_prior,2025-08-29,VTV,0.025,-0.07617326213876945,0.06722591712364355,53,2,2,0.00618970379948542,0.005420749335887849,0.041281639516650696,0.03898232199764408
positive_beta_prior,2025-08-29,IJR,0.025,-0.08550880366878477,0.11574654792787799,53,2,2,0.001668437180918304,0.0017584810652427289,0.05877644525994583,0.05785928452632586
positive_beta_prior,2025-08-29,IWM,0.025,-0.09794557237940518,0.10777438532056555,53,2,2,0.0010644498459761002,0.0009430519653522203,0.06020143966458232,0.05979291775422946
positive_beta_prior,2025-08-29,VNQ,0.025,-0.08627596982006917,0.09889345419242132,53,2,2,0.0018369329016156865,0.002365317573936145,0.05715147705610083,0.05478847602144667
positive_beta_prior,2025-08-29,VNQI,0.025,-0.07511758867483924,0.0852312165011496,53,2,2,-0.0019214031342625851,-0.0018863986741488822,0.04831453143136226,0.04436715983532329
positive_beta_prior,2025-08-29,VEA,0.025,-0.08552471451838653,0.08514824520656906,53,2,2,0.0040378080326814204,0.0037664546349388257,0.045395978549888576,0.04283877447405888
positive_beta_prior,2025-08-29,VWO,0.025,-0.0680254397398284,0.07607574701031963,53,2,2,0.00031709987981788515,-0.00022559264301503831,0.04167953159907015,0.03670446902149634
positive_beta_prior,2025-08-29,VSS,0.025,-0.09605987014990244,0.08707853411146646,53,2,2,0.002147150014395626,0.0021430062503488547,0.0462606272698465,0.04425923725431128
positive_beta_prior,2025-08-29,BND,0.025,-0.037297324066058526,0.03237631509180087,53,2,2,-0.0028052261627249343,-0.002780914604188426,0.01891392003224625,0.01816428074921706
positive_beta_prior,2025-08-29,IEF,0.025,-0.04229826847445034,0.03309922951011368,53,2,2,-0.00354141234089977,-0.0035340770258575427,0.022562251814141464,0.021992899453029954
positive_beta_prior,2025-08-29,BNDX,0.025,-0.03138395390382409,0.02903217025433186,53,2,2,-0.0027157202032779626,-0.002617242866274531,0.015458217074438058,0.015095166823000637
positive_beta_prior,2025-08-29,LQD,0.025,-0.05757920516259778,0.05810043148339936,53,2,2,-0.002606769322014757,-0.002655046613441534,0.029150905402472817,0.027793667781466542
positive_beta_prior,2025-08-29,HYG,0.025,-0.04445519642086611,0.04063411180369605,53,2,2,0.00042518698438489,0.00042913385015237515,0.0229496626720268,0.0202250870763186
positive_beta_prior,2025-08-29,EWX,0.025,-0.06700001900784248,0.07057491104693593,53,2,2,0.0034956840409672957,0.003286372394168536,0.03707594517574458,0.034256849605067814
positive_beta_prior,2025-08-29,VWOB,0.025,-0.0643339014817546,0.05385691374912501,53,2,2,-0.000903800312290759,-0.0016330690667846193,0.02969975061766008,0.027604956376726303
positive_beta_prior,2025-08-29,HYEM,0.025,-0.055283065476415184,0.040257773115236505,53,2,2,-0.000373655432730694,-0.0013497226445471691,0.02574647192365626,0.02179024583547464
positive_beta_prior,2025-09-30,SPY,0.025,-0.08679460126260108,0.08363246797498426,54,2,2,0.008921387772089548,0.008928443657363809,0.04530572372076577,0.044606042157575035
positive_beta_prior,2025-09-30,MGK,0.025,-0.10250457937642064,0.10843405687763433,54,2,2,0.011611756191997856,0.01176979619706499,0.05920163072336332,0.05677643097678774
positive_beta_prior,2025-09-30,VTV,0.025,-0.0758526083667544,0.06703610272029696,54,2,2,0.0064367417626599545,0.005686873099079688,0.040930612480844425,0.03862354640174547
positive_beta_prior,2025-09-30,IJR,0.025,-0.08546582355312521,0.1154206646217605,54,2,2,0.0017677412340485724,0.0018456397430907697,0.058223883112785604,0.05728845375066358
positive_beta_prior,2025-09-30,IWM,0.025,-0.09785627621801071,0.10773416340030674,54,2,2,0.0015683093413945384,0.0014509771341576052,0.059745637255610856,0.05933444285037362
positive_beta_prior,2025-09-30,VNQ,0.025,-0.08620597976298729,0.09882615995628984,54,2,2,0.00175040561960812,0.0022691052358096986,0.05661331546382542,0.05426492980762365
positive_beta_prior,2025-09-30,VNQI,0.025,-0.07504539880119003,0.08492827206424003,54,2,2,-0.0016981934999202267,-0.0016723837358553104,0.04788466437818779,0.04394992444369387
positive_beta_prior,2025-09-30,VEA,0.025,-0.08491460389679331,0.08507458848136451,54,2,2,0.00437046099754092,0.004124001325548694,0.045032071662164816,0.04245148551770354
positive_beta_prior,2025-09-30,VWO,0.025,-0.06786383113385559,0.07582100947044608,54,2,2,0.0012978096333496809,0.0007617177522765982,0.04190874678886383,0.037047563981330925
positive_beta_prior,2025-09-30,VSS,0.025,-0.09529565322661722,0.08694635148725612,54,2,2,0.0024440952610871435,0.0024634369111551225,0.045874055257395636,0.043819866500287914
positive_beta_prior,2025-09-30,BND,0.025,-0.037046127999485104,0.03232913474545868,54,2,2,-0.002612440760532275,-0.0025810232782563967,0.018788124002878347,0.018025906176678604
positive_beta_prior,2025-09-30,IEF,0.025,-0.042250959598213525,0.03308952400857776,54,2,2,-0.003418812546817383,-0.00341022035336109,0.02236653862387346,0.02179921566310465
positive_beta_prior,2025-09-30,BNDX,0.025,-0.03137228551284582,0.02898529416003474,54,2,2,-0.002631423621613449,-0.0025360739280107787,0.015324215533627296,0.014959780696676231
positive_beta_prior,2025-09-30,LQD,0.025,-0.057184997303954994,0.0577211047270652,54,2,2,-0.0022751904249042857,-0.0023220225404783942,0.028977211672902854,0.027577514337901798
positive_beta_prior,2025-09-30,HYG,0.025,-0.044381309467124444,0.04034751403255539,54,2,2,0.0005176748248631416,0.0005136704221016366,0.02274228312883123,0.02001704599431058
positive_beta_prior,2025-09-30,EWX,0.025,-0.06688370140825611,0.07017583898235308,54,2,2,0.003603912362163278,0.0033880044693794407,0.036733117189596404,0.03390329505526702
positive_beta_prior,2025-09-30,VWOB,0.025,-0.06424213442185887,0.05352258099099232,54,2,2,-0.000677547025898794,-0.0014022947182071002,0.029465175179826473,0.027366662010752503
positive_beta_prior,2025-09-30,HYEM,0.025,-0.05495200543673332,0.040246760933431665,54,2,2,-0.0004280423794682108,-0.0013741806481815287,0.025505555474386703,0.021553421493311513
positive_beta_prior,2025-10-31,SPY,0.025,-0.08667693324122028,0.08342367172934942,55,2,2,0.00912797633885744,0.009131590181699298,0.04491040711720454,0.04419514580666232
positive_beta_prior,2025-10-31,MGK,0.025,-0.10208824994151545,0.10822861034463892,55,2,2,0.01216147274603402,0.012324307765623928,0.058792424001239296,0.056349966666789125
positive_beta_prior,2025-10-31,VTV,0.025,-0.07553195459473935,0.06684628831695036,55,2,2,0.006185678472213474,0.005454201579558973,0.0405925792253952,0.038268281947536904
positive_beta_prior,2025-10-31,IJR,0.025,-0.08542284343746565,0.11509478131564299,55,2,2,0.0015154442894092421,0.001581639073179475,0.05771259275305757,0.05676010129610672
positive_beta_prior,2025-10-31,IWM,0.025,-0.09776698005661626,0.10769394148004792,55,2,2,0.0017964392268389336,0.001683024850320331,0.05921402650770004,0.058799000000504836
positive_beta_prior,2025-10-31,VNQ,0.025,-0.08613598970590539,0.09875886572015836,55,2,2,0.0012115245035108726,0.0017208912474524355,0.056228871528168765,0.05390498522376557
positive_beta_prior,2025-10-31,VNQI,0.025,-0.07497320892754081,0.08462532762733045,55,2,2,-0.0019581409563520645,-0.0019411915357523406,0.04747837095054195,0.04355707588918821
positive_beta_prior,2025-10-31,VEA,0.025,-0.0843044932752001,0.08500093175615996,55,2,2,0.004548417481886976,0.004325946309254197,0.0446326760841844,0.04202531600225808
positive_beta_prior,2025-10-31,VWO,0.025,-0.0677022225278828,0.07556627193057254,55,2,2,0.0014752964454353488,0.0009455651827853865,0.041539749304071,0.036698771632283606
positive_beta_prior,2025-10-31,VSS,0.025,-0.09453143630333201,0.08681416886304576,55,2,2,0.0023124011516061564,0.0023543742007301675,0.04545780376317812,0.04335028829906042
positive_beta_prior,2025-10-31,BND,0.025,-0.03679493193291169,0.03228195439911649,55,2,2,-0.002518800068060453,-0.0024805350592720923,0.018626297453441545,0.01785021208422533
positive_beta_prior,2025-10-31,IEF,0.025,-0.04220365072197671,0.033079818507041836,55,2,2,-0.0032908851325316704,-0.0032810817653309136,0.022178774453491833,0.021613444272216165
positive_beta_prior,2025-10-31,BNDX,0.025,-0.03136061712186755,0.028938418065737624,55,2,2,-0.002464967470762323,-0.0023726316880731133,0.015231768429332786,0.014866377085080294
positive_beta_prior,2025-10-31,LQD,0.025,-0.05679078944531222,0.05734177797073105,55,2,2,-0.00226984709973941,-0.0023152865913100406,0.028707677706642655,0.02726095477745845
positive_beta_prior,2025-10-31,HYG,0.025,-0.04430742251338279,0.04006091626141473,55,2,2,0.000443138331493411,0.00043147179724033316,0.022537502415602713,0.019811049972894058
positive_beta_prior,2025-10-31,EWX,0.025,-0.06676738380866976,0.06977676691777022,55,2,2,0.0034672030850817735,0.0032449388098032246,0.036405526700690256,0.03356398483130755
positive_beta_prior,2025-10-31,VWOB,0.025,-0.06415036736196314,0.05318824823285964,55,2,2,-0.0003435707119668472,-0.0010639617443508912,0.029295964642314286,0.027201408267187515
positive_beta_prior,2025-10-31,HYEM,0.025,-0.05462094539705146,0.04023574875162682,55,2,2,-0.0004152306628207526,-0.0013325283136346637,0.025268467972682427,0.021322573105788244
positive_beta_prior,2025-11-28,SPY,0.025,-0.08655926521983946,0.08321487548371456,56,2,2,0.008946412159062103,0.008946706889558426,0.04452099523915146,0.0437903894474589
positive_beta_prior,2025-11-28,MGK,0.025,-0.10167192050661025,0.10802316381164351,56,2,2,0.011619765691237216,0.011787224474831227,0.058396367850803266,0.055940276219607885
positive_beta_prior,2025-11-28,VTV,0.025,-0.07521130082272431,0.06665647391360377,56,2,2,0.006474319603185668,0.005760577632495299,0.04027981912138792,0.03794994415046665
positive_beta_prior,2025-11-28,IJR,0.025,-0.08537986332180608,0.1147688980095255,56,2,2,0.0018990889776501821,0.0019539980263367346,0.05725754669804377,0.05628830715830092
positive_beta_prior,2025-11-28,IWM,0.025,-0.0976776838952218,0.10765371955978911,56,2,2,0.0018932873375608259,0.0017836508692349001,0.05867772374867559,0.05825850562923765
positive_beta_prior,2025-11-28,VNQ,0.025,-0.0860659996488235,0.09869157148402688,56,2,2,0.0015678285399759562,0.002068195728523936,0.05577911918604515,0.053467231172219305
positive_beta_prior,2025-11-28,VNQI,0.025,-0.0749010190538916,0.08432238319042087,56,2,2,-0.0017196335050451924,-0.0017112279870726197,0.04707861442999848,0.04316964511947306
positive_beta_prior,2025-11-28,VEA,0.025,-0.0836943826536069,0.0849272750309554,56,2,2,0.004586170339498018,0.004386830934104703,0.044225965568690156,0.04159038548444974
positive_beta_prior,2025-11-28,VWO,0.025,-0.06754061392190999,0.07531153439069899,56,2,2,0.0011786664774028324,0.0006550686682323065,0.04122019559348269,0.03639701603098409
positive_beta_prior,2025-11-28,VSS,0.025,-0.09376721938004678,0.08668198623883541,56,2,2,0.002392911055391342,0.002456707239319383,0.045046684455100794,0.04288655396514649
positive_beta_prior,2025-11-28,BND,0.025,-0.03654373586633827,0.032234774052774307,56,2,2,-0.002420765398294742,-0.0023758974175122002,0.01847076556057106,0.017681126634537688
positive_beta_prior,2025-11-28,IEF,0.025,-0.042156341845739895,0.03307011300550591,56,2,2,-0.003109476236714741,-0.0030985049519746803,0.022018114135833135,0.021455229281224782
positive_beta_prior,2025-11-28,BNDX,0.025,-0.03134894873088928,0.028891541971440504,56,2,2,-0.002506801262013198,-0.002417371750561969,0.015095908991715559,0.01472974298116322
positive_beta_prior,2025-11-28,LQD,0.025,-0.056396581586669436,0.056962451214396886,56,2,2,-0.0021168123873495153,-0.002160908991488219,0.028468545143432743,0.026977328330979246
positive_beta_prior,2025-11-28,HYG,0.025,-0.04423353555964113,0.039774318490274074,56,2,2,0.0005148258920383762,0.0004957708738469963,0.022338118771901054,0.019610431475418005
positive_beta_prior,2025-11-28,EWX,0.025,-0.06665106620908338,0.06937769485318737,56,2,2,0.003116419669425546,0.0028880260253128106,0.0361684340399512,0.0333207143597714
positive_beta_prior,2025-11-28,VWOB,0.025,-0.06405860030206742,0.052853915474726954,56,2,2,-0.00032574666548517074,-0.0010419366329422486,0.029028722421739143,0.026921756479848104
positive_beta_prior,2025-11-28,HYEM,0.025,-0.0542898853573696,0.04022473656982198,56,2,2,-0.000447088438981643,-0.0013365754939639839,0.025038835845072816,0.02109708586408421
positive_beta_prior,2025-12-31,SPY,0.025,-0.08644159719845865,0.0830060792380797,57,2,2,0.008746288455225123,0.00874338053345821,0.044147557757551456,0.04340194361485476
positive_beta_prior,2025-12-31,MGK,0.025,-0.10125559107170505,0.1078177172786481,57,2,2,0.011310389866554206,0.011482310176818838,0.05791973895197182,0.05544564671140922
positive_beta_prior,2025-12-31,VTV,0.025,-0.07489064705070926,0.06646665951025718,57,2,2,0.00644127900716659,0.0057446496804767,0.03991933724277847,0.03757431780221195
positive_beta_prior,2025-12-31,IJR,0.025,-0.08533688320614652,0.11444301470340801,57,2,2,0.0017895899013909218,0.0018336092056984847,0.05675003747569406,0.05576377238173056
positive_beta_prior,2025-12-31,IWM,0.025,-0.09758838773382734,0.1076134976395303,57,2,2,0.0016789140563080822,0.0015729229379926359,0.05817397411192297,0.057750156689306664
positive_beta_prior,2025-12-31,VNQ,0.025,-0.08599600959174161,0.0986242772478954,57,2,2,0.0010921582919339653,0.0015838416989618202,0.055395378616960575,0.053105258970035006
positive_beta_prior,2025-12-31,VNQI,0.025,-0.07482882918024239,0.0840194387535113,57,2,2,-0.0016737721070152263,-0.0016736107056127118,0.04665766093629219,0.042757731001086194
positive_beta_prior,2025-12-31,VEA,0.025,-0.0830842720320137,0.08485361830575085,57,2,2,0.005004388894813503,0.004827369615703884,0.043942898023318626,0.041288538558979425
positive_beta_prior,2025-12-31,VWO,0.025,-0.06737900531593718,0.07505679685082543,57,2,2,0.0012673179181162523,0.0007496383535311481,0.040855982915353244,0.036048446960285585
positive_beta_prior,2025-12-31,VSS,0.025,-0.09300300245676156,0.08654980361462507,57,2,2,0.002657184290907849,0.002742037885611709,0.04468723417438362,0.04247730225660338
positive_beta_prior,2025-12-31,BND,0.025,-0.03629253979976486,0.03218759370643212,57,2,2,-0.0024878972803974637,-0.0024366580108486076,0.018312120437233112,0.01750931788036972
positive_beta_prior,2025-12-31,IEF,0.025,-0.04210903296950308,0.03306040750396999,57,2,2,-0.003245143728555855,-0.0032330455058392727,0.02184466474122733,0.021283849067629354
positive_beta_prior,2025-12-31,BNDX,0.025,-0.03133728033991101,0.028844665877143384,57,2,2,-0.0026107246143360087,-0.0025240993996933584,0.014981077086336936,0.014614929040129516
positive_beta_prior,2025-12-31,LQD,0.025,-0.056002373728026654,0.056583124458062725,57,2,2,-0.0022657487321473876,-0.0023085495677114256,0.02823561533177713,0.02670043585344366
positive_beta_prior,2025-12-31,HYG,0.025,-0.04415964860589947,0.039487720719133416,57,2,2,0.0005348128117643775,0.0005086285546851622,0.022138287130142903,0.019408464405721144
positive_beta_prior,2025-12-31,EWX,0.025,-0.06653474860949701,0.06897862278860452,57,2,2,0.0031586983056835385,0.002924390358309747,0.035845468132474606,0.03298635806833441
positive_beta_prior,2025-12-31,VWOB,0.025,-0.0639668332421717,0.052519582716594265,57,2,2,-0.0003421920305738908,-0.0010543283388909134,0.028768637802182122,0.026648514438842124
positive_beta_prior,2025-12-31,HYEM,0.025,-0.05395882531768774,0.04021372438801714,57,2,2,-0.00032597781845854624,-0.0011886300879893716,0.02483110847291286,0.020902636789412527
positive_beta_prior,2026-01-30,SPY,0.025,-0.08632392917707785,0.0827972829924448,58,2,2,0.0087953880762623,0.008789387938517086,0.04376018256408277,0.04299940886130329
positive_beta_prior,2026-01-30,MGK,0.025,-0.10083926163679985,0.10761227074565262,58,2,2,0.010773816215419922,0.010950044206607914,0.05755467570999546,0.05506816461902394
positive_beta_prior,2026-01-30,VTV,0.025,-0.07456999327869422,0.06627684510691052,58,2,2,0.00706515611227182,0.006385049338409976,0.03985186721415389,0.03752184223127575
positive_beta_prior,2026-01-30,IJR,0.025,-0.08529390309048696,0.11411713139729042,58,2,2,0.002684998324597948,0.002718503392953379,0.056661869405721856,0.05566552156000846
positive_beta_prior,2026-01-30,IWM,0.025,-0.09749909157243289,0.10757327571927147,58,2,2,0.0025384831293600433,0.0024360116593305733,0.0580318271126688,0.057608014321812874
positive_beta_prior,2026-01-30,VNQ,0.025,-0.08592601953465971,0.09855698301176391,58,2,2,0.0014686014483483952,0.0019519005145981962,0.054982098822086545,0.052703480581319385
positive_beta_prior,2026-01-30,VNQI,0.025,-0.07475663930659317,0.08371649431660162,58,2,2,-0.0009109216946528097,-0.00091872012993863,0.04661006334219268,0.04275190171167622
positive_beta_prior,2026-01-30,VEA,0.025,-0.0824741614104205,0.08477996158054628,58,2,2,0.005890961732488146,0.005735492920135199,0.04407595870355822,0.04143115454477125
positive_beta_prior,2026-01-30,VWO,0.025,-0.06721739670996439,0.07480205931095182,58,2,2,0.0020584866540590647,0.0015465212566598823,0.04094181130205213,0.03621779431036775
positive_beta_prior,2026-01-30,VSS,0.025,-0.09223878553347634,0.08641762099041467,58,2,2,0.003657612228751431,0.0037627971166181505,0.044944013598831135,0.04271546119615039
positive_beta_prior,2026-01-30,BND,0.025,-0.03604134373319144,0.032140413360089916,58,2,2,-0.002461289792986137,-0.002403898934283599,0.01815190811354068,0.017335699992131384
positive_beta_prior,2026-01-30,IEF,0.025,-0.042061724093266264,0.03305070200243407,58,2,2,-0.0032819331718561494,-0.0032687468710932703,0.021654009676061948,0.02109456353292006
positive_beta_prior,2026-01-30,BNDX,0.025,-0.03132561194893274,0.028797789782846254,58,2,2,-0.0025301979714925688,-0.002446280353768545,0.014861741443180771,0.0144942962807781
positive_beta_prior,2026-01-30,LQD,0.025,-0.05560816586938387,0.05620379770172846,58,2,2,-0.0022208247003346147,-0.002262374448998979,0.027988929692119715,0.02640992949686847
positive_beta_prior,2026-01-30,HYG,0.025,-0.044085761652157815,0.03920112294799268,58,2,2,0.0005766340660203799,0.000543566405877045,0.021945543705572182,0.01921384021513717
positive_beta_prior,2026-01-30,EWX,0.025,-0.06641843100991066,0.06857955072402154,58,2,2,0.003571750219060178,0.003331731909917086,0.035668627839499395,0.03281307310052764
positive_beta_prior,2026-01-30,VWOB,0.025,-0.06387506618227597,0.05218524995846149,58,2,2,-0.0003310788675249388,-0.0010393012980515657,0.02851529028880577,0.02638292733474106
positive_beta_prior,2026-01-30,HYEM,0.025,-0.05362776527800588,0.04020271220621229,58,2,2,-0.00011452558297274804,-0.0009512684044814209,0.024664954581871748,0.0207597346319913
positive_beta_prior,2026-02-27,SPY,0.025,-0.08620626115569703,0.08258848674680995,59,2,2,0.008452024473956918,0.00844303694111403,0.04346139841607759,0.04268705770140634
positive_beta_prior,2026-02-27,MGK,0.025,-0.10042293220189465,0.10740682421265721,59,2,2,0.009755919635871952,0.00993630928490116,0.05758957039962442,0.05511035400343018
positive_beta_prior,2026-02-27,VTV,0.025,-0.07424933950667918,0.06608703070356393,59,2,2,0.0075325984466227975,0.006868454139052458,0.03966964449209813,0.03734402469750001
positive_beta_prior,2026-02-27,IJR,0.025,-0.08525092297482739,0.11379124809117293,59,2,2,0.0029464911599937408,0.0029698384071750825,0.056207180725535114,0.05519498440091819
positive_beta_prior,2026-02-27,IWM,0.025,-0.09740979541103842,0.10753305379901267,59,2,2,0.002561787595887856,0.0024627164640329754,0.05752965608393532,0.05710161816816399
positive_beta_prior,2026-02-27,VNQ,0.025,-0.08585602947757782,0.09848968877563243,59,2,2,0.002305670431819693,0.0027808693722330704,0.05488397168531981,0.052625365694370735
positive_beta_prior,2026-02-27,VNQI,0.025,-0.07468444943294396,0.08341354987969204,59,2,2,3.283017448173479e-05,1.734172748006941e-05,0.04677168513589526,0.04297277207394236
positive_beta_prior,2026-02-27,VEA,0.025,-0.08186405078882728,0.08470630485534172,59,2,2,0.006774299765135943,0.00663965089524283,0.04421800941745542,0.041582734513121306
positive_beta_prior,2026-02-27,VWO,0.025,-0.06705578810399158,0.07454732177107827,59,2,2,0.0024632070286344583,0.0019567620978386264,0.04070620933946308,0.03601594088374803
positive_beta_prior,2026-02-27,VSS,0.025,-0.09147456861019111,0.08628543836620432,59,2,2,0.004384120932677324,0.004508947917328502,0.044902989495041144,0.04264171344495732
positive_beta_prior,2026-02-27,BND,0.025,-0.03579014766661802,0.03209323301374773,59,2,2,-0.0021971062705247687,-0.0021337723511144348,0.018108800586641986,0.017283977768005266
positive_beta_prior,2026-02-27,IEF,0.025,-0.04201441521702945,0.033040996500898145,59,2,2,-0.0028570887109800086,-0.0028428512161724024,0.02171314797696794,0.02116115555016019
positive_beta_prior,2026-02-27,BNDX,0.025,-0.03131394355795447,0.028750913688549134,59,2,2,-0.002276754244249397,-0.002195452440497606,0.014861124503188229,0.014494353817136225
positive_beta_prior,2026-02-27,LQD,0.025,-0.05521395801074109,0.0558244709453943,59,2,2,-0.0019985279983067627,-0.002038869069796862,0.027799085668264167,0.026180586494199378
positive_beta_prior,2026-02-27,HYG,0.025,-0.04401187469841615,0.038914525176852025,59,2,2,0.0005184175244693163,0.0004786997969589532,0.021760130566391443,0.01902664926208407
positive_beta_prior,2026-02-27,EWX,0.025,-0.06630211341032428,0.06818047865943869,59,2,2,0.004062569344703256,0.0038170342453762666,0.0355602158473397,0.03271458577761044
positive_beta_prior,2026-02-27,VWOB,0.025,-0.06378329912238025,0.0518509172003288,59,2,2,-0.0001151143101267077,-0.0008195555366863397,0.02831703091655381,0.026182189356479424
positive_beta_prior,2026-02-27,HYEM,0.025,-0.05329670523832402,0.04019170002440745,59,2,2,-5.067753201633674e-06,-0.0008167794130617864,0.024465851696778215,0.020571947673072292
positive_beta_prior,2026-03-31,SPY,0.025,-0.08608859313431623,0.0823796905011751,60,2,2,0.00743841049511441,0.007426535147010436,0.043800945332185155,0.04302462106900643
positive_beta_prior,2026-03-31,MGK,0.025,-0.10000660276698946,0.1072013776796618,60,2,2,0.008717209841200446,0.008901622426142824,0.05766351396784712,0.05519360383976798
positive_beta_prior,2026-03-31,VTV,0.025,-0.07392868573466413,0.06589721630021733,60,2,2,0.006555069028038389,0.005906355104549835,0.04005423780130565,0.0377421486289296
positive_beta_prior,2026-03-31,IJR,0.025,-0.08520794285916783,0.11346536478505542,60,2,2,0.002179760821406977,0.002193288841453365,0.05604438533625799,0.0550222010239962
positive_beta_prior,2026-03-31,IWM,0.025,-0.09732049924964396,0.10749283187875384,60,2,2,0.0016424957460719702,0.0015467116077858593,0.05748279068306474,0.05705231436485051
positive_beta_prior,2026-03-31,VNQ,0.025,-0.08578603942049592,0.09842239453950095,60,2,2,0.0011658850817494312,0.0016332539005209348,0.055128412782935884,0.0529213243859762
positive_beta_prior,2026-03-31,VNQI,0.025,-0.10018114801358546,0.08311060544278247,60,2,2,-0.0020710452009618054,-0.002109333187873465,0.04915374065698681,0.04536648028119394
positive_beta_prior,2026-03-31,VEA,0.025,-0.09102706430776973,0.08463264813013717,60,2,2,0.005177784513977376,0.00473749078377758,0.04555243662199848,0.04368822201786623
positive_beta_prior,2026-03-31,VWO,0.025,-0.07136338428066291,0.07429258423120473,60,2,2,0.0012116732178334255,0.0006059925554647872,0.0415077224433102,0.03715523989418972
positive_beta_prior,2026-03-31,VSS,0.025,-0.0989259333821197,0.08615325574199396,60,2,2,0.002778422954440631,0.0026483845761429907,0.046225536385739896,0.04462444251125086
positive_beta_prior,2026-03-31,BND,0.025,-0.0355389516000446,0.03204605266740554,60,2,2,-0.0025014757224939696,-0.0024323968443994344,0.018108809779364004,0.017279854418021715
positive_beta_prior,2026-03-31,IEF,0.025,-0.041967106340792634,0.03303129099936222,60,2,2,-0.003247294931784937,-0.003232041282734094,0.021739493734252737,0.021194418089934608
positive_beta_prior,2026-03-31,BNDX,0.025,-0.0313022751669762,0.028704037594252017,60,2,2,-0.002646443731836125,-0.0025676705482574917,0.015010328743313883,0.014651408063933275
positive_beta_prior,2026-03-31,LQD,0.025,-0.054819750152098314,0.055445144189060144,60,2,2,-0.0023619453769708884,-0.002401118060525865,0.027705872555016414,0.02605383054681759
positive_beta_prior,2026-03-31,HYG,0.025,-0.043937987744674493,0.03862792740571137,60,2,2,0.00029900129035207075,0.00025285516438691366,0.021641774694641087,0.018915042791894734
positive_beta_prior,2026-03-31,EWX,0.025,-0.06618579581073793,0.06778140659485583,60,2,2,0.003010410846269823,0.0027595428497650676,0.03618726996296255,0.03340212992230961
positive_beta_prior,2026-03-31,VWOB,0.025,-0.06369153206248451,0.05151658444219612,60,2,2,-0.0007370101364086482,-0.0014377961991335184,0.028486290654007096,0.026355910477497198
positive_beta_prior,2026-03-31,HYEM,0.025,-0.05296564519864216,0.040180687842602605,60,2,2,-0.0004116941493046774,-0.00119920901957126,0.024461259425596838,0.020593864096827192
positive_beta_prior,2026-04-30,SPY,0.025,-0.08597092511293541,0.08824437964326459,61,2,2,0.008981792135742652,0.008916453152718102,0.04507605874518664,0.04417617623755443
positive_beta_prior,2026-04-30,MGK,0.025,-0.09959027333208426,0.12196403963379798,61,2,2,0.010860478327037579,0.011074757215626674,0.059580805776805634,0.05714756419212208
positive_beta_prior,2026-04-30,VTV,0.025,-0.07360803196264909,0.06570740189687074,61,2,2,0.0072773968636167885,0.006643607409977834,0.0401177035821421,0.037828988116391356
positive_beta_prior,2026-04-30,IJR,0.025,-0.08516496274350827,0.11313948147893793,61,2,2,0.0037739752556016724,0.0037780059903863845,0.056953105929213356,0.05594050851908592
positive_beta_prior,2026-04-30,IWM,0.025,-0.09723120308824951,0.1123244654388893,61,2,2,0.0035389998911513967,0.0034574033487521755,0.05889482527306618,0.05849022586799885
positive_beta_prior,2026-04-30,VNQ,0.025,-0.08571604936341404,0.09835510030336947,61,2,2,0.002501069189881621,0.0029608646123109807,0.05565280984633337,0.0534850259305324
positive_beta_prior,2026-04-30,VNQI,0.025,-0.09902889654430186,0.08280766100587289,61,2,2,-0.0010664772569316092,-0.0010762914397177,0.04936983504363741,0.04556518420610297
positive_beta_prior,2026-04-30,VEA,0.025,-0.09093132864094156,0.08455899140493262,61,2,2,0.006245173387025849,0.005812821486554694,0.045934074500483174,0.0441167391679426
positive_beta_prior,2026-04-30,VWO,0.025,-0.07129678231546477,0.08299888264682287,61,2,2,0.002615828866800801,0.0021809500258741345,0.04259632625397613,0.0387650834572721
positive_beta_prior,2026-04-30,VSS,0.025,-0.09859411549542468,0.08602107311778362,61,2,2,0.00406016850480709,0.003938807321644974,0.04691910110238485,0.04533988280352289
positive_beta_prior,2026-04-30,BND,0.025,-0.03528775553347119,0.031998872321063354,61,2,2,-0.0024874201236134855,-0.002412784646135869,0.017957604505693107,0.017116252321739283
positive_beta_prior,2026-04-30,IEF,0.025,-0.04191979746455582,0.0330215854978263,61,2,2,-0.00327007534969635,-0.0032538388629348362,0.021558304289030723,0.021014363967628624
positive_beta_prior,2026-04-30,BNDX,0.025,-0.03129060677599793,0.028657161499954897,61,2,2,-0.002616326081143618,-0.0025399986121586947,0.014886575639767743,0.014526416711502359
positive_beta_prior,2026-04-30,LQD,0.025,-0.05442554229345553,0.05506581743272598,61,2,2,-0.002328602401458383,-0.00236664500487939,0.027475254347549594,0.02578233277573262
positive_beta_prior,2026-04-30,HYG,0.025,-0.043864100790932836,0.03834132963457071,61,2,2,0.0004911589787147328,0.0004387952214572342,0.021513082165906798,0.0187920395081468
positive_beta_prior,2026-04-30,EWX,0.025,-0.06606947821115156,0.08929943225421544,61,2,2,0.004694081749018159,0.004659098906979124,0.03821796448204132,0.03590920737957056
positive_beta_prior,2026-04-30,VWOB,0.025,-0.06359976500258879,0.05118225168406343,61,2,2,-0.0003840830470043972,-0.0010813337873317112,0.02838207683252559,0.02626035383124729
positive_beta_prior,2026-04-30,HYEM,0.025,-0.0526345851589603,0.040169675660797766,61,2,2,-3.971728360439966e-05,-0.000803828701641136,0.024429920860435998,0.02061304525352449
positive_beta_prior,live,SPY,0.025,-0.0858532570915546,0.08814950161951324,62,2,2,0.009635048149101532,0.009571498181855747,0.04500000144455178,0.04410056451674837
positive_beta_prior,live,MGK,0.025,-0.09917394389717905,0.12142108074243686,62,2,2,0.012028926349965623,0.012235664306272445,0.05980237934838351,0.05735423417704498
positive_beta_prior,live,VTV,0.025,-0.07328737819063404,0.06551758749352415,62,2,2,0.007506159479477791,0.006886813061177157,0.03982826439566623,0.03753256946006594
positive_beta_prior,live,IJR,0.025,-0.0851219826278487,0.11281359817282044,62,2,2,0.0038479368203895555,0.0038427766339532905,0.056487350277400636,0.055459855381030876
positive_beta_prior,live,IWM,0.025,-0.09714190692685505,0.11212109458512841,62,2,2,0.0041545993779701544,0.004070639080049424,0.05861086785513309,0.05819436292089201
positive_beta_prior,live,VNQ,0.025,-0.08564605930633215,0.09828780606723798,62,2,2,0.0023074144002004503,0.0027598807293954773,0.055215813229023206,0.053060636720824804
positive_beta_prior,live,VNQI,0.025,-0.09787664507501825,0.08250471656896331,62,2,2,-0.0015128073166921004,-0.001495066205163125,0.049089455134460655,0.04522715633476752
positive_beta_prior,live,VEA,0.025,-0.09083559297411338,0.08448533467972806,62,2,2,0.006790487879618213,0.006365821620819936,0.04575791562714392,0.04395797650840794
positive_beta_prior,live,VWO,0.025,-0.07123018035026663,0.08280556838892186,62,2,2,0.0027847305512255422,0.0023527783918395363,0.04226666179954309,0.038453515610544636
positive_beta_prior,live,VSS,0.025,-0.09826229760872966,0.08588889049357327,62,2,2,0.004242542144466383,0.004129578246919291,0.04655508155983751,0.04495743340251495
positive_beta_prior,live,BND,0.025,-0.03503655946689777,0.03195169197472117,62,2,2,-0.002451105118269133,-0.0023710922865498255,0.017812098117166865,0.016958580638602366
positive_beta_prior,live,IEF,0.025,-0.041872488588319004,0.03301187999629038,62,2,2,-0.003268534252535971,-0.0032513466325060658,0.021380870111909298,0.020837975614668342
positive_beta_prior,live,BNDX,0.025,-0.03127893838501966,0.028610285405657777,62,2,2,-0.0024904362992902817,-0.0024164756508799176,0.014797289345093645,0.014436184659778818
positive_beta_prior,live,LQD,0.025,-0.05403133443481275,0.05468649067639182,62,2,2,-0.002200515280170118,-0.0022374642576550247,0.02726777499822784,0.025536128597165923
positive_beta_prior,live,HYG,0.025,-0.04379021383719118,0.03805473186343005,62,2,2,0.0005052791053611768,0.00044689828556270243,0.02133630643290591,0.018612939329503864
positive_beta_prior,live,EWX,0.025,-0.06595316061156518,0.08860264943260124,62,2,2,0.00491447341483738,0.004861330127604528,0.03794311309083499,0.03559461903633843
positive_beta_prior,live,VWOB,0.025,-0.06350799794269307,0.05084791892593074,62,2,2,-0.00027201249766775355,-0.0009658419582554969,0.02816230427699916,0.026033206334266222
positive_beta_prior,live,HYEM,0.025,-0.05230352511927844,0.040158663478992926,62,2,2,6.716996684845388e-05,-0.0006742929490303666,0.024243461483658624,0.020436717463130607
