experiment,date,diagnostic,module_path,module_type,mean,min,max,scale_index,base_kernel_type,outputscale_floor,outputscale_prior_median,outputscale_prior_sigma
component_outputscale_floor,2025-05-30,time_varying_effective_lengthscale_eval,covar_module.kernels.0,_Module,8.191501159008912e-120,8.191501159008911e-120,8.191501159008911e-120,,,,,
component_outputscale_floor,2025-05-30,outputscale,covar_module.kernels.0.base_kernel.kernels.0,MaternKernel,0.030534068093339868,0.030534068093339868,0.030534068093339868,,,,,
component_outputscale_floor,2025-05-30,lengthscale,covar_module.kernels.0.base_kernel.kernels.0.base_kernel,MaternKernel,0.14326411273557924,0.14326411273557924,0.14326411273557924,,,,,
component_outputscale_floor,2025-05-30,outputscale,covar_module.kernels.0.base_kernel.kernels.1,MaternKernel,0.011461397235078363,0.011461397235078363,0.011461397235078363,,,,,
component_outputscale_floor,2025-05-30,lengthscale,covar_module.kernels.0.base_kernel.kernels.1.base_kernel,MaternKernel,0.9013334087357872,0.3348516509163512,2.084092650884905,,,,,
component_outputscale_floor,2025-05-30,outputscale,covar_module.kernels.0.base_kernel.kernels.2,MaternKernel,0.016728001522134495,0.016728001522134495,0.016728001522134495,,,,,
component_outputscale_floor,2025-05-30,lengthscale,covar_module.kernels.0.base_kernel.kernels.2.base_kernel,MaternKernel,0.7460401522707071,0.5963480476857632,0.8274883659568728,,,,,
component_outputscale_floor,2025-05-30,outputscale,covar_module.kernels.0.base_kernel.kernels.3,RQKernel,0.015144038567092741,0.015144038567092741,0.015144038567092741,,,,,
component_outputscale_floor,2025-05-30,lengthscale,covar_module.kernels.0.base_kernel.kernels.3.base_kernel,RQKernel,0.7667756882960258,0.6498804897278218,0.8285093048530682,,,,,
component_outputscale_floor,2025-05-30,outputscale,covar_module.kernels.0.base_kernel.kernels.4,LinearKernel,0.014553979875821781,0.014553979875821781,0.014553979875821781,,,,,
component_outputscale_floor,2025-05-30,outputscale,covar_module.kernels.0.base_kernel.kernels.5,ProductKernel,0.03100861068377169,0.03100861068377169,0.03100861068377169,,,,,
component_outputscale_floor,2025-05-30,lengthscale,covar_module.kernels.0.base_kernel.kernels.5.base_kernel.kernels.0,MaternKernel,0.09242981964411703,0.09242981964411703,0.09242981964411703,,,,,
component_outputscale_floor,2025-05-30,lengthscale,covar_module.kernels.0.base_kernel.kernels.5.base_kernel.kernels.1,MaternKernel,1.0773980101524647,0.2168903694591078,2.7349964490294414,,,,,
component_outputscale_floor,2025-05-30,outputscale,covar_module.kernels.0.base_kernel.kernels.6,ProductKernel,0.13543216146263193,0.13543216146263193,0.13543216146263193,,,,,
component_outputscale_floor,2025-05-30,lengthscale,covar_module.kernels.0.base_kernel.kernels.6.base_kernel.kernels.0,MaternKernel,0.02929751158395705,0.02929751158395705,0.02929751158395705,,,,,
component_outputscale_floor,2025-05-30,lengthscale,covar_module.kernels.0.base_kernel.kernels.6.base_kernel.kernels.1.kernels.0,MaternKernel,0.7906410397761355,0.758451655804323,0.8189437616100161,,,,,
component_outputscale_floor,2025-05-30,lengthscale,covar_module.kernels.0.base_kernel.kernels.6.base_kernel.kernels.1.kernels.1,RQKernel,0.7922159611010846,0.7587497377009529,0.8196159317181405,,,,,
component_outputscale_floor,2025-05-30,outputscale,covar_module.kernels.0.base_kernel.kernels.7,ProductKernel,0.010634344302116681,0.010634344302116681,0.010634344302116681,,,,,
component_outputscale_floor,2025-05-30,lengthscale,covar_module.kernels.0.base_kernel.kernels.7.base_kernel.kernels.0.kernels.0,MaternKernel,0.7632969173199629,0.7124863146343728,0.8221186994310645,,,,,
component_outputscale_floor,2025-05-30,lengthscale,covar_module.kernels.0.base_kernel.kernels.7.base_kernel.kernels.0.kernels.1,RQKernel,0.7601927283298079,0.7019442300214961,0.8298676025904199,,,,,
component_outputscale_floor,2025-05-30,lengthscale,covar_module.kernels.0.base_kernel.kernels.7.base_kernel.kernels.1,MaternKernel,1.1796786208994419,0.25091369444043743,3.1527431095044984,,,,,
component_outputscale_floor,2025-05-30,likelihood_noise,likelihood,HadamardGaussianLikelihood,0.006509625327596938,0.005545431246457266,0.007136001263413899,,,,,
component_outputscale_floor,2025-05-30,,covar_module.kernels.0.base_kernel.kernels.0,,,,,31.0,MaternKernel,0.01,0.05,0.75
component_outputscale_floor,2025-05-30,,covar_module.kernels.0.base_kernel.kernels.1,,,,,37.0,MaternKernel,0.01,0.05,0.75
component_outputscale_floor,2025-05-30,,covar_module.kernels.0.base_kernel.kernels.2,,,,,41.0,MaternKernel,0.01,0.05,0.75
component_outputscale_floor,2025-05-30,,covar_module.kernels.0.base_kernel.kernels.3,,,,,45.0,RQKernel,0.01,0.05,0.75
component_outputscale_floor,2025-05-30,,covar_module.kernels.0.base_kernel.kernels.4,,,,,50.0,LinearKernel,0.01,0.05,0.75
component_outputscale_floor,2025-05-30,,covar_module.kernels.0.base_kernel.kernels.5,,,,,53.0,ProductKernel,0.01,0.05,0.75
component_outputscale_floor,2025-05-30,,covar_module.kernels.0.base_kernel.kernels.6,,,,,62.0,ProductKernel,0.01,0.05,0.75
component_outputscale_floor,2025-05-30,,covar_module.kernels.0.base_kernel.kernels.7,,,,,79.0,ProductKernel,0.01,0.05,0.75
component_outputscale_floor,2025-06-30,time_varying_effective_lengthscale_eval,covar_module.kernels.0,_Module,3.432531074295642e-138,3.432531074295641e-138,3.432531074295641e-138,,,,,
component_outputscale_floor,2025-06-30,outputscale,covar_module.kernels.0.base_kernel.kernels.0,MaternKernel,0.03232884554815623,0.03232884554815623,0.03232884554815623,,,,,
component_outputscale_floor,2025-06-30,lengthscale,covar_module.kernels.0.base_kernel.kernels.0.base_kernel,MaternKernel,0.13743191338328647,0.13743191338328647,0.13743191338328647,,,,,
component_outputscale_floor,2025-06-30,outputscale,covar_module.kernels.0.base_kernel.kernels.1,MaternKernel,0.011754485065419758,0.011754485065419758,0.011754485065419758,,,,,
component_outputscale_floor,2025-06-30,lengthscale,covar_module.kernels.0.base_kernel.kernels.1.base_kernel,MaternKernel,0.8544598951815686,0.38518217812871897,1.6048817248979859,,,,,
component_outputscale_floor,2025-06-30,outputscale,covar_module.kernels.0.base_kernel.kernels.2,MaternKernel,0.02094109968443103,0.02094109968443103,0.02094109968443103,,,,,
component_outputscale_floor,2025-06-30,lengthscale,covar_module.kernels.0.base_kernel.kernels.2.base_kernel,MaternKernel,0.742213515967139,0.5862592095627788,0.8310504340210081,,,,,
component_outputscale_floor,2025-06-30,outputscale,covar_module.kernels.0.base_kernel.kernels.3,RQKernel,0.017262881142678384,0.017262881142678384,0.017262881142678384,,,,,
component_outputscale_floor,2025-06-30,lengthscale,covar_module.kernels.0.base_kernel.kernels.3.base_kernel,RQKernel,0.7640007335192445,0.6479034983271438,0.8239185147150203,,,,,
component_outputscale_floor,2025-06-30,outputscale,covar_module.kernels.0.base_kernel.kernels.4,LinearKernel,0.015151111403126792,0.015151111403126792,0.015151111403126792,,,,,
component_outputscale_floor,2025-06-30,outputscale,covar_module.kernels.0.base_kernel.kernels.5,ProductKernel,0.027572743718446695,0.027572743718446695,0.027572743718446695,,,,,
component_outputscale_floor,2025-06-30,lengthscale,covar_module.kernels.0.base_kernel.kernels.5.base_kernel.kernels.0,MaternKernel,0.07289606597961112,0.07289606597961112,0.07289606597961112,,,,,
component_outputscale_floor,2025-06-30,lengthscale,covar_module.kernels.0.base_kernel.kernels.5.base_kernel.kernels.1,MaternKernel,1.0306405485796049,0.2948014526672996,2.4796673598366303,,,,,
component_outputscale_floor,2025-06-30,outputscale,covar_module.kernels.0.base_kernel.kernels.6,ProductKernel,0.16984803773612966,0.16984803773612966,0.16984803773612966,,,,,
component_outputscale_floor,2025-06-30,lengthscale,covar_module.kernels.0.base_kernel.kernels.6.base_kernel.kernels.0,MaternKernel,0.027409251782305213,0.027409251782305213,0.027409251782305213,,,,,
component_outputscale_floor,2025-06-30,lengthscale,covar_module.kernels.0.base_kernel.kernels.6.base_kernel.kernels.1.kernels.0,MaternKernel,0.7838639851308016,0.7469270012147073,0.8192192490088461,,,,,
component_outputscale_floor,2025-06-30,lengthscale,covar_module.kernels.0.base_kernel.kernels.6.base_kernel.kernels.1.kernels.1,RQKernel,0.7864272396776959,0.7482905819809211,0.8201441481391392,,,,,
component_outputscale_floor,2025-06-30,outputscale,covar_module.kernels.0.base_kernel.kernels.7,ProductKernel,0.012391828009671408,0.012391828009671408,0.012391828009671408,,,,,
component_outputscale_floor,2025-06-30,lengthscale,covar_module.kernels.0.base_kernel.kernels.7.base_kernel.kernels.0.kernels.0,MaternKernel,0.726812288688321,0.6392905616230217,0.8152433337861165,,,,,
component_outputscale_floor,2025-06-30,lengthscale,covar_module.kernels.0.base_kernel.kernels.7.base_kernel.kernels.0.kernels.1,RQKernel,0.7159329713844305,0.6027093184292917,0.8168628759379398,,,,,
component_outputscale_floor,2025-06-30,lengthscale,covar_module.kernels.0.base_kernel.kernels.7.base_kernel.kernels.1,MaternKernel,1.2741751567381818,0.3077829386370275,3.409845413497267,,,,,
component_outputscale_floor,2025-06-30,likelihood_noise,likelihood,HadamardGaussianLikelihood,0.006545864955585348,0.005709060533710032,0.007401930238961875,,,,,
component_outputscale_floor,2025-06-30,,covar_module.kernels.0.base_kernel.kernels.0,,,,,31.0,MaternKernel,0.01,0.05,0.75
component_outputscale_floor,2025-06-30,,covar_module.kernels.0.base_kernel.kernels.1,,,,,37.0,MaternKernel,0.01,0.05,0.75
component_outputscale_floor,2025-06-30,,covar_module.kernels.0.base_kernel.kernels.2,,,,,41.0,MaternKernel,0.01,0.05,0.75
component_outputscale_floor,2025-06-30,,covar_module.kernels.0.base_kernel.kernels.3,,,,,45.0,RQKernel,0.01,0.05,0.75
component_outputscale_floor,2025-06-30,,covar_module.kernels.0.base_kernel.kernels.4,,,,,50.0,LinearKernel,0.01,0.05,0.75
component_outputscale_floor,2025-06-30,,covar_module.kernels.0.base_kernel.kernels.5,,,,,53.0,ProductKernel,0.01,0.05,0.75
component_outputscale_floor,2025-06-30,,covar_module.kernels.0.base_kernel.kernels.6,,,,,62.0,ProductKernel,0.01,0.05,0.75
component_outputscale_floor,2025-06-30,,covar_module.kernels.0.base_kernel.kernels.7,,,,,79.0,ProductKernel,0.01,0.05,0.75
component_outputscale_floor,2025-07-31,time_varying_effective_lengthscale_eval,covar_module.kernels.0,_Module,1.4702970201295374e-115,1.4702970201295372e-115,1.4702970201295374e-115,,,,,
component_outputscale_floor,2025-07-31,outputscale,covar_module.kernels.0.base_kernel.kernels.0,MaternKernel,0.03285035356642599,0.03285035356642599,0.03285035356642599,,,,,
component_outputscale_floor,2025-07-31,lengthscale,covar_module.kernels.0.base_kernel.kernels.0.base_kernel,MaternKernel,0.14186282090391175,0.14186282090391175,0.14186282090391175,,,,,
component_outputscale_floor,2025-07-31,outputscale,covar_module.kernels.0.base_kernel.kernels.1,MaternKernel,0.011498352131933766,0.011498352131933766,0.011498352131933766,,,,,
component_outputscale_floor,2025-07-31,lengthscale,covar_module.kernels.0.base_kernel.kernels.1.base_kernel,MaternKernel,0.8601689788404847,0.32470787134136236,1.659782499070849,,,,,
component_outputscale_floor,2025-07-31,outputscale,covar_module.kernels.0.base_kernel.kernels.2,MaternKernel,0.019658466596155718,0.019658466596155718,0.019658466596155718,,,,,
component_outputscale_floor,2025-07-31,lengthscale,covar_module.kernels.0.base_kernel.kernels.2.base_kernel,MaternKernel,0.7416810177059514,0.5783312284376023,0.8527311031573029,,,,,
component_outputscale_floor,2025-07-31,outputscale,covar_module.kernels.0.base_kernel.kernels.3,RQKernel,0.016589293474752326,0.016589293474752326,0.016589293474752326,,,,,
component_outputscale_floor,2025-07-31,lengthscale,covar_module.kernels.0.base_kernel.kernels.3.base_kernel,RQKernel,0.762906797508265,0.6395513146699187,0.8363724448075388,,,,,
component_outputscale_floor,2025-07-31,outputscale,covar_module.kernels.0.base_kernel.kernels.4,LinearKernel,0.014693022621410656,0.014693022621410656,0.014693022621410656,,,,,
component_outputscale_floor,2025-07-31,outputscale,covar_module.kernels.0.base_kernel.kernels.5,ProductKernel,0.02043945893772552,0.02043945893772552,0.02043945893772552,,,,,
component_outputscale_floor,2025-07-31,lengthscale,covar_module.kernels.0.base_kernel.kernels.5.base_kernel.kernels.0,MaternKernel,0.07219027776246023,0.07219027776246023,0.07219027776246023,,,,,
component_outputscale_floor,2025-07-31,lengthscale,covar_module.kernels.0.base_kernel.kernels.5.base_kernel.kernels.1,MaternKernel,1.0435608554063285,0.5390237591320006,2.5833554583878056,,,,,
component_outputscale_floor,2025-07-31,outputscale,covar_module.kernels.0.base_kernel.kernels.6,ProductKernel,0.17218004706157292,0.17218004706157292,0.17218004706157292,,,,,
component_outputscale_floor,2025-07-31,lengthscale,covar_module.kernels.0.base_kernel.kernels.6.base_kernel.kernels.0,MaternKernel,0.030881210611554685,0.030881210611554685,0.030881210611554685,,,,,
component_outputscale_floor,2025-07-31,lengthscale,covar_module.kernels.0.base_kernel.kernels.6.base_kernel.kernels.1.kernels.0,MaternKernel,0.7879789366318593,0.756175765630229,0.8203254962208418,,,,,
component_outputscale_floor,2025-07-31,lengthscale,covar_module.kernels.0.base_kernel.kernels.6.base_kernel.kernels.1.kernels.1,RQKernel,0.790577237192391,0.7570993404848241,0.821457794743854,,,,,
component_outputscale_floor,2025-07-31,outputscale,covar_module.kernels.0.base_kernel.kernels.7,ProductKernel,0.011791881150377099,0.011791881150377099,0.011791881150377099,,,,,
component_outputscale_floor,2025-07-31,lengthscale,covar_module.kernels.0.base_kernel.kernels.7.base_kernel.kernels.0.kernels.0,MaternKernel,0.7481491829143968,0.6856284992796586,0.8210314804173477,,,,,
component_outputscale_floor,2025-07-31,lengthscale,covar_module.kernels.0.base_kernel.kernels.7.base_kernel.kernels.0.kernels.1,RQKernel,0.7404696606302148,0.6606582561739613,0.8224133397217097,,,,,
component_outputscale_floor,2025-07-31,lengthscale,covar_module.kernels.0.base_kernel.kernels.7.base_kernel.kernels.1,MaternKernel,1.1853250820370755,0.24965726532700316,2.959157258542758,,,,,
component_outputscale_floor,2025-07-31,likelihood_noise,likelihood,HadamardGaussianLikelihood,0.006535553722345143,0.005731807599925365,0.007011954688106272,,,,,
component_outputscale_floor,2025-07-31,,covar_module.kernels.0.base_kernel.kernels.0,,,,,31.0,MaternKernel,0.01,0.05,0.75
component_outputscale_floor,2025-07-31,,covar_module.kernels.0.base_kernel.kernels.1,,,,,37.0,MaternKernel,0.01,0.05,0.75
component_outputscale_floor,2025-07-31,,covar_module.kernels.0.base_kernel.kernels.2,,,,,41.0,MaternKernel,0.01,0.05,0.75
component_outputscale_floor,2025-07-31,,covar_module.kernels.0.base_kernel.kernels.3,,,,,45.0,RQKernel,0.01,0.05,0.75
component_outputscale_floor,2025-07-31,,covar_module.kernels.0.base_kernel.kernels.4,,,,,50.0,LinearKernel,0.01,0.05,0.75
component_outputscale_floor,2025-07-31,,covar_module.kernels.0.base_kernel.kernels.5,,,,,53.0,ProductKernel,0.01,0.05,0.75
component_outputscale_floor,2025-07-31,,covar_module.kernels.0.base_kernel.kernels.6,,,,,62.0,ProductKernel,0.01,0.05,0.75
component_outputscale_floor,2025-07-31,,covar_module.kernels.0.base_kernel.kernels.7,,,,,79.0,ProductKernel,0.01,0.05,0.75
component_outputscale_floor,2025-08-29,time_varying_effective_lengthscale_eval,covar_module.kernels.0,_Module,5.057989067454416e-105,5.057989067454417e-105,5.057989067454417e-105,,,,,
component_outputscale_floor,2025-08-29,outputscale,covar_module.kernels.0.base_kernel.kernels.0,MaternKernel,0.03488389671358999,0.03488389671358999,0.03488389671358999,,,,,
component_outputscale_floor,2025-08-29,lengthscale,covar_module.kernels.0.base_kernel.kernels.0.base_kernel,MaternKernel,0.14394249317434202,0.14394249317434202,0.14394249317434202,,,,,
component_outputscale_floor,2025-08-29,outputscale,covar_module.kernels.0.base_kernel.kernels.1,MaternKernel,0.01217202355482911,0.01217202355482911,0.01217202355482911,,,,,
component_outputscale_floor,2025-08-29,lengthscale,covar_module.kernels.0.base_kernel.kernels.1.base_kernel,MaternKernel,0.8454711239767362,0.4250564302809431,1.5445435621414714,,,,,
component_outputscale_floor,2025-08-29,outputscale,covar_module.kernels.0.base_kernel.kernels.2,MaternKernel,0.022428883335751208,0.022428883335751208,0.022428883335751208,,,,,
component_outputscale_floor,2025-08-29,lengthscale,covar_module.kernels.0.base_kernel.kernels.2.base_kernel,MaternKernel,0.743017728790907,0.57279923632837,0.8553268366315102,,,,,
component_outputscale_floor,2025-08-29,outputscale,covar_module.kernels.0.base_kernel.kernels.3,RQKernel,0.017937017915782984,0.017937017915782984,0.017937017915782984,,,,,
component_outputscale_floor,2025-08-29,lengthscale,covar_module.kernels.0.base_kernel.kernels.3.base_kernel,RQKernel,0.7647826682073757,0.6375626527662597,0.8460486917935567,,,,,
component_outputscale_floor,2025-08-29,outputscale,covar_module.kernels.0.base_kernel.kernels.4,LinearKernel,0.016152360229091563,0.016152360229091563,0.016152360229091563,,,,,
component_outputscale_floor,2025-08-29,outputscale,covar_module.kernels.0.base_kernel.kernels.5,ProductKernel,0.017853718587783816,0.017853718587783816,0.017853718587783816,,,,,
component_outputscale_floor,2025-08-29,lengthscale,covar_module.kernels.0.base_kernel.kernels.5.base_kernel.kernels.0,MaternKernel,0.0835637506669383,0.0835637506669383,0.0835637506669383,,,,,
component_outputscale_floor,2025-08-29,lengthscale,covar_module.kernels.0.base_kernel.kernels.5.base_kernel.kernels.1,MaternKernel,0.9002879923807228,0.4960799416552911,1.98425431643996,,,,,
component_outputscale_floor,2025-08-29,outputscale,covar_module.kernels.0.base_kernel.kernels.6,ProductKernel,0.18475505690447358,0.18475505690447358,0.18475505690447358,,,,,
component_outputscale_floor,2025-08-29,lengthscale,covar_module.kernels.0.base_kernel.kernels.6.base_kernel.kernels.0,MaternKernel,0.03218285089380889,0.03218285089380889,0.03218285089380889,,,,,
component_outputscale_floor,2025-08-29,lengthscale,covar_module.kernels.0.base_kernel.kernels.6.base_kernel.kernels.1.kernels.0,MaternKernel,0.7869027268173101,0.7545000618420031,0.8200864135619309,,,,,
component_outputscale_floor,2025-08-29,lengthscale,covar_module.kernels.0.base_kernel.kernels.6.base_kernel.kernels.1.kernels.1,RQKernel,0.7897678821241552,0.756396345790785,0.8211257540605722,,,,,
component_outputscale_floor,2025-08-29,outputscale,covar_module.kernels.0.base_kernel.kernels.7,ProductKernel,0.012809944851692694,0.012809944851692694,0.012809944851692694,,,,,
component_outputscale_floor,2025-08-29,lengthscale,covar_module.kernels.0.base_kernel.kernels.7.base_kernel.kernels.0.kernels.0,MaternKernel,0.745023143897208,0.681392503646785,0.8352340580943316,,,,,
component_outputscale_floor,2025-08-29,lengthscale,covar_module.kernels.0.base_kernel.kernels.7.base_kernel.kernels.0.kernels.1,RQKernel,0.7352482463488406,0.6375600004989022,0.8406562961531084,,,,,
component_outputscale_floor,2025-08-29,lengthscale,covar_module.kernels.0.base_kernel.kernels.7.base_kernel.kernels.1,MaternKernel,1.1436072599599814,0.27148517297305474,2.971286101535176,,,,,
component_outputscale_floor,2025-08-29,likelihood_noise,likelihood,HadamardGaussianLikelihood,0.006533768911434362,0.005672380525090436,0.006894844107642937,,,,,
component_outputscale_floor,2025-08-29,,covar_module.kernels.0.base_kernel.kernels.0,,,,,31.0,MaternKernel,0.01,0.05,0.75
component_outputscale_floor,2025-08-29,,covar_module.kernels.0.base_kernel.kernels.1,,,,,37.0,MaternKernel,0.01,0.05,0.75
component_outputscale_floor,2025-08-29,,covar_module.kernels.0.base_kernel.kernels.2,,,,,41.0,MaternKernel,0.01,0.05,0.75
component_outputscale_floor,2025-08-29,,covar_module.kernels.0.base_kernel.kernels.3,,,,,45.0,RQKernel,0.01,0.05,0.75
component_outputscale_floor,2025-08-29,,covar_module.kernels.0.base_kernel.kernels.4,,,,,50.0,LinearKernel,0.01,0.05,0.75
component_outputscale_floor,2025-08-29,,covar_module.kernels.0.base_kernel.kernels.5,,,,,53.0,ProductKernel,0.01,0.05,0.75
component_outputscale_floor,2025-08-29,,covar_module.kernels.0.base_kernel.kernels.6,,,,,62.0,ProductKernel,0.01,0.05,0.75
component_outputscale_floor,2025-08-29,,covar_module.kernels.0.base_kernel.kernels.7,,,,,79.0,ProductKernel,0.01,0.05,0.75
component_outputscale_floor,2025-09-30,time_varying_effective_lengthscale_eval,covar_module.kernels.0,_Module,1.809318581270982e-107,1.8093185812709818e-107,1.8093185812709818e-107,,,,,
component_outputscale_floor,2025-09-30,outputscale,covar_module.kernels.0.base_kernel.kernels.0,MaternKernel,0.03436893101899117,0.03436893101899117,0.03436893101899117,,,,,
component_outputscale_floor,2025-09-30,lengthscale,covar_module.kernels.0.base_kernel.kernels.0.base_kernel,MaternKernel,0.14818158019143313,0.14818158019143313,0.14818158019143313,,,,,
component_outputscale_floor,2025-09-30,outputscale,covar_module.kernels.0.base_kernel.kernels.1,MaternKernel,0.011596892281360415,0.011596892281360415,0.011596892281360415,,,,,
component_outputscale_floor,2025-09-30,lengthscale,covar_module.kernels.0.base_kernel.kernels.1.base_kernel,MaternKernel,0.8336708946618824,0.3916219797851716,1.5475012611315515,,,,,
component_outputscale_floor,2025-09-30,outputscale,covar_module.kernels.0.base_kernel.kernels.2,MaternKernel,0.02187517497211387,0.02187517497211387,0.02187517497211387,,,,,
component_outputscale_floor,2025-09-30,lengthscale,covar_module.kernels.0.base_kernel.kernels.2.base_kernel,MaternKernel,0.74971879178081,0.5840932674040911,0.834011941778038,,,,,
component_outputscale_floor,2025-09-30,outputscale,covar_module.kernels.0.base_kernel.kernels.3,RQKernel,0.017427807677864247,0.017427807677864247,0.017427807677864247,,,,,
component_outputscale_floor,2025-09-30,lengthscale,covar_module.kernels.0.base_kernel.kernels.3.base_kernel,RQKernel,0.7692202462929233,0.6426628357680974,0.8341422035795997,,,,,
component_outputscale_floor,2025-09-30,outputscale,covar_module.kernels.0.base_kernel.kernels.4,LinearKernel,0.015419707856658572,0.015419707856658572,0.015419707856658572,,,,,
component_outputscale_floor,2025-09-30,outputscale,covar_module.kernels.0.base_kernel.kernels.5,ProductKernel,0.028252174903907037,0.028252174903907037,0.028252174903907037,,,,,
component_outputscale_floor,2025-09-30,lengthscale,covar_module.kernels.0.base_kernel.kernels.5.base_kernel.kernels.0,MaternKernel,0.08362086021872715,0.08362086021872715,0.08362086021872715,,,,,
component_outputscale_floor,2025-09-30,lengthscale,covar_module.kernels.0.base_kernel.kernels.5.base_kernel.kernels.1,MaternKernel,1.2977436363239503,0.21177513027654626,3.1815064844243164,,,,,
component_outputscale_floor,2025-09-30,outputscale,covar_module.kernels.0.base_kernel.kernels.6,ProductKernel,0.19669285027139655,0.19669285027139655,0.19669285027139655,,,,,
component_outputscale_floor,2025-09-30,lengthscale,covar_module.kernels.0.base_kernel.kernels.6.base_kernel.kernels.0,MaternKernel,0.0302740829676348,0.0302740829676348,0.0302740829676348,,,,,
component_outputscale_floor,2025-09-30,lengthscale,covar_module.kernels.0.base_kernel.kernels.6.base_kernel.kernels.1.kernels.0,MaternKernel,0.7899303790038364,0.7549670656899188,0.8209027859429072,,,,,
component_outputscale_floor,2025-09-30,lengthscale,covar_module.kernels.0.base_kernel.kernels.6.base_kernel.kernels.1.kernels.1,RQKernel,0.7922374175853518,0.7559851101257661,0.8217488307799046,,,,,
component_outputscale_floor,2025-09-30,outputscale,covar_module.kernels.0.base_kernel.kernels.7,ProductKernel,0.011638048285606916,0.011638048285606916,0.011638048285606916,,,,,
component_outputscale_floor,2025-09-30,lengthscale,covar_module.kernels.0.base_kernel.kernels.7.base_kernel.kernels.0.kernels.0,MaternKernel,0.7478322247254134,0.6843139745653029,0.8133233254197529,,,,,
component_outputscale_floor,2025-09-30,lengthscale,covar_module.kernels.0.base_kernel.kernels.7.base_kernel.kernels.0.kernels.1,RQKernel,0.7415125396572015,0.6549347513154644,0.8241598922701903,,,,,
component_outputscale_floor,2025-09-30,lengthscale,covar_module.kernels.0.base_kernel.kernels.7.base_kernel.kernels.1,MaternKernel,1.1766226026876578,0.1626239422194536,3.0327593155164587,,,,,
component_outputscale_floor,2025-09-30,likelihood_noise,likelihood,HadamardGaussianLikelihood,0.006551016424639936,0.005833947093916807,0.007146178741252479,,,,,
component_outputscale_floor,2025-09-30,,covar_module.kernels.0.base_kernel.kernels.0,,,,,31.0,MaternKernel,0.01,0.05,0.75
component_outputscale_floor,2025-09-30,,covar_module.kernels.0.base_kernel.kernels.1,,,,,37.0,MaternKernel,0.01,0.05,0.75
component_outputscale_floor,2025-09-30,,covar_module.kernels.0.base_kernel.kernels.2,,,,,41.0,MaternKernel,0.01,0.05,0.75
component_outputscale_floor,2025-09-30,,covar_module.kernels.0.base_kernel.kernels.3,,,,,45.0,RQKernel,0.01,0.05,0.75
component_outputscale_floor,2025-09-30,,covar_module.kernels.0.base_kernel.kernels.4,,,,,50.0,LinearKernel,0.01,0.05,0.75
component_outputscale_floor,2025-09-30,,covar_module.kernels.0.base_kernel.kernels.5,,,,,53.0,ProductKernel,0.01,0.05,0.75
component_outputscale_floor,2025-09-30,,covar_module.kernels.0.base_kernel.kernels.6,,,,,62.0,ProductKernel,0.01,0.05,0.75
component_outputscale_floor,2025-09-30,,covar_module.kernels.0.base_kernel.kernels.7,,,,,79.0,ProductKernel,0.01,0.05,0.75
component_outputscale_floor,2025-10-31,time_varying_effective_lengthscale_eval,covar_module.kernels.0,_Module,6.86345877783817e-41,6.86345877783817e-41,6.86345877783817e-41,,,,,
component_outputscale_floor,2025-10-31,outputscale,covar_module.kernels.0.base_kernel.kernels.0,MaternKernel,0.021287965913351893,0.021287965913351893,0.021287965913351893,,,,,
component_outputscale_floor,2025-10-31,lengthscale,covar_module.kernels.0.base_kernel.kernels.0.base_kernel,MaternKernel,1.0235037893407246,1.0235037893407246,1.0235037893407246,,,,,
component_outputscale_floor,2025-10-31,outputscale,covar_module.kernels.0.base_kernel.kernels.1,MaternKernel,0.019608742912257046,0.019608742912257046,0.019608742912257046,,,,,
component_outputscale_floor,2025-10-31,lengthscale,covar_module.kernels.0.base_kernel.kernels.1.base_kernel,MaternKernel,53.76896604743417,5.767500441385123,392.9958417264581,,,,,
component_outputscale_floor,2025-10-31,outputscale,covar_module.kernels.0.base_kernel.kernels.2,MaternKernel,0.02345066965912542,0.02345066965912542,0.02345066965912542,,,,,
component_outputscale_floor,2025-10-31,lengthscale,covar_module.kernels.0.base_kernel.kernels.2.base_kernel,MaternKernel,86.02913137470391,1.2349491080786494,703.2526111908253,,,,,
component_outputscale_floor,2025-10-31,outputscale,covar_module.kernels.0.base_kernel.kernels.3,RQKernel,0.020860068764986972,0.020860068764986972,0.020860068764986972,,,,,
component_outputscale_floor,2025-10-31,lengthscale,covar_module.kernels.0.base_kernel.kernels.3.base_kernel,RQKernel,150.5065763157944,1.4372148831079128,1539.4289693375056,,,,,
component_outputscale_floor,2025-10-31,outputscale,covar_module.kernels.0.base_kernel.kernels.4,LinearKernel,0.02208860600743255,0.02208860600743255,0.02208860600743255,,,,,
component_outputscale_floor,2025-10-31,outputscale,covar_module.kernels.0.base_kernel.kernels.5,ProductKernel,0.10008369166827827,0.10008369166827827,0.10008369166827827,,,,,
component_outputscale_floor,2025-10-31,lengthscale,covar_module.kernels.0.base_kernel.kernels.5.base_kernel.kernels.0,MaternKernel,0.393206349073237,0.393206349073237,0.393206349073237,,,,,
component_outputscale_floor,2025-10-31,lengthscale,covar_module.kernels.0.base_kernel.kernels.5.base_kernel.kernels.1,MaternKernel,62.93174251625382,1.0614493634479623,423.4480452451439,,,,,
component_outputscale_floor,2025-10-31,outputscale,covar_module.kernels.0.base_kernel.kernels.6,ProductKernel,0.38284118195733813,0.38284118195733813,0.38284118195733813,,,,,
component_outputscale_floor,2025-10-31,lengthscale,covar_module.kernels.0.base_kernel.kernels.6.base_kernel.kernels.0,MaternKernel,1.6713156258062463,1.6713156258062463,1.6713156258062463,,,,,
component_outputscale_floor,2025-10-31,lengthscale,covar_module.kernels.0.base_kernel.kernels.6.base_kernel.kernels.1.kernels.0,MaternKernel,24.816696691420645,0.10041732771951976,83.94254963405507,,,,,
component_outputscale_floor,2025-10-31,lengthscale,covar_module.kernels.0.base_kernel.kernels.6.base_kernel.kernels.1.kernels.1,RQKernel,50.1747232385034,0.25729388643876816,284.04335489768994,,,,,
component_outputscale_floor,2025-10-31,outputscale,covar_module.kernels.0.base_kernel.kernels.7,ProductKernel,0.023831277197951285,0.023831277197951285,0.023831277197951285,,,,,
component_outputscale_floor,2025-10-31,lengthscale,covar_module.kernels.0.base_kernel.kernels.7.base_kernel.kernels.0.kernels.0,MaternKernel,45.99505386083994,0.1509239019518439,282.4708212774072,,,,,
component_outputscale_floor,2025-10-31,lengthscale,covar_module.kernels.0.base_kernel.kernels.7.base_kernel.kernels.0.kernels.1,RQKernel,101.54179469749833,0.35804482084313316,921.123710079209,,,,,
component_outputscale_floor,2025-10-31,lengthscale,covar_module.kernels.0.base_kernel.kernels.7.base_kernel.kernels.1,MaternKernel,137.75126746683873,1.6804938916581516,541.1618866190709,,,,,
component_outputscale_floor,2025-10-31,likelihood_noise,likelihood,HadamardGaussianLikelihood,0.013180313075724433,0.005510653104997931,0.05547205999143686,,,,,
component_outputscale_floor,2025-10-31,,covar_module.kernels.0.base_kernel.kernels.0,,,,,31.0,MaternKernel,0.01,0.05,0.75
component_outputscale_floor,2025-10-31,,covar_module.kernels.0.base_kernel.kernels.1,,,,,37.0,MaternKernel,0.01,0.05,0.75
component_outputscale_floor,2025-10-31,,covar_module.kernels.0.base_kernel.kernels.2,,,,,41.0,MaternKernel,0.01,0.05,0.75
component_outputscale_floor,2025-10-31,,covar_module.kernels.0.base_kernel.kernels.3,,,,,45.0,RQKernel,0.01,0.05,0.75
component_outputscale_floor,2025-10-31,,covar_module.kernels.0.base_kernel.kernels.4,,,,,50.0,LinearKernel,0.01,0.05,0.75
component_outputscale_floor,2025-10-31,,covar_module.kernels.0.base_kernel.kernels.5,,,,,53.0,ProductKernel,0.01,0.05,0.75
component_outputscale_floor,2025-10-31,,covar_module.kernels.0.base_kernel.kernels.6,,,,,62.0,ProductKernel,0.01,0.05,0.75
component_outputscale_floor,2025-10-31,,covar_module.kernels.0.base_kernel.kernels.7,,,,,79.0,ProductKernel,0.01,0.05,0.75
component_outputscale_floor,2025-11-28,time_varying_effective_lengthscale_eval,covar_module.kernels.0,_Module,7.033650960792863e-98,7.033650960792864e-98,7.033650960792864e-98,,,,,
component_outputscale_floor,2025-11-28,outputscale,covar_module.kernels.0.base_kernel.kernels.0,MaternKernel,0.034083472755052635,0.034083472755052635,0.034083472755052635,,,,,
component_outputscale_floor,2025-11-28,lengthscale,covar_module.kernels.0.base_kernel.kernels.0.base_kernel,MaternKernel,0.15468882347690938,0.15468882347690938,0.15468882347690938,,,,,
component_outputscale_floor,2025-11-28,outputscale,covar_module.kernels.0.base_kernel.kernels.1,MaternKernel,0.011971405358860878,0.011971405358860878,0.011971405358860878,,,,,
component_outputscale_floor,2025-11-28,lengthscale,covar_module.kernels.0.base_kernel.kernels.1.base_kernel,MaternKernel,0.8456441476055186,0.46697070278682634,1.4762448669715011,,,,,
component_outputscale_floor,2025-11-28,outputscale,covar_module.kernels.0.base_kernel.kernels.2,MaternKernel,0.02424019363557789,0.02424019363557789,0.02424019363557789,,,,,
component_outputscale_floor,2025-11-28,lengthscale,covar_module.kernels.0.base_kernel.kernels.2.base_kernel,MaternKernel,0.7600456003677969,0.5865083274094243,0.8579770741235563,,,,,
component_outputscale_floor,2025-11-28,outputscale,covar_module.kernels.0.base_kernel.kernels.3,RQKernel,0.019388519666794765,0.019388519666794765,0.019388519666794765,,,,,
component_outputscale_floor,2025-11-28,lengthscale,covar_module.kernels.0.base_kernel.kernels.3.base_kernel,RQKernel,0.7769237920073152,0.6457907436289614,0.8532913461491431,,,,,
component_outputscale_floor,2025-11-28,outputscale,covar_module.kernels.0.base_kernel.kernels.4,LinearKernel,0.017025689720131902,0.017025689720131902,0.017025689720131902,,,,,
component_outputscale_floor,2025-11-28,outputscale,covar_module.kernels.0.base_kernel.kernels.5,ProductKernel,0.020638357925318557,0.020638357925318557,0.020638357925318557,,,,,
component_outputscale_floor,2025-11-28,lengthscale,covar_module.kernels.0.base_kernel.kernels.5.base_kernel.kernels.0,MaternKernel,0.08214502882261945,0.08214502882261945,0.08214502882261945,,,,,
component_outputscale_floor,2025-11-28,lengthscale,covar_module.kernels.0.base_kernel.kernels.5.base_kernel.kernels.1,MaternKernel,0.9222670784311853,0.5257224237380866,2.168943909018954,,,,,
component_outputscale_floor,2025-11-28,outputscale,covar_module.kernels.0.base_kernel.kernels.6,ProductKernel,0.19763400729302702,0.19763400729302702,0.19763400729302702,,,,,
component_outputscale_floor,2025-11-28,lengthscale,covar_module.kernels.0.base_kernel.kernels.6.base_kernel.kernels.0,MaternKernel,0.03504159481799581,0.03504159481799581,0.03504159481799581,,,,,
component_outputscale_floor,2025-11-28,lengthscale,covar_module.kernels.0.base_kernel.kernels.6.base_kernel.kernels.1.kernels.0,MaternKernel,0.7915765704419817,0.7621783196945668,0.8207518281537151,,,,,
component_outputscale_floor,2025-11-28,lengthscale,covar_module.kernels.0.base_kernel.kernels.6.base_kernel.kernels.1.kernels.1,RQKernel,0.7940028927137729,0.7632706891585707,0.8216113826790051,,,,,
component_outputscale_floor,2025-11-28,outputscale,covar_module.kernels.0.base_kernel.kernels.7,ProductKernel,0.013442172374059928,0.013442172374059928,0.013442172374059928,,,,,
component_outputscale_floor,2025-11-28,lengthscale,covar_module.kernels.0.base_kernel.kernels.7.base_kernel.kernels.0.kernels.0,MaternKernel,0.7454219703686074,0.6696092885927231,0.8305947644152716,,,,,
component_outputscale_floor,2025-11-28,lengthscale,covar_module.kernels.0.base_kernel.kernels.7.base_kernel.kernels.0.kernels.1,RQKernel,0.7318335761755248,0.6393081830319713,0.8338249595967667,,,,,
component_outputscale_floor,2025-11-28,lengthscale,covar_module.kernels.0.base_kernel.kernels.7.base_kernel.kernels.1,MaternKernel,1.1065861039629605,0.4088281787983965,2.9316469166686323,,,,,
component_outputscale_floor,2025-11-28,likelihood_noise,likelihood,HadamardGaussianLikelihood,0.006541028126638028,0.005690502927903461,0.006960256222858718,,,,,
component_outputscale_floor,2025-11-28,,covar_module.kernels.0.base_kernel.kernels.0,,,,,31.0,MaternKernel,0.01,0.05,0.75
component_outputscale_floor,2025-11-28,,covar_module.kernels.0.base_kernel.kernels.1,,,,,37.0,MaternKernel,0.01,0.05,0.75
component_outputscale_floor,2025-11-28,,covar_module.kernels.0.base_kernel.kernels.2,,,,,41.0,MaternKernel,0.01,0.05,0.75
component_outputscale_floor,2025-11-28,,covar_module.kernels.0.base_kernel.kernels.3,,,,,45.0,RQKernel,0.01,0.05,0.75
component_outputscale_floor,2025-11-28,,covar_module.kernels.0.base_kernel.kernels.4,,,,,50.0,LinearKernel,0.01,0.05,0.75
component_outputscale_floor,2025-11-28,,covar_module.kernels.0.base_kernel.kernels.5,,,,,53.0,ProductKernel,0.01,0.05,0.75
component_outputscale_floor,2025-11-28,,covar_module.kernels.0.base_kernel.kernels.6,,,,,62.0,ProductKernel,0.01,0.05,0.75
component_outputscale_floor,2025-11-28,,covar_module.kernels.0.base_kernel.kernels.7,,,,,79.0,ProductKernel,0.01,0.05,0.75
component_outputscale_floor,2025-12-31,time_varying_effective_lengthscale_eval,covar_module.kernels.0,_Module,9.454835201090332e-129,9.454835201090333e-129,9.454835201090333e-129,,,,,
component_outputscale_floor,2025-12-31,outputscale,covar_module.kernels.0.base_kernel.kernels.0,MaternKernel,0.032272578088185504,0.032272578088185504,0.032272578088185504,,,,,
component_outputscale_floor,2025-12-31,lengthscale,covar_module.kernels.0.base_kernel.kernels.0.base_kernel,MaternKernel,0.1410819397071906,0.1410819397071906,0.1410819397071906,,,,,
component_outputscale_floor,2025-12-31,outputscale,covar_module.kernels.0.base_kernel.kernels.1,MaternKernel,0.011861021010431154,0.011861021010431154,0.011861021010431154,,,,,
component_outputscale_floor,2025-12-31,lengthscale,covar_module.kernels.0.base_kernel.kernels.1.base_kernel,MaternKernel,0.8537009120956323,0.3377679503145759,1.5566177362747096,,,,,
component_outputscale_floor,2025-12-31,outputscale,covar_module.kernels.0.base_kernel.kernels.2,MaternKernel,0.019652841802883993,0.019652841802883993,0.019652841802883993,,,,,
component_outputscale_floor,2025-12-31,lengthscale,covar_module.kernels.0.base_kernel.kernels.2.base_kernel,MaternKernel,0.7387747108412501,0.5322838496346037,0.8979056969467724,,,,,
component_outputscale_floor,2025-12-31,outputscale,covar_module.kernels.0.base_kernel.kernels.3,RQKernel,0.017674515622072014,0.017674515622072014,0.017674515622072014,,,,,
component_outputscale_floor,2025-12-31,lengthscale,covar_module.kernels.0.base_kernel.kernels.3.base_kernel,RQKernel,0.7647767117969971,0.6247722263585758,0.8694243397255165,,,,,
component_outputscale_floor,2025-12-31,outputscale,covar_module.kernels.0.base_kernel.kernels.4,LinearKernel,0.015653279489115112,0.015653279489115112,0.015653279489115112,,,,,
component_outputscale_floor,2025-12-31,outputscale,covar_module.kernels.0.base_kernel.kernels.5,ProductKernel,0.027804095776507463,0.027804095776507463,0.027804095776507463,,,,,
component_outputscale_floor,2025-12-31,lengthscale,covar_module.kernels.0.base_kernel.kernels.5.base_kernel.kernels.0,MaternKernel,0.056513081820213674,0.056513081820213674,0.056513081820213674,,,,,
component_outputscale_floor,2025-12-31,lengthscale,covar_module.kernels.0.base_kernel.kernels.5.base_kernel.kernels.1,MaternKernel,1.0039074629011422,0.30799651955309204,2.4550392345730376,,,,,
component_outputscale_floor,2025-12-31,outputscale,covar_module.kernels.0.base_kernel.kernels.6,ProductKernel,0.22729609275924484,0.22729609275924484,0.22729609275924484,,,,,
component_outputscale_floor,2025-12-31,lengthscale,covar_module.kernels.0.base_kernel.kernels.6.base_kernel.kernels.0,MaternKernel,0.02785164061427586,0.02785164061427586,0.02785164061427586,,,,,
component_outputscale_floor,2025-12-31,lengthscale,covar_module.kernels.0.base_kernel.kernels.6.base_kernel.kernels.1.kernels.0,MaternKernel,0.7792564596520171,0.739273785339012,0.8237186788658256,,,,,
component_outputscale_floor,2025-12-31,lengthscale,covar_module.kernels.0.base_kernel.kernels.6.base_kernel.kernels.1.kernels.1,RQKernel,0.7826276831204644,0.740670707740356,0.8238697817405674,,,,,
component_outputscale_floor,2025-12-31,outputscale,covar_module.kernels.0.base_kernel.kernels.7,ProductKernel,0.012475186202835428,0.012475186202835428,0.012475186202835428,,,,,
component_outputscale_floor,2025-12-31,lengthscale,covar_module.kernels.0.base_kernel.kernels.7.base_kernel.kernels.0.kernels.0,MaternKernel,0.7158436343861628,0.6397449704144955,0.8288580468347606,,,,,
component_outputscale_floor,2025-12-31,lengthscale,covar_module.kernels.0.base_kernel.kernels.7.base_kernel.kernels.0.kernels.1,RQKernel,0.7034673443699506,0.6056533623556514,0.8308224482879708,,,,,
component_outputscale_floor,2025-12-31,lengthscale,covar_module.kernels.0.base_kernel.kernels.7.base_kernel.kernels.1,MaternKernel,1.22918216105751,0.32648920722775254,3.427131954780857,,,,,
component_outputscale_floor,2025-12-31,likelihood_noise,likelihood,HadamardGaussianLikelihood,0.006549826003746488,0.005611377874124638,0.007300794587728225,,,,,
component_outputscale_floor,2025-12-31,,covar_module.kernels.0.base_kernel.kernels.0,,,,,31.0,MaternKernel,0.01,0.05,0.75
component_outputscale_floor,2025-12-31,,covar_module.kernels.0.base_kernel.kernels.1,,,,,37.0,MaternKernel,0.01,0.05,0.75
component_outputscale_floor,2025-12-31,,covar_module.kernels.0.base_kernel.kernels.2,,,,,41.0,MaternKernel,0.01,0.05,0.75
component_outputscale_floor,2025-12-31,,covar_module.kernels.0.base_kernel.kernels.3,,,,,45.0,RQKernel,0.01,0.05,0.75
component_outputscale_floor,2025-12-31,,covar_module.kernels.0.base_kernel.kernels.4,,,,,50.0,LinearKernel,0.01,0.05,0.75
component_outputscale_floor,2025-12-31,,covar_module.kernels.0.base_kernel.kernels.5,,,,,53.0,ProductKernel,0.01,0.05,0.75
component_outputscale_floor,2025-12-31,,covar_module.kernels.0.base_kernel.kernels.6,,,,,62.0,ProductKernel,0.01,0.05,0.75
component_outputscale_floor,2025-12-31,,covar_module.kernels.0.base_kernel.kernels.7,,,,,79.0,ProductKernel,0.01,0.05,0.75
component_outputscale_floor,2026-01-30,time_varying_effective_lengthscale_eval,covar_module.kernels.0,_Module,1.1360701897353425e-104,1.1360701897353425e-104,1.1360701897353425e-104,,,,,
component_outputscale_floor,2026-01-30,outputscale,covar_module.kernels.0.base_kernel.kernels.0,MaternKernel,0.03502791409405069,0.03502791409405069,0.03502791409405069,,,,,
component_outputscale_floor,2026-01-30,lengthscale,covar_module.kernels.0.base_kernel.kernels.0.base_kernel,MaternKernel,0.1490651984154779,0.1490651984154779,0.1490651984154779,,,,,
component_outputscale_floor,2026-01-30,outputscale,covar_module.kernels.0.base_kernel.kernels.1,MaternKernel,0.012117575118235746,0.012117575118235746,0.012117575118235746,,,,,
component_outputscale_floor,2026-01-30,lengthscale,covar_module.kernels.0.base_kernel.kernels.1.base_kernel,MaternKernel,0.8343007271115339,0.3672159334494873,1.5091920260438376,,,,,
component_outputscale_floor,2026-01-30,outputscale,covar_module.kernels.0.base_kernel.kernels.2,MaternKernel,0.022145974080121283,0.022145974080121283,0.022145974080121283,,,,,
component_outputscale_floor,2026-01-30,lengthscale,covar_module.kernels.0.base_kernel.kernels.2.base_kernel,MaternKernel,0.742359861232381,0.5761751201295061,0.8576611311968709,,,,,
component_outputscale_floor,2026-01-30,outputscale,covar_module.kernels.0.base_kernel.kernels.3,RQKernel,0.018478693966852207,0.018478693966852207,0.018478693966852207,,,,,
component_outputscale_floor,2026-01-30,lengthscale,covar_module.kernels.0.base_kernel.kernels.3.base_kernel,RQKernel,0.7649828643499856,0.6510167707464467,0.8473251028002435,,,,,
component_outputscale_floor,2026-01-30,outputscale,covar_module.kernels.0.base_kernel.kernels.4,LinearKernel,0.01658266337992878,0.01658266337992878,0.01658266337992878,,,,,
component_outputscale_floor,2026-01-30,outputscale,covar_module.kernels.0.base_kernel.kernels.5,ProductKernel,0.025160135773060227,0.025160135773060227,0.025160135773060227,,,,,
component_outputscale_floor,2026-01-30,lengthscale,covar_module.kernels.0.base_kernel.kernels.5.base_kernel.kernels.0,MaternKernel,0.08037998317513073,0.08037998317513073,0.08037998317513073,,,,,
component_outputscale_floor,2026-01-30,lengthscale,covar_module.kernels.0.base_kernel.kernels.5.base_kernel.kernels.1,MaternKernel,0.9741926292998652,0.43803886433213807,2.3402305255928573,,,,,
component_outputscale_floor,2026-01-30,outputscale,covar_module.kernels.0.base_kernel.kernels.6,ProductKernel,0.20139193335761277,0.20139193335761277,0.20139193335761277,,,,,
component_outputscale_floor,2026-01-30,lengthscale,covar_module.kernels.0.base_kernel.kernels.6.base_kernel.kernels.0,MaternKernel,0.03070151819070531,0.03070151819070531,0.03070151819070531,,,,,
component_outputscale_floor,2026-01-30,lengthscale,covar_module.kernels.0.base_kernel.kernels.6.base_kernel.kernels.1.kernels.0,MaternKernel,0.786756772283308,0.7522481341179434,0.8206955163604254,,,,,
component_outputscale_floor,2026-01-30,lengthscale,covar_module.kernels.0.base_kernel.kernels.6.base_kernel.kernels.1.kernels.1,RQKernel,0.7896359999301883,0.7543321509151107,0.8209423186105315,,,,,
component_outputscale_floor,2026-01-30,outputscale,covar_module.kernels.0.base_kernel.kernels.7,ProductKernel,0.014301942535066767,0.014301942535066767,0.014301942535066767,,,,,
component_outputscale_floor,2026-01-30,lengthscale,covar_module.kernels.0.base_kernel.kernels.7.base_kernel.kernels.0.kernels.0,MaternKernel,0.7438777092190879,0.6965226574731316,0.830351656931472,,,,,
component_outputscale_floor,2026-01-30,lengthscale,covar_module.kernels.0.base_kernel.kernels.7.base_kernel.kernels.0.kernels.1,RQKernel,0.734379574758141,0.6720070480283046,0.8300521826612354,,,,,
component_outputscale_floor,2026-01-30,lengthscale,covar_module.kernels.0.base_kernel.kernels.7.base_kernel.kernels.1,MaternKernel,1.1102445646704924,0.30572124403390477,3.027578622241826,,,,,
component_outputscale_floor,2026-01-30,likelihood_noise,likelihood,HadamardGaussianLikelihood,0.006562462460468934,0.005643002887694959,0.006979275704603858,,,,,
component_outputscale_floor,2026-01-30,,covar_module.kernels.0.base_kernel.kernels.0,,,,,31.0,MaternKernel,0.01,0.05,0.75
component_outputscale_floor,2026-01-30,,covar_module.kernels.0.base_kernel.kernels.1,,,,,37.0,MaternKernel,0.01,0.05,0.75
component_outputscale_floor,2026-01-30,,covar_module.kernels.0.base_kernel.kernels.2,,,,,41.0,MaternKernel,0.01,0.05,0.75
component_outputscale_floor,2026-01-30,,covar_module.kernels.0.base_kernel.kernels.3,,,,,45.0,RQKernel,0.01,0.05,0.75
component_outputscale_floor,2026-01-30,,covar_module.kernels.0.base_kernel.kernels.4,,,,,50.0,LinearKernel,0.01,0.05,0.75
component_outputscale_floor,2026-01-30,,covar_module.kernels.0.base_kernel.kernels.5,,,,,53.0,ProductKernel,0.01,0.05,0.75
component_outputscale_floor,2026-01-30,,covar_module.kernels.0.base_kernel.kernels.6,,,,,62.0,ProductKernel,0.01,0.05,0.75
component_outputscale_floor,2026-01-30,,covar_module.kernels.0.base_kernel.kernels.7,,,,,79.0,ProductKernel,0.01,0.05,0.75
component_outputscale_floor,2026-02-27,time_varying_effective_lengthscale_eval,covar_module.kernels.0,_Module,2.1101575063571073e-84,2.1101575063571073e-84,2.1101575063571073e-84,,,,,
component_outputscale_floor,2026-02-27,outputscale,covar_module.kernels.0.base_kernel.kernels.0,MaternKernel,0.035866770899743126,0.035866770899743126,0.035866770899743126,,,,,
component_outputscale_floor,2026-02-27,lengthscale,covar_module.kernels.0.base_kernel.kernels.0.base_kernel,MaternKernel,0.15039228315669725,0.15039228315669725,0.15039228315669725,,,,,
component_outputscale_floor,2026-02-27,outputscale,covar_module.kernels.0.base_kernel.kernels.1,MaternKernel,0.011846102792898171,0.011846102792898171,0.011846102792898171,,,,,
component_outputscale_floor,2026-02-27,lengthscale,covar_module.kernels.0.base_kernel.kernels.1.base_kernel,MaternKernel,0.8359061914533903,0.396385825698924,1.3440454534447983,,,,,
component_outputscale_floor,2026-02-27,outputscale,covar_module.kernels.0.base_kernel.kernels.2,MaternKernel,0.026408368659323514,0.026408368659323514,0.026408368659323514,,,,,
component_outputscale_floor,2026-02-27,lengthscale,covar_module.kernels.0.base_kernel.kernels.2.base_kernel,MaternKernel,0.7483084909660799,0.5796940116915977,0.870376990813047,,,,,
component_outputscale_floor,2026-02-27,outputscale,covar_module.kernels.0.base_kernel.kernels.3,RQKernel,0.02033100806180758,0.02033100806180758,0.02033100806180758,,,,,
component_outputscale_floor,2026-02-27,lengthscale,covar_module.kernels.0.base_kernel.kernels.3.base_kernel,RQKernel,0.769989197384224,0.65610154724103,0.8483520809446619,,,,,
component_outputscale_floor,2026-02-27,outputscale,covar_module.kernels.0.base_kernel.kernels.4,LinearKernel,0.017035809368312664,0.017035809368312664,0.017035809368312664,,,,,
component_outputscale_floor,2026-02-27,outputscale,covar_module.kernels.0.base_kernel.kernels.5,ProductKernel,0.013623251900336832,0.013623251900336832,0.013623251900336832,,,,,
component_outputscale_floor,2026-02-27,lengthscale,covar_module.kernels.0.base_kernel.kernels.5.base_kernel.kernels.0,MaternKernel,0.08412718443309947,0.08412718443309947,0.08412718443309947,,,,,
component_outputscale_floor,2026-02-27,lengthscale,covar_module.kernels.0.base_kernel.kernels.5.base_kernel.kernels.1,MaternKernel,0.9180634147950634,0.6087323068229538,1.887145331913374,,,,,
component_outputscale_floor,2026-02-27,outputscale,covar_module.kernels.0.base_kernel.kernels.6,ProductKernel,0.22434986525751718,0.22434986525751718,0.22434986525751718,,,,,
component_outputscale_floor,2026-02-27,lengthscale,covar_module.kernels.0.base_kernel.kernels.6.base_kernel.kernels.0,MaternKernel,0.03431395625638525,0.03431395625638525,0.03431395625638525,,,,,
component_outputscale_floor,2026-02-27,lengthscale,covar_module.kernels.0.base_kernel.kernels.6.base_kernel.kernels.1.kernels.0,MaternKernel,0.7860968455895361,0.7543176274398515,0.821330660467704,,,,,
component_outputscale_floor,2026-02-27,lengthscale,covar_module.kernels.0.base_kernel.kernels.6.base_kernel.kernels.1.kernels.1,RQKernel,0.7890484412753327,0.7566032346292934,0.8216903630964281,,,,,
component_outputscale_floor,2026-02-27,outputscale,covar_module.kernels.0.base_kernel.kernels.7,ProductKernel,0.012226550950225819,0.012226550950225819,0.012226550950225819,,,,,
component_outputscale_floor,2026-02-27,lengthscale,covar_module.kernels.0.base_kernel.kernels.7.base_kernel.kernels.0.kernels.0,MaternKernel,0.7563994460411934,0.7161281986936038,0.8359454286081005,,,,,
component_outputscale_floor,2026-02-27,lengthscale,covar_module.kernels.0.base_kernel.kernels.7.base_kernel.kernels.0.kernels.1,RQKernel,0.7482156499227914,0.6685194404353006,0.8386575734575006,,,,,
component_outputscale_floor,2026-02-27,lengthscale,covar_module.kernels.0.base_kernel.kernels.7.base_kernel.kernels.1,MaternKernel,1.1249399989475102,0.3042296558292135,2.8739894647143727,,,,,
component_outputscale_floor,2026-02-27,likelihood_noise,likelihood,HadamardGaussianLikelihood,0.006551480569275636,0.005690602963625322,0.006902282697024326,,,,,
component_outputscale_floor,2026-02-27,,covar_module.kernels.0.base_kernel.kernels.0,,,,,31.0,MaternKernel,0.01,0.05,0.75
component_outputscale_floor,2026-02-27,,covar_module.kernels.0.base_kernel.kernels.1,,,,,37.0,MaternKernel,0.01,0.05,0.75
component_outputscale_floor,2026-02-27,,covar_module.kernels.0.base_kernel.kernels.2,,,,,41.0,MaternKernel,0.01,0.05,0.75
component_outputscale_floor,2026-02-27,,covar_module.kernels.0.base_kernel.kernels.3,,,,,45.0,RQKernel,0.01,0.05,0.75
component_outputscale_floor,2026-02-27,,covar_module.kernels.0.base_kernel.kernels.4,,,,,50.0,LinearKernel,0.01,0.05,0.75
component_outputscale_floor,2026-02-27,,covar_module.kernels.0.base_kernel.kernels.5,,,,,53.0,ProductKernel,0.01,0.05,0.75
component_outputscale_floor,2026-02-27,,covar_module.kernels.0.base_kernel.kernels.6,,,,,62.0,ProductKernel,0.01,0.05,0.75
component_outputscale_floor,2026-02-27,,covar_module.kernels.0.base_kernel.kernels.7,,,,,79.0,ProductKernel,0.01,0.05,0.75
component_outputscale_floor,2026-03-31,time_varying_effective_lengthscale_eval,covar_module.kernels.0,_Module,2.2501627044108827e-127,2.250162704410883e-127,2.250162704410883e-127,,,,,
component_outputscale_floor,2026-03-31,outputscale,covar_module.kernels.0.base_kernel.kernels.0,MaternKernel,0.03335168707376855,0.03335168707376855,0.03335168707376855,,,,,
component_outputscale_floor,2026-03-31,lengthscale,covar_module.kernels.0.base_kernel.kernels.0.base_kernel,MaternKernel,0.14078297042010526,0.14078297042010526,0.14078297042010526,,,,,
component_outputscale_floor,2026-03-31,outputscale,covar_module.kernels.0.base_kernel.kernels.1,MaternKernel,0.011480762079043546,0.011480762079043546,0.011480762079043546,,,,,
component_outputscale_floor,2026-03-31,lengthscale,covar_module.kernels.0.base_kernel.kernels.1.base_kernel,MaternKernel,0.8702128201764271,0.354188681650202,1.707455881276362,,,,,
component_outputscale_floor,2026-03-31,outputscale,covar_module.kernels.0.base_kernel.kernels.2,MaternKernel,0.0184534867582707,0.0184534867582707,0.0184534867582707,,,,,
component_outputscale_floor,2026-03-31,lengthscale,covar_module.kernels.0.base_kernel.kernels.2.base_kernel,MaternKernel,0.7315999382059641,0.4889383782669864,0.8778304966253488,,,,,
component_outputscale_floor,2026-03-31,outputscale,covar_module.kernels.0.base_kernel.kernels.3,RQKernel,0.01639085631980645,0.01639085631980645,0.01639085631980645,,,,,
component_outputscale_floor,2026-03-31,lengthscale,covar_module.kernels.0.base_kernel.kernels.3.base_kernel,RQKernel,0.7595274330469911,0.5898488398229319,0.8588864766693691,,,,,
component_outputscale_floor,2026-03-31,outputscale,covar_module.kernels.0.base_kernel.kernels.4,LinearKernel,0.015195449752086341,0.015195449752086341,0.015195449752086341,,,,,
component_outputscale_floor,2026-03-31,outputscale,covar_module.kernels.0.base_kernel.kernels.5,ProductKernel,0.02384567444661738,0.02384567444661738,0.02384567444661738,,,,,
component_outputscale_floor,2026-03-31,lengthscale,covar_module.kernels.0.base_kernel.kernels.5.base_kernel.kernels.0,MaternKernel,0.08086243995636447,0.08086243995636447,0.08086243995636447,,,,,
component_outputscale_floor,2026-03-31,lengthscale,covar_module.kernels.0.base_kernel.kernels.5.base_kernel.kernels.1,MaternKernel,1.1163216607916218,0.3880831653881687,3.0833910122413304,,,,,
component_outputscale_floor,2026-03-31,outputscale,covar_module.kernels.0.base_kernel.kernels.6,ProductKernel,0.20486680114071742,0.20486680114071742,0.20486680114071742,,,,,
component_outputscale_floor,2026-03-31,lengthscale,covar_module.kernels.0.base_kernel.kernels.6.base_kernel.kernels.0,MaternKernel,0.02717281957899115,0.02717281957899115,0.02717281957899115,,,,,
component_outputscale_floor,2026-03-31,lengthscale,covar_module.kernels.0.base_kernel.kernels.6.base_kernel.kernels.1.kernels.0,MaternKernel,0.7799341306423306,0.7362781694270074,0.8213956077092116,,,,,
component_outputscale_floor,2026-03-31,lengthscale,covar_module.kernels.0.base_kernel.kernels.6.base_kernel.kernels.1.kernels.1,RQKernel,0.7831781645419761,0.7382277280540511,0.8217801281837633,,,,,
component_outputscale_floor,2026-03-31,outputscale,covar_module.kernels.0.base_kernel.kernels.7,ProductKernel,0.010810468536895448,0.010810468536895448,0.010810468536895448,,,,,
component_outputscale_floor,2026-03-31,lengthscale,covar_module.kernels.0.base_kernel.kernels.7.base_kernel.kernels.0.kernels.0,MaternKernel,0.741272831719265,0.6784570119691938,0.8271404320940556,,,,,
component_outputscale_floor,2026-03-31,lengthscale,covar_module.kernels.0.base_kernel.kernels.7.base_kernel.kernels.0.kernels.1,RQKernel,0.7335058360982332,0.6110089945687354,0.8276109660297077,,,,,
component_outputscale_floor,2026-03-31,lengthscale,covar_module.kernels.0.base_kernel.kernels.7.base_kernel.kernels.1,MaternKernel,1.2189040521683536,0.22391526385901472,3.4493900754853617,,,,,
component_outputscale_floor,2026-03-31,likelihood_noise,likelihood,HadamardGaussianLikelihood,0.006531919480350461,0.0055881611089605,0.007015509031555897,,,,,
component_outputscale_floor,2026-03-31,,covar_module.kernels.0.base_kernel.kernels.0,,,,,31.0,MaternKernel,0.01,0.05,0.75
component_outputscale_floor,2026-03-31,,covar_module.kernels.0.base_kernel.kernels.1,,,,,37.0,MaternKernel,0.01,0.05,0.75
component_outputscale_floor,2026-03-31,,covar_module.kernels.0.base_kernel.kernels.2,,,,,41.0,MaternKernel,0.01,0.05,0.75
component_outputscale_floor,2026-03-31,,covar_module.kernels.0.base_kernel.kernels.3,,,,,45.0,RQKernel,0.01,0.05,0.75
component_outputscale_floor,2026-03-31,,covar_module.kernels.0.base_kernel.kernels.4,,,,,50.0,LinearKernel,0.01,0.05,0.75
component_outputscale_floor,2026-03-31,,covar_module.kernels.0.base_kernel.kernels.5,,,,,53.0,ProductKernel,0.01,0.05,0.75
component_outputscale_floor,2026-03-31,,covar_module.kernels.0.base_kernel.kernels.6,,,,,62.0,ProductKernel,0.01,0.05,0.75
component_outputscale_floor,2026-03-31,,covar_module.kernels.0.base_kernel.kernels.7,,,,,79.0,ProductKernel,0.01,0.05,0.75
component_outputscale_floor,2026-04-30,time_varying_effective_lengthscale_eval,covar_module.kernels.0,_Module,3.747232477573715e-160,3.7472324775737144e-160,3.7472324775737144e-160,,,,,
component_outputscale_floor,2026-04-30,outputscale,covar_module.kernels.0.base_kernel.kernels.0,MaternKernel,0.03228714168205405,0.03228714168205405,0.03228714168205405,,,,,
component_outputscale_floor,2026-04-30,lengthscale,covar_module.kernels.0.base_kernel.kernels.0.base_kernel,MaternKernel,0.1290523875351176,0.1290523875351176,0.1290523875351176,,,,,
component_outputscale_floor,2026-04-30,outputscale,covar_module.kernels.0.base_kernel.kernels.1,MaternKernel,0.01140191466762625,0.01140191466762625,0.01140191466762625,,,,,
component_outputscale_floor,2026-04-30,lengthscale,covar_module.kernels.0.base_kernel.kernels.1.base_kernel,MaternKernel,0.8676131820985495,0.34794368499744316,1.7328957529699582,,,,,
component_outputscale_floor,2026-04-30,outputscale,covar_module.kernels.0.base_kernel.kernels.2,MaternKernel,0.025720587786326396,0.025720587786326396,0.025720587786326396,,,,,
component_outputscale_floor,2026-04-30,lengthscale,covar_module.kernels.0.base_kernel.kernels.2.base_kernel,MaternKernel,0.7254029626082636,0.43547727629082533,0.8757669261885234,,,,,
component_outputscale_floor,2026-04-30,outputscale,covar_module.kernels.0.base_kernel.kernels.3,RQKernel,0.019089846441606537,0.019089846441606537,0.019089846441606537,,,,,
component_outputscale_floor,2026-04-30,lengthscale,covar_module.kernels.0.base_kernel.kernels.3.base_kernel,RQKernel,0.7582439490589654,0.5703940619740994,0.8625002238134833,,,,,
component_outputscale_floor,2026-04-30,outputscale,covar_module.kernels.0.base_kernel.kernels.4,LinearKernel,0.014862306801378358,0.014862306801378358,0.014862306801378358,,,,,
component_outputscale_floor,2026-04-30,outputscale,covar_module.kernels.0.base_kernel.kernels.5,ProductKernel,0.045454162599024836,0.045454162599024836,0.045454162599024836,,,,,
component_outputscale_floor,2026-04-30,lengthscale,covar_module.kernels.0.base_kernel.kernels.5.base_kernel.kernels.0,MaternKernel,0.043499760386826035,0.043499760386826035,0.043499760386826035,,,,,
component_outputscale_floor,2026-04-30,lengthscale,covar_module.kernels.0.base_kernel.kernels.5.base_kernel.kernels.1,MaternKernel,1.1118224192055335,0.23522156545051878,2.940306837701981,,,,,
component_outputscale_floor,2026-04-30,outputscale,covar_module.kernels.0.base_kernel.kernels.6,ProductKernel,0.2448367463588042,0.2448367463588042,0.2448367463588042,,,,,
component_outputscale_floor,2026-04-30,lengthscale,covar_module.kernels.0.base_kernel.kernels.6.base_kernel.kernels.0,MaternKernel,0.02710270156026168,0.02710270156026168,0.02710270156026168,,,,,
component_outputscale_floor,2026-04-30,lengthscale,covar_module.kernels.0.base_kernel.kernels.6.base_kernel.kernels.1.kernels.0,MaternKernel,0.7659158790360575,0.707762505595693,0.8201330985538463,,,,,
component_outputscale_floor,2026-04-30,lengthscale,covar_module.kernels.0.base_kernel.kernels.6.base_kernel.kernels.1.kernels.1,RQKernel,0.7714779316028721,0.7092376756983189,0.8216869985708866,,,,,
component_outputscale_floor,2026-04-30,outputscale,covar_module.kernels.0.base_kernel.kernels.7,ProductKernel,0.012167203390854732,0.012167203390854732,0.012167203390854732,,,,,
component_outputscale_floor,2026-04-30,lengthscale,covar_module.kernels.0.base_kernel.kernels.7.base_kernel.kernels.0.kernels.0,MaternKernel,0.6765169685678802,0.6213925466579672,0.801466941181101,,,,,
component_outputscale_floor,2026-04-30,lengthscale,covar_module.kernels.0.base_kernel.kernels.7.base_kernel.kernels.0.kernels.1,RQKernel,0.6629345693564239,0.5823212281356802,0.795381598392562,,,,,
component_outputscale_floor,2026-04-30,lengthscale,covar_module.kernels.0.base_kernel.kernels.7.base_kernel.kernels.1,MaternKernel,1.4047200604205237,0.2468290686235486,4.608086701170653,,,,,
component_outputscale_floor,2026-04-30,likelihood_noise,likelihood,HadamardGaussianLikelihood,0.006592348303446107,0.005729296266756145,0.00773357395551777,,,,,
component_outputscale_floor,2026-04-30,,covar_module.kernels.0.base_kernel.kernels.0,,,,,31.0,MaternKernel,0.01,0.05,0.75
component_outputscale_floor,2026-04-30,,covar_module.kernels.0.base_kernel.kernels.1,,,,,37.0,MaternKernel,0.01,0.05,0.75
component_outputscale_floor,2026-04-30,,covar_module.kernels.0.base_kernel.kernels.2,,,,,41.0,MaternKernel,0.01,0.05,0.75
component_outputscale_floor,2026-04-30,,covar_module.kernels.0.base_kernel.kernels.3,,,,,45.0,RQKernel,0.01,0.05,0.75
component_outputscale_floor,2026-04-30,,covar_module.kernels.0.base_kernel.kernels.4,,,,,50.0,LinearKernel,0.01,0.05,0.75
component_outputscale_floor,2026-04-30,,covar_module.kernels.0.base_kernel.kernels.5,,,,,53.0,ProductKernel,0.01,0.05,0.75
component_outputscale_floor,2026-04-30,,covar_module.kernels.0.base_kernel.kernels.6,,,,,62.0,ProductKernel,0.01,0.05,0.75
component_outputscale_floor,2026-04-30,,covar_module.kernels.0.base_kernel.kernels.7,,,,,79.0,ProductKernel,0.01,0.05,0.75
