date,asset_id,y_excess_lead
2014-07-31,BND,0.011396134478253828
2014-07-31,BNDX,0.013661834739327139
2014-07-31,EWX,0.026910533920777135
2014-07-31,HYEM,0.0026793893689325277
2014-07-31,HYG,0.023785007663232438
2014-07-31,IEF,0.018785136790237855
2014-07-31,IJR,0.04249015062633599
2014-07-31,IWM,0.04827682808600264
2014-07-31,LQD,0.02002178152163525
2014-07-31,MGK,0.044446192410632746
2014-07-31,SPY,0.039444787825655636
2014-07-31,VEA,0.002627989048656465
2014-07-31,VNQ,0.030421822823025968
2014-07-31,VNQI,0.002539207161543322
2014-07-31,VSS,0.014545547587842655
2014-07-31,VTV,0.03436487771549368
2014-07-31,VWO,0.03840762782703444
2014-07-31,VWOB,0.011040221713550347
2014-08-29,BND,-0.005726197049570891
2014-08-29,BNDX,-0.001275737992113779
2014-08-29,EWX,-0.061066573141004055
2014-08-29,HYEM,-0.014688260752917626
2014-08-29,HYG,-0.019838577957493664
2014-08-29,IEF,-0.010505529885055265
2014-08-29,IJR,-0.052130914788086846
2014-08-29,IWM,-0.05928901446924828
2014-08-29,LQD,-0.01682656310000996
2014-08-29,MGK,-0.01446431403744497
2014-08-29,SPY,-0.013806873901029193
2014-08-29,VEA,-0.04153821327499052
2014-08-29,VNQ,-0.06041564896722018
2014-08-29,VNQI,-0.06580999614105998
2014-08-29,VSS,-0.06271593783227924
2014-08-29,VTV,-0.012795372940903271
2014-08-29,VWO,-0.07166776895138938
2014-08-29,VWOB,-0.022050362767496723
2014-09-30,BND,0.0072179982202340565
2014-09-30,BNDX,0.00604087163536815
2014-09-30,EWX,-0.01522428365147721
2014-09-30,HYEM,0.000698937665091437
2014-09-30,HYG,0.010595432474332478
2014-09-30,IEF,0.015353418790250872
2014-09-30,IJR,0.06911713707594602
2014-09-30,IWM,0.06592480008574264
2014-09-30,LQD,0.012332734963381053
2014-09-30,MGK,0.028403680118445518
2014-09-30,SPY,0.023540938305027348
2014-09-30,VEA,-0.0035319433125509114
2014-09-30,VNQ,0.09936305083370378
2014-09-30,VNQI,0.04425079850225466
2014-09-30,VSS,-0.014892532605894404
2014-09-30,VTV,0.0179705283107523
2014-09-30,VWO,0.022286853350157232
2014-09-30,VWOB,0.01621355681163883
2014-10-31,BND,0.008300416637426533
2014-10-31,BNDX,0.009054793259408722
2014-10-31,EWX,-0.012707697565868314
2014-10-31,HYEM,-0.019958839815857
2014-10-31,HYG,-0.010820253491274356
2014-10-31,IEF,0.012877055072347376
2014-10-31,IJR,-0.0018926076964644878
2014-10-31,IWM,0.00110577908694931
2014-10-31,LQD,0.009107497772909534
2014-10-31,MGK,0.03086896978203546
2014-10-31,SPY,0.0274621948455005
2014-10-31,VEA,-9.444399638458556e-06
2014-10-31,VNQ,0.019993131144421694
2014-10-31,VNQI,-0.01126513733904777
2014-10-31,VSS,-0.018894493077378782
2014-10-31,VTV,0.02466947924174523
2014-10-31,VWO,-0.011032179835492317
2014-10-31,VWOB,-0.005132513273645722
2014-11-28,BND,0.0005526768355283984
2014-11-28,BNDX,0.009818403848043555
2014-11-28,EWX,-0.02972450708359531
2014-11-28,HYEM,-0.061687693917893305
2014-11-28,HYG,-0.008046800859522807
2014-11-28,IEF,0.001277495006338114
2014-11-28,IJR,0.028898692023462846
2014-11-28,IWM,0.028912560856892533
2014-11-28,LQD,-0.00018758870865653865
2014-11-28,MGK,-0.014447161694529864
2014-11-28,SPY,-0.0025525783450007777
2014-11-28,VEA,-0.03771264643653527
2014-11-28,VNQ,0.01902253206570803
2014-11-28,VNQI,-0.023896628165590128
2014-11-28,VSS,-0.02023067716801663
2014-11-28,VTV,0.0035370750940748596
2014-11-28,VWO,-0.04681818627193257
2014-11-28,VWOB,-0.02668993289990307
2014-12-31,BND,0.024023072346291086
2014-12-31,BNDX,0.01787297990380332
2014-12-31,EWX,-0.009937280494272671
2014-12-31,HYEM,-0.015250497384733719
2014-12-31,HYG,0.0070168128026950605
2014-12-31,IEF,0.043008625663352396
2014-12-31,IJR,-0.03587213932382749
2014-12-31,IWM,-0.03278399820278188
2014-12-31,LQD,0.037503078005520996
2014-12-31,MGK,-0.014164316573334612
2014-12-31,SPY,-0.029642970511544298
2014-12-31,VEA,0.007113263601283171
2014-12-31,VNQ,0.06850348658736083
2014-12-31,VNQI,0.026517440448660334
2014-12-31,VSS,-0.006204236405014774
2014-12-31,VTV,-0.040964864786842914
2014-12-31,VWO,-0.002013208712314807
2014-12-31,VWOB,0.0058788495498691695
2015-01-30,BND,-0.01307482205058852
2015-01-30,BNDX,-0.0018225499943519408
2015-01-30,EWX,0.033705172378552195
2015-01-30,HYEM,0.03300231597624603
2015-01-30,HYG,0.022304107156980724
2015-01-30,IEF,-0.024724669579804792
2015-01-30,IJR,0.06009963231414761
2015-01-30,IWM,0.05945598838893651
2015-01-30,LQD,-0.01421180768008723
2015-01-30,MGK,0.0626482004372988
2015-01-30,SPY,0.056196384504996866
2015-01-30,VEA,0.06159102761609958
2015-01-30,VNQ,-0.03674905015751917
2015-01-30,VNQI,0.03675968496106474
2015-01-30,VSS,0.06280834269043156
2015-01-30,VTV,0.05305883002906664
2015-01-30,VWO,0.0465622775569039
2015-01-30,VWOB,0.014880921582986373
2015-02-27,BND,0.005436086787997674
2015-02-27,BNDX,0.004852049278179393
2015-02-27,EWX,-0.013897442221045164
2015-02-27,HYEM,0.014710008265804708
2015-02-27,HYG,-0.009492586832859473
2015-02-27,IEF,0.008544841612900811
2015-02-27,IJR,0.01598604084145072
2015-02-27,IWM,0.017684607315887613
2015-02-27,LQD,0.0019356971918038646
2015-02-27,MGK,-0.01845574882973744
2015-02-27,SPY,-0.01572002332142075
2015-02-27,VEA,-0.012198170436735878
2015-02-27,VNQ,0.017304015765647218
2015-02-27,VNQI,-0.011781425409964963
2015-02-27,VSS,-0.013376044390006281
2015-02-27,VTV,-0.01328334374081841
2015-02-27,VWO,-0.02056767005865212
2015-02-27,VWOB,0.0052339384229458386
2015-03-31,BND,-0.003245709560711796
2015-03-31,BNDX,-0.010264552293797857
2015-03-31,EWX,0.0598754455823407
2015-03-31,HYEM,0.04321155185452774
2015-03-31,HYG,0.008700387642229801
2015-03-31,IEF,-0.006341260067740939
2015-03-31,IJR,-0.023056733857678702
2015-03-31,IWM,-0.02566084179306094
2015-03-31,LQD,-0.011882983559184823
2015-03-31,MGK,0.0009477716790828872
2015-03-31,SPY,0.009822008469371868
2015-03-31,VEA,0.03865200347681741
2015-03-31,VNQ,-0.05848589540586191
2015-03-31,VNQI,0.050813987587899456
2015-03-31,VSS,0.055800396104330297
2015-03-31,VTV,0.012771553483958531
2015-03-31,VWO,0.0741247864697323
2015-03-31,VWOB,0.01771641731421858
2015-04-30,BND,-0.0049736654631258315
2015-04-30,BNDX,-0.0052295952372013454
2015-04-30,EWX,0.004842412996414414
2015-04-30,HYEM,0.02120472410638885
2015-04-30,HYG,0.0035485451850365557
2015-04-30,IEF,-0.004170044590952271
2015-04-30,IJR,0.014562528533285324
2015-04-30,IWM,0.022356404220256865
2015-04-30,LQD,-0.011210122787155608
2015-04-30,MGK,0.015456507159033794
2015-04-30,SPY,0.012849047594781116
2015-04-30,VEA,-0.0004904321754167773
2015-04-30,VNQ,-0.003030439001186269
2015-04-30,VNQI,-0.02334514083463679
2015-04-30,VSS,0.0018059218075339167
2015-04-30,VTV,0.011789590091147772
2015-04-30,VWO,-0.03554204457297483
2015-04-30,VWOB,-0.0011920625007747487
2015-05-29,BND,-0.01112911965703467
2015-05-29,BNDX,-0.013549177368188059
2015-05-29,EWX,-0.049798099136294294
2015-05-29,HYEM,-0.0167742619461847
2015-05-29,HYG,-0.018877119326721425
2015-05-29,IEF,-0.01631518389545239
2015-05-29,IJR,0.010567313316258486
2015-05-29,IWM,0.007823199071470999
2015-05-29,LQD,-0.018837885417250066
2015-05-29,MGK,-0.01715710838049833
2015-05-29,SPY,-0.0203181195254174
2015-05-29,VEA,-0.02911379763114219
2015-05-29,VNQ,-0.0466923076131861
2015-05-29,VNQI,-0.03298413443919679
2015-05-29,VSS,-0.022753504104149447
2015-05-29,VTV,-0.02229463745764748
2015-05-29,VWO,-0.02553698187788156
2015-05-29,VWOB,-0.015311798875253246
2015-06-30,BND,0.008772824631911647
2015-06-30,BNDX,0.012828168762830217
2015-06-30,EWX,-0.07328600578871602
2015-06-30,HYEM,-0.007362595238507352
2015-06-30,HYG,-0.004940232477862128
2015-06-30,IEF,0.015164121860594237
2015-06-30,IJR,-0.008332739089411567
2015-06-30,IWM,-0.011058118113535964
2015-06-30,LQD,0.008300528184685074
2015-06-30,MGK,0.03493712103121749
2015-06-30,SPY,0.0225695741340457
2015-06-30,VEA,0.014608805764794175
2015-06-30,VNQ,0.057685256847290534
2015-06-30,VNQI,-0.006509908690156996
2015-06-30,VSS,-0.029257158214064494
2015-06-30,VTV,0.010057671322849737
2015-06-30,VWO,-0.06264028996481819
2015-06-30,VWOB,0.002524686324222536
2015-07-31,BND,-0.002507782928800828
2015-07-31,BNDX,-0.007017671020667637
2015-07-31,EWX,-0.10976786263814631
2015-07-31,HYEM,-0.027528703593596826
2015-07-31,HYG,-0.01527756063263297
2015-07-31,IEF,0.0007450127335644208
2015-07-31,IJR,-0.05196805841012275
2015-07-31,IWM,-0.06315289012656489
2015-07-31,LQD,-0.008320176314370986
2015-07-31,MGK,-0.06538184575998629
2015-07-31,SPY,-0.060993183121466954
2015-07-31,VEA,-0.07237648034997202
2015-07-31,VNQ,-0.06295452065558482
2015-07-31,VNQI,-0.0744526064430392
2015-07-31,VSS,-0.05684526132564094
2015-07-31,VTV,-0.058475714457539296
2015-07-31,VWO,-0.09868437293228738
2015-07-31,VWOB,-0.013057232938913144
2015-08-31,BND,0.00807903637534868
2015-08-31,BNDX,0.0081148046533277
2015-08-31,EWX,-0.00513035697636921
2015-08-31,HYEM,-0.013972707282361552
2015-08-31,HYG,-0.02991522970063165
2015-08-31,IEF,0.015774320529567287
2015-08-31,IJR,-0.0352890632230356
2015-08-31,IWM,-0.04937975898723013
2015-08-31,LQD,0.011880783285654672
2015-08-31,MGK,-0.027419619811536733
2015-08-31,SPY,-0.025533058949969045
2015-08-31,VEA,-0.04082034792273759
2015-08-31,VNQ,0.03057973155171334
2015-08-31,VNQI,0.004287337950694914
2015-08-31,VSS,-0.023216201613883825
2015-08-31,VTV,-0.025390003601185596
2015-08-31,VWO,-0.02883346195285652
2015-08-31,VWOB,-0.01406413849016408
2015-09-30,BND,0.0002818557556187873
2015-09-30,BNDX,0.005890742549481853
2015-09-30,EWX,0.06165968970283786
2015-09-30,HYEM,0.028684391011305932
2015-09-30,HYG,0.03229525699991753
2015-09-30,IEF,-0.006380891446656212
2015-09-30,IJR,0.06079260176278267
2015-09-30,IWM,0.05621500409714075
2015-09-30,LQD,0.005724846036797793
2015-09-30,MGK,0.09810985723214927
2015-09-30,SPY,0.08504727351858854
2015-09-30,VEA,0.06732801709392389
2015-09-30,VNQ,0.05757286530621708
2015-09-30,VNQI,0.05060618334243139
2015-09-30,VSS,0.046956125976109764
2015-09-30,VTV,0.076469654633196
2015-09-30,VWO,0.0528738557947801
2015-09-30,VWOB,0.02768656132548708
2015-10-30,BND,-0.004023827822326798
2015-10-30,BNDX,0.0018097746760741273
2015-10-30,EWX,-0.009008139554290695
2015-10-30,HYEM,0.007071285371910596
2015-10-30,HYG,-0.025050132535524683
2015-10-30,IEF,-0.004368275285163814
2015-10-30,IJR,0.026885371615504194
2015-10-30,IWM,0.03250454832336391
2015-10-30,LQD,-0.0016335443152831752
2015-10-30,MGK,0.0014305416114659408
2015-10-30,SPY,0.003563055296433415
2015-10-30,VEA,-0.007714511114555789
2015-10-30,VNQ,-0.006349607371062382
2015-10-30,VNQI,-0.023432455350054227
2015-10-30,VSS,0.0020142261801467942
2015-10-30,VTV,0.005354482210239597
2015-10-30,VWO,-0.023051735282853203
2015-10-30,VWOB,0.0017056151931076347
2015-11-30,BND,-0.0019488135684833097
2015-11-30,BNDX,-0.0016017721951985253
2015-11-30,EWX,-0.007262883836547718
2015-11-30,HYEM,-0.02894936295728545
2015-11-30,HYG,-0.02010546945496705
2015-11-30,IEF,-0.004716762891019521
2015-11-30,IJR,-0.047534147212222155
2015-11-30,IWM,-0.050481916309784824
2015-11-30,LQD,-0.010996306460618221
2015-11-30,MGK,-0.025169263174449896
2015-11-30,SPY,-0.01746634030318739
2015-11-30,VEA,-0.021519728200185773
2015-11-30,VNQ,0.018118857504809682
2015-11-30,VNQI,-0.007724548319948288
2015-11-30,VSS,-0.010890834947889672
2015-11-30,VTV,-0.011620773782189842
2015-11-30,VWO,-0.03454884429689864
2015-11-30,VWOB,-0.015525395696397104
2015-12-31,BND,0.011813515836186061
2015-12-31,BNDX,0.01285053079144527
2015-12-31,EWX,-0.06541702187366938
2015-12-31,HYEM,-0.008330996859848838
2015-12-31,HYG,-0.016201373165566246
2015-12-31,IEF,0.03313541229636385
2015-12-31,IJR,-0.06175789734417014
2015-12-31,IWM,-0.08595342517100069
2015-12-31,LQD,0.0010332685658629437
2015-12-31,MGK,-0.05594004326151103
2015-12-31,SPY,-0.049971940249137536
2015-12-31,VEA,-0.05546754455790592
2015-12-31,VNQ,-0.034554178070372865
2015-12-31,VNQI,-0.04793528322538665
2015-12-31,VSS,-0.06715731731354724
2015-12-31,VTV,-0.04778125558747104
2015-12-31,VWO,-0.05765832404642457
2015-12-31,VWOB,-0.003303502594788066
2016-01-29,BND,0.008262972775623156
2016-01-29,BNDX,0.012384123363212707
2016-01-29,EWX,0.009681830161937022
2016-01-29,HYEM,0.00869557431229695
2016-01-29,HYG,0.01471989794991635
2016-01-29,IEF,0.014610938655085004
2016-01-29,IJR,0.010688098789102929
2016-01-29,IWM,-0.002478251615473548
2016-01-29,LQD,0.0102696452251958
2016-01-29,MGK,-0.0061100122646865485
2016-01-29,SPY,-0.0010708799423446713
2016-01-29,VEA,-0.031082158405576155
2016-01-29,VNQ,-0.0038811837428534
2016-01-29,VNQI,0.009206146008193361
2016-01-29,VSS,0.004370143914083302
2016-01-29,VTV,0.000784876111975974
2016-01-29,VWO,-0.0034875473145449254
2016-01-29,VWOB,0.0189413141853505
2016-02-29,BND,0.008575651869632939
2016-02-29,BNDX,0.007225894105599373
2016-02-29,EWX,0.09241957326103134
2016-02-29,HYEM,0.04291733505741502
2016-02-29,HYG,0.02520986071669351
2016-02-29,IEF,-0.0009143965306104285
2016-02-29,IJR,0.08144671877930687
2016-02-29,IWM,0.0798606327335325
2016-02-29,LQD,0.035883183467694035
2016-02-29,MGK,0.0698554946565717
2016-02-29,SPY,0.06699534111835881
2016-02-29,VEA,0.07163789413716803
2016-02-29,VNQ,0.1043741957726807
2016-02-29,VNQI,0.09072084016092052
2016-02-29,VSS,0.0727599862595012
2016-02-29,VTV,0.06671654419009432
2016-02-29,VWO,0.12692141782797872
2016-02-29,VWOB,0.027249961387227017
2016-03-31,BND,0.003847595753158739
2016-03-31,BNDX,-0.002823697345831322
2016-03-31,EWX,0.00881406546727348
2016-03-31,HYEM,0.015065856093011032
2016-03-31,HYG,0.031038629352442282
2016-03-31,IEF,-0.0017427621380996516
2016-03-31,IJR,0.01180904064253796
2016-03-31,IWM,0.016537633107933436
2016-03-31,LQD,0.015361117789170375
2016-03-31,MGK,-0.0077585284337094995
2016-03-31,SPY,0.003758991114024779
2016-03-31,VEA,0.02294667847072529
2016-03-31,VNQ,-0.023685728018234098
2016-03-31,VNQI,0.02074536420470352
2016-03-31,VSS,0.03001219430881119
2016-03-31,VTV,0.01498724283066899
2016-03-31,VWO,0.009938067865620237
2016-03-31,VWOB,0.013203034176730188
2016-04-29,BND,-0.00029725037292893663
2016-04-29,BNDX,0.007252233374414052
2016-04-29,EWX,-0.03384806071365998
2016-04-29,HYEM,0.007542101805031898
2016-04-29,HYG,0.0014768296947156312
2016-04-29,IEF,-0.0012166580896475487
2016-04-29,IJR,0.015835389088056706
2016-04-29,IWM,0.02217410824188515
2016-04-29,LQD,-0.005348097914873007
2016-04-29,MGK,0.021588921200466293
2016-04-29,SPY,0.016782779291164118
2016-04-29,VEA,-0.003220488662736054
2016-04-29,VNQ,0.022255375031559055
2016-04-29,VNQI,-0.01724467839536592
2016-04-29,VSS,-0.0038624704389795816
2016-04-29,VTV,0.01041359416265708
2016-04-29,VWO,-0.03256832616961447
2016-04-29,VWOB,-0.0039706153771223995
2016-05-31,BND,0.01997043329449366
2016-05-31,BNDX,0.01926553563349298
2016-05-31,EWX,0.04130155261043256
2016-05-31,HYEM,0.02287589107380672
2016-05-31,HYG,0.017703933477778655
2016-05-31,IEF,0.030646059416540306
2016-05-31,IJR,0.0068306563085285266
2016-05-31,IWM,-0.00039668842531903614
2016-05-31,LQD,0.03071398574531381
2016-05-31,MGK,-0.006568331032999142
2016-05-31,SPY,0.0032523278107861042
2016-05-31,VEA,-0.020815303063147828
2016-05-31,VNQ,0.06904672062557204
2016-05-31,VNQI,0.015586832416168095
2016-05-31,VSS,-0.02074596829944586
2016-05-31,VTV,0.011029232051112725
2016-05-31,VWO,0.04900256508588563
2016-05-31,VWOB,0.04187253339229757
2016-06-30,BND,0.00575668553910158
2016-06-30,BNDX,0.007960905794120121
2016-06-30,EWX,0.05310841512710951
2016-06-30,HYEM,0.02365732681252375
2016-06-30,HYG,0.012895336183460726
2016-06-30,IEF,0.002231148484624468
2016-06-30,IJR,0.049664797654695114
2016-06-30,IWM,0.05850236747051629
2016-06-30,LQD,0.012679499444978815
2016-06-30,MGK,0.04696459685634924
2016-06-30,SPY,0.03622997059466315
2016-06-30,VEA,0.04133041941130533
2016-06-30,VNQ,0.04238739704339922
2016-06-30,VNQI,0.04008318158646662
2016-06-30,VSS,0.049384972469320054
2016-06-30,VTV,0.027881536515550698
2016-06-30,VWO,0.051132106307680836
2016-06-30,VWOB,0.009429263747241068
2016-07-29,BND,-0.0033947364582311845
2016-07-29,BNDX,0.0004551241443022658
2016-07-29,EWX,0.017826386174612185
2016-07-29,HYEM,0.009205831032146783
2016-07-29,HYG,0.019412511609827154
2016-07-29,IEF,-0.010369885868695805
2016-07-29,IJR,0.013753241244512049
2016-07-29,IWM,0.017577633439605167
2016-07-29,LQD,0.001544416335385712
2016-07-29,MGK,-0.003004036499476226
2016-07-29,SPY,0.0009388136366705879
2016-07-29,VEA,0.0038126528564050854
2016-07-29,VNQ,-0.03789093770960639
2016-07-29,VNQI,-0.0057693562011309485
2016-07-29,VSS,-0.005476857067995167
2016-07-29,VTV,0.006491715331563341
2016-07-29,VWO,0.0075690519104403275
2016-07-29,VWOB,0.01541239377443282
2016-08-31,BND,0.0009026859673020304
2016-08-31,BNDX,-0.0001324533365528735
2016-08-31,EWX,0.02226154918946488
2016-08-31,HYEM,0.020349468666867487
2016-08-31,HYG,0.01054202791226544
2016-08-31,IEF,0.0021347150331130216
2016-08-31,IJR,0.006079175341108245
2016-08-31,IWM,0.01049605067472914
2016-08-31,LQD,-0.0033949466258921257
2016-08-31,MGK,0.007385261489327277
2016-08-31,SPY,-0.00018175468636083547
2016-08-31,VEA,0.016134903169002124
2016-08-31,VNQ,-0.01856082475977283
2016-08-31,VNQI,0.010862548065457833
2016-08-31,VSS,0.02861353847198056
2016-08-31,VTV,-0.004926686980918138
2016-08-31,VWO,0.019962607245345154
2016-08-31,VWOB,0.0024002045280402395
2016-09-30,BND,-0.009648939475214613
2016-09-30,BNDX,-0.012828167748142882
2016-09-30,EWX,-0.003961971779636642
2016-09-30,HYEM,-0.006483157960257779
2016-09-30,HYG,-0.010084024515838452
2016-09-30,IEF,-0.015199393304686226
2016-09-30,IJR,-0.044384774352207446
2016-09-30,IWM,-0.046214648145173176
2016-09-30,LQD,-0.015538473912722561
2016-09-30,MGK,-0.022427131001307776
2016-09-30,SPY,-0.017588377457863347
2016-09-30,VEA,-0.024307184954980077
2016-09-30,VNQ,-0.05765414805481395
2016-09-30,VNQI,-0.048667875511592906
2016-09-30,VSS,-0.029787169266326075
2016-09-30,VTV,-0.011172471270149198
2016-09-30,VWO,0.002932300593157411
2016-09-30,VWOB,-0.013987662625839836
2016-10-31,BND,-0.026108334881563944
2016-10-31,BNDX,-0.012852010845577522
2016-10-31,EWX,-0.042921626642793864
2016-10-31,HYEM,-0.017420997648453063
2016-10-31,HYG,-0.0001924800216013267
2016-10-31,IEF,-0.04263616578630536
2016-10-31,IJR,0.12479451500925465
2016-10-31,IWM,0.11021184154938557
2016-10-31,LQD,-0.03204231006480451
2016-10-31,MGK,0.009319528735950433
2016-10-31,SPY,0.036444672196148886
2016-10-31,VEA,-0.01543818123950047
2016-10-31,VNQ,-0.017129244791332487
2016-10-31,VNQI,-0.03927943733151662
2016-10-31,VSS,-0.022112347765355977
2016-10-31,VTV,0.05956284836854464
2016-10-31,VWO,-0.040893875020850845
2016-10-31,VWOB,-0.03659152898932805
2016-11-30,BND,0.002870475915554893
2016-11-30,BNDX,0.0038201346706692174
2016-11-30,EWX,-0.015361760742100494
2016-11-30,HYEM,0.017001865036158303
2016-11-30,HYG,0.01795392165963028
2016-11-30,IEF,-0.0016110172116277077
2016-11-30,IJR,0.03341618633865684
2016-11-30,IWM,0.028404787023760703
2016-11-30,LQD,0.007960977722213158
2016-11-30,MGK,0.012748413476245446
2016-11-30,SPY,0.019836340780354345
2016-11-30,VEA,0.024047973106518183
2016-11-30,VNQ,0.04772309129951191
2016-11-30,VNQI,-0.0032274791851122364
2016-11-30,VSS,0.010325105535045287
2016-11-30,VTV,0.026845666755636932
2016-11-30,VWO,-0.007806422619210496
2016-11-30,VWOB,0.014775100230429272
2016-12-30,BND,0.0014210301164485628
2016-12-30,BNDX,-0.01019231440359758
2016-12-30,EWX,0.06575057178786903
2016-12-30,HYEM,0.018692497085014637
2016-12-30,HYG,0.00868975262143512
2016-12-30,IEF,0.0017595807367423166
2016-12-30,IJR,-0.006248735460534283
2016-12-30,IWM,0.0023825621612998393
2016-12-30,LQD,0.0010161563005914864
2016-12-30,MGK,0.03582603852889665
2016-12-30,SPY,0.01745303448644253
2016-12-30,VEA,0.03622239242491965
2016-12-30,VNQ,-0.0023718259136906727
2016-12-30,VNQI,0.03303951795643001
2016-12-30,VSS,0.047508651823501946
2016-12-30,VTV,0.00450953819797939
2016-12-30,VWO,0.057114796126580325
2016-12-30,VWOB,0.013745904072461679
2017-01-31,BND,0.0057587744168374755
2017-01-31,BNDX,0.008435007185132681
2017-01-31,EWX,0.039012292994031084
2017-01-31,HYEM,0.013160704053228223
2017-01-31,HYG,0.01490594099629794
2017-01-31,IEF,0.006827719457821235
2017-01-31,IJR,0.0156798029227998
2017-01-31,IWM,0.018887834651741375
2017-01-31,LQD,0.012799542131787689
2017-01-31,MGK,0.0467673478774413
2017-01-31,SPY,0.03887052167141425
2017-01-31,VEA,0.010150246114362327
2017-01-31,VNQ,0.03466624619715053
2017-01-31,VNQI,0.026326248532751118
2017-01-31,VSS,0.015927040809097015
2017-01-31,VTV,0.035420515304826816
2017-01-31,VWO,0.022049063432303617
2017-01-31,VWOB,0.0134094679629857
2017-02-28,BND,-0.001053972514264534
2017-02-28,BNDX,-0.0009181430905983445
2017-02-28,EWX,0.03021508650311322
2017-02-28,HYEM,0.0013706420578927236
2017-02-28,HYG,-0.002091835460760305
2017-02-28,IEF,0.00014518511295213976
2017-02-28,IJR,-0.0016816662866454557
2017-02-28,IWM,-0.00039957499973453103
2017-02-28,LQD,-0.0036091580912858134
2017-02-28,MGK,0.014380899063431318
2017-02-28,SPY,0.0005894158227566226
2017-02-28,VEA,0.029904554745238343
2017-02-28,VNQ,-0.02488017045606239
2017-02-28,VNQI,0.011879587027020522
2017-02-28,VSS,0.025031958923422915
2017-02-28,VTV,-0.009835970711382425
2017-02-28,VWO,0.02777090845359642
2017-02-28,VWOB,0.0056909505376125935
2017-03-31,BND,0.007331809648716936
2017-03-31,BNDX,0.004291820996934481
2017-03-31,EWX,0.016774491952843418
2017-03-31,HYEM,0.014250917562013354
2017-03-31,HYG,0.007528806414081046
2017-03-31,IEF,0.01045806928626214
2017-03-31,IJR,0.008480131562007553
2017-03-31,IWM,0.010862167351227914
2017-03-31,LQD,0.011258172831194901
2017-03-31,MGK,0.023497097817563484
2017-03-31,SPY,0.009296777296390557
2017-03-31,VEA,0.02150041878647513
2017-03-31,VNQ,0.0017968727029948894
2017-03-31,VNQI,0.021893790708890082
2017-03-31,VSS,0.026929171145082975
2017-03-31,VTV,-0.0009375144527129509
2017-03-31,VWO,0.014976453416022828
2017-03-31,VWOB,0.013208868795475004
2017-04-28,BND,0.006293780188712406
2017-04-28,BNDX,0.006483619631825421
2017-04-28,EWX,-0.0033997680904351846
2017-04-28,HYEM,0.00032605728226187125
2017-04-28,HYG,0.009502467235619427
2017-04-28,IEF,0.007458147986323604
2017-04-28,IJR,-0.021705646805873835
2017-04-28,IWM,-0.020490222347614884
2017-04-28,LQD,0.01251728596571211
2017-04-28,MGK,0.02896307682560262
2017-04-28,SPY,0.01329865641792316
2017-04-28,VEA,0.03327453320637974
2017-04-28,VNQ,-0.008044342467709131
2017-04-28,VNQI,0.03552484901646147
2017-04-28,VSS,0.019942413855252195
2017-04-28,VTV,-0.00017413694580070693
2017-04-28,VWO,0.009105017834629026
2017-04-28,VWOB,0.006841726571827245
2017-05-31,BND,-0.0003348300992331854
2017-05-31,BNDX,-0.006203768593994297
2017-05-31,EWX,0.016087356823828447
2017-05-31,HYEM,-0.007568481291204576
2017-05-31,HYG,0.0004775718276368579
2017-05-31,IEF,-0.005938465419278893
2017-05-31,IJR,0.02819751152871297
2017-05-31,IWM,0.03286754442511586
2017-05-31,LQD,0.003951528971818163
2017-05-31,MGK,-0.006167451784331424
2017-05-31,SPY,0.005522286533598653
2017-05-31,VEA,0.005519982292043091
2017-05-31,VNQ,0.02146018636207092
2017-05-31,VNQI,0.0007085117799858764
2017-05-31,VSS,0.011054604458569317
2017-05-31,VTV,0.017148422097225335
2017-05-31,VWO,0.007649397456618523
2017-05-31,VWOB,-0.005082929626016419
2017-06-30,BND,0.005241362781246872
2017-06-30,BNDX,0.000760852757653474
2017-06-30,EWX,0.03102187717368654
2017-06-30,HYEM,0.007154541575838058
2017-06-30,HYG,0.009305967440768281
2017-06-30,IEF,0.002868314024458085
2017-06-30,IJR,0.009099222743272684
2017-06-30,IWM,0.007640766301650448
2017-06-30,LQD,0.006771687877512811
2017-06-30,MGK,0.02558462466176925
2017-06-30,SPY,0.019659803994802605
2017-06-30,VEA,0.02789809380966557
2017-06-30,VNQ,0.01148790248565179
2017-06-30,VNQI,0.03997689057907894
2017-06-30,VSS,0.03525555656703516
2017-06-30,VTV,0.01454072134990203
2017-06-30,VWO,0.0524687500127643
2017-06-30,VWOB,0.006923734625753131
2017-07-31,BND,0.009749479998537813
2017-07-31,BNDX,0.008416571223269775
2017-07-31,EWX,0.029781576900397955
2017-07-31,HYEM,0.011740292608231728
2017-07-31,HYG,-0.00026659961360908646
2017-07-31,IEF,0.013640620348385646
2017-07-31,IJR,-0.025471335452260102
2017-07-31,IWM,-0.013488208754670272
2017-07-31,LQD,0.00584428671329551
2017-07-31,MGK,0.012210449588544448
2017-07-31,SPY,0.0019938128631808993
2017-07-31,VEA,-0.0006858554645978732
2017-07-31,VNQ,-0.00352975844981962
2017-07-31,VNQI,0.011705781320131114
2017-07-31,VSS,0.008442507861270876
2017-07-31,VTV,-0.005607965161341655
2017-07-31,VWO,0.029044914926575016
2017-07-31,VWOB,0.017335203514325714
2017-08-31,BND,-0.005529127445691784
2017-08-31,BNDX,-0.004874295790960215
2017-08-31,EWX,-0.0026570989422828317
2017-08-31,HYEM,0.005882592521198937
2017-08-31,HYG,0.00515663121637
2017-08-31,IEF,-0.01524842303844065
2017-08-31,IJR,0.07702607535804096
2017-08-31,IWM,0.06214255885513453
2017-08-31,LQD,-0.0013396516707719908
2017-08-31,MGK,0.008919130851422707
2017-08-31,SPY,0.019286820746988065
2017-08-31,VEA,0.024276181020540077
2017-08-31,VNQ,-0.0019849679110590657
2017-08-31,VNQI,0.004159789073804099
2017-08-31,VSS,0.019662228220783895
2017-08-31,VTV,0.028946504113258387
2017-08-31,VWO,-0.005792999964331913
2017-08-31,VWOB,-0.002013206052992933
2017-09-29,BND,-0.0011962932968720974
2017-09-29,BNDX,0.005282395549141894
2017-09-29,EWX,0.02609061258301093
2017-09-29,HYEM,0.006271324173360515
2017-09-29,HYG,-7.979565992854987e-05
2017-09-29,IEF,-0.0028153368827321668
2017-09-29,IJR,0.007687940044242447
2017-09-29,IWM,0.0063539444905562625
2017-09-29,LQD,0.0009979373325648133
2017-09-29,MGK,0.029315628741358957
2017-09-29,SPY,0.022614835556684865
2017-09-29,VEA,0.01679371752938441
2017-09-29,VNQ,-0.011628980031466507
2017-09-29,VNQI,0.003276542169328156
2017-09-29,VSS,0.013850377573122685
2017-09-29,VTV,0.017388287714504846
2017-09-29,VWO,0.023378389596907967
2017-09-29,VWOB,0.0004684669736820801
2017-10-31,BND,-0.0021263993926687874
2017-10-31,BNDX,0.0012705657755511801
2017-10-31,EWX,0.0032571327527115557
2017-10-31,HYEM,-0.011914724390377662
2017-10-31,HYG,-0.004735523794294427
2017-10-31,IEF,-0.003851252723988785
2017-10-31,IJR,0.03389953326431017
2017-10-31,IWM,0.02831950385959492
2017-10-31,LQD,-0.0022937375605048826
2017-10-31,MGK,0.02384482778804098
2017-10-31,SPY,0.029471959402799675
2017-10-31,VEA,0.007530790534284071
2017-10-31,VNQ,0.02555248610779759
2017-10-31,VNQI,0.01283587119172891
2017-10-31,VSS,0.00758915916557279
2017-10-31,VTV,0.03412020733261922
2017-10-31,VWO,-0.004418525088597303
2017-10-31,VWOB,-0.005831759519288382
2017-11-30,BND,0.004320550730806838
2017-11-30,BNDX,0.0016434407136318718
2017-11-30,EWX,0.03764733255118968
2017-11-30,HYEM,0.008263024670593477
2017-11-30,HYG,0.0013713836518276512
2017-11-30,IEF,0.0007619785780186294
2017-11-30,IJR,-0.006334304961512882
2017-11-30,IWM,-0.005064588363805078
2017-11-30,LQD,0.011107576752129589
2017-11-30,MGK,0.00948660937454937
2017-11-30,SPY,0.011030736741722613
2017-11-30,VEA,0.01543948167025011
2017-11-30,VNQ,-0.002556025928468819
2017-11-30,VNQI,0.03065853061195334
2017-11-30,VSS,0.029891740961440316
2017-11-30,VTV,0.015416988087172623
2017-11-30,VWO,0.03592942204888461
2017-11-30,VWOB,0.007136438528970501
2017-12-29,BND,-0.01363963017996761
2017-12-29,BNDX,-0.0069677497888478435
2017-12-29,EWX,0.05116040605970107
2017-12-29,HYEM,0.004030950346418871
2017-12-29,HYG,-0.0008154888045635023
2017-12-29,IEF,-0.022747695840138915
2017-12-29,IJR,0.023821803519255225
2017-12-29,IWM,0.024274729422707475
2017-12-29,LQD,-0.013514681562363018
2017-12-29,MGK,0.0721984685573045
2017-12-29,SPY,0.055015023731495916
2017-12-29,VEA,0.04614790715932959
2017-12-29,VNQ,-0.04375931264381083
2017-12-29,VNQI,0.05353330703427073
2017-12-29,VSS,0.042954749438739226
2017-12-29,VTV,0.04578908485078581
2017-12-29,VWO,0.08422067596435356
2017-12-29,VWOB,-0.005876457180593264
2018-01-31,BND,-0.01157978076994004
2018-01-31,BNDX,0.0013405391860359384
2018-01-31,EWX,-0.04612254198814747
2018-01-31,HYEM,-0.010404192870922646
2018-01-31,HYG,-0.009892509698980256
2018-01-31,IEF,-0.01054656018254907
2018-01-31,IJR,-0.03928311126744155
2018-01-31,IWM,-0.03961933628815051
2018-01-31,LQD,-0.023573878815338345
2018-01-31,MGK,-0.029224146557776942
2018-01-31,SPY,-0.03754559480611641
2018-01-31,VEA,-0.05224178612622554
2018-01-31,VNQ,-0.07791327173795681
2018-01-31,VNQI,-0.07165394797790403
2018-01-31,VSS,-0.0454289057225673
2018-01-31,VTV,-0.04554784533531975
2018-01-31,VWO,-0.05473572764673418
2018-01-31,VWOB,-0.017931721840965587
2018-02-28,BND,0.0053895872720668425
2018-02-28,BNDX,0.01003235299882066
2018-02-28,EWX,0.002737792222354818
2018-02-28,HYEM,-0.008844988684608368
2018-02-28,HYG,-0.003779505370200331
2018-02-28,IEF,0.010076002129855377
2018-02-28,IJR,0.018346356812166675
2018-02-28,IWM,0.010693023308224081
2018-02-28,LQD,0.004094609005449001
2018-02-28,MGK,-0.03310390742059077
2018-02-28,SPY,-0.02883553606800482
2018-02-28,VEA,-0.005358447621444551
2018-02-28,VNQ,0.03738562525899369
2018-02-28,VNQI,0.026780688423461374
2018-02-28,VSS,0.0008919306422932038
2018-02-28,VTV,-0.026046477703654203
2018-02-28,VWO,-0.0035536476346594847
2018-02-28,VWOB,0.003202418089460757
2018-03-30,BND,-0.009959724265264924
2018-03-30,BNDX,-0.002869067487977661
2018-03-30,EWX,-0.02750720054037925
2018-03-30,HYEM,-0.011166037765277137
2018-03-30,HYG,0.003344090197987315
2018-03-30,IEF,-0.014191718389025554
2018-03-30,IJR,0.009058528086428819
2018-03-30,IWM,0.008354513823109366
2018-03-30,LQD,-0.017081004188052695
2018-03-30,MGK,0.002647950938405197
2018-03-30,SPY,0.0037161928284321633
2018-03-30,VEA,0.011192462015787497
2018-03-30,VNQ,0.006758427910341425
2018-03-30,VNQI,0.003800950709532902
2018-03-30,VSS,0.0016540767450758942
2018-03-30,VTV,0.002716394999435323
2018-03-30,VWO,-0.02907583514174472
2018-03-30,VWOB,-0.01653408643437626
2018-04-30,BND,0.005125599340176867
2018-04-30,BNDX,-0.004007076791277542
2018-04-30,EWX,-0.012814575217889645
2018-04-30,HYEM,-0.018138378205533323
2018-04-30,HYG,-0.0011801811823192176
2018-04-30,IEF,0.00816172078290589
2018-04-30,IJR,0.06271596437819715
2018-04-30,IWM,0.05984881017689059
2018-04-30,LQD,0.0035215179477019465
2018-04-30,MGK,0.04473380106366065
2018-04-30,SPY,0.022585060437056326
2018-04-30,VEA,-0.01594203640631231
2018-04-30,VNQ,0.03505353484872775
2018-04-30,VNQI,-0.015539928436728134
2018-04-30,VSS,-0.003018705353035278
2018-04-30,VTV,0.0043873876321383065
2018-04-30,VWO,-0.025067655151876145
2018-04-30,VWOB,-0.0075009190492481
2018-05-31,BND,0.00031445080548486715
2018-05-31,BNDX,0.004435859447926571
2018-05-31,EWX,-0.05446105014909275
2018-05-31,HYEM,-0.008701693100894081
2018-05-31,HYG,-0.0005811928809692501
2018-05-31,IEF,0.00040419909439526336
2018-05-31,IJR,0.008856226901884368
2018-05-31,IWM,0.004566389436029716
2018-05-31,LQD,-0.006432782125627923
2018-05-31,MGK,0.010811120752483472
2018-05-31,SPY,0.004173929425110634
2018-05-31,VEA,-0.018074405427993323
2018-05-31,VNQ,0.04038837635279324
2018-05-31,VNQI,-0.02759754385717872
2018-05-31,VSS,-0.02948957711241884
2018-05-31,VTV,0.0004769277586453846
2018-05-31,VWO,-0.049387071398159454
2018-05-31,VWOB,-0.010425324440860084
2018-06-29,BND,-0.0020551490599187705
2018-06-29,BNDX,-0.0002648740707297259
2018-06-29,EWX,0.016193930098374443
2018-06-29,HYEM,0.011739319125008807
2018-06-29,HYG,0.01505929981905818
2018-06-29,IEF,-0.006958726057537334
2018-06-29,IJR,0.030607042418603125
2018-06-29,IWM,0.014773142663848438
2018-06-29,LQD,0.011726279211506707
2018-06-29,MGK,0.0243234591921917
2018-06-29,SPY,0.035294758474440746
2018-06-29,VEA,0.02111603135822282
2018-06-29,VNQ,0.004316458488265784
2018-06-29,VNQI,0.014123856898134113
2018-06-29,VSS,0.007912116040619255
2018-06-29,VTV,0.044750508854593196
2018-06-29,VWO,0.038053426184711636
2018-06-29,VWOB,0.018173600433460946
2018-07-31,BND,0.00483487693270912
2018-07-31,BNDX,-0.001292679662215801
2018-07-31,EWX,-0.03407929765448958
2018-07-31,HYEM,-0.033717819957214346
2018-07-31,HYG,0.005224459427083161
2018-07-31,IEF,0.00828041022463788
2018-07-31,IJR,0.04623666946729621
2018-07-31,IWM,0.04118634945897881
2018-07-31,LQD,-0.0016416235145033653
2018-07-31,MGK,0.04509501112522463
2018-07-31,SPY,0.030020015926920163
2018-07-31,VEA,-0.019128966252446644
2018-07-31,VNQ,0.023862596958595272
2018-07-31,VNQI,-0.02214193286083188
2018-07-31,VSS,-0.018973687834913933
2018-07-31,VTV,0.017082843906898626
2018-07-31,VWO,-0.043695935895809
2018-07-31,VWOB,-0.01920178720486454
2018-08-31,BND,-0.0071227513835733225
2018-08-31,BNDX,-0.004029435023496064
2018-08-31,EWX,-0.043323984909418356
2018-08-31,HYEM,0.031121303376796083
2018-08-31,HYG,0.0035629533779095723
2018-08-31,IEF,-0.01370287606355447
2018-08-31,IJR,-0.03245147411862448
2018-08-31,IWM,-0.024884868233367663
2018-08-31,LQD,-0.0030788923805787904
2018-08-31,MGK,0.004261362787468803
2018-08-31,SPY,0.004262734673196933
2018-08-31,VEA,0.005423399147702179
2018-08-31,VNQ,-0.028272378128550657
2018-08-31,VNQI,-0.025605522281475945
2018-08-31,VSS,-0.01904295400292133
2018-08-31,VTV,0.004554075057504381
2018-08-31,VWO,-0.015108479320853463
2018-08-31,VWOB,0.014582639464984837
2018-09-28,BND,-0.010639015447798328
2018-09-28,BNDX,-0.0013016230809228535
2018-09-28,EWX,-0.08269098100573014
2018-09-28,HYEM,-0.002516583002585615
2018-09-28,HYG,-0.02176145489625725
2018-09-28,IEF,-0.0050588632294619185
2018-09-28,IJR,-0.10716144310416398
2018-09-28,IWM,-0.11168890208626359
2018-09-28,LQD,-0.022485039370109705
2018-09-28,MGK,-0.08947365541611929
2018-09-28,SPY,-0.07099805438967399
2018-09-28,VEA,-0.08783102234974272
2018-09-28,VNQ,-0.03122601174550721
2018-09-28,VNQI,-0.05959859406150525
2018-09-28,VSS,-0.10293393207047008
2018-09-28,VTV,-0.05171610207896682
2018-09-28,VWO,-0.07846367400170007
2018-09-28,VWOB,-0.015877752056721817
2018-10-31,BND,0.004331899053159338
2018-10-31,BNDX,0.0031849467560103317
2018-10-31,EWX,0.0498567480245129
2018-10-31,HYEM,-0.008449099382800918
2018-10-31,HYG,-0.006000553322568658
2018-10-31,IEF,0.01125596106892468
2018-10-31,IJR,0.013965561459357456
2018-10-31,IWM,0.015210771609977414
2018-10-31,LQD,-0.0055951680778231205
2018-10-31,MGK,-0.0025298817534364915
2018-10-31,SPY,0.01649444754386531
2018-10-31,VEA,0.0030287073602945913
2018-10-31,VNQ,0.044619315493131584
2018-10-31,VNQI,0.03814276199983113
2018-10-31,VSS,0.009266698027819098
2018-10-31,VTV,0.030625428744488037
2018-10-31,VWO,0.04622074993991698
2018-10-31,VWOB,-0.0038334981602112794
2018-11-30,BND,0.016756132191922735
2018-11-30,BNDX,0.009746218756870872
2018-11-30,EWX,-0.03497947837057025
2018-11-30,HYEM,0.002368083623249362
2018-11-30,HYG,-0.022797786020581468
2018-11-30,IEF,0.026037198168576747
2018-11-30,IJR,-0.12366946320466055
2018-11-30,IWM,-0.12143889774299299
2018-11-30,LQD,0.016607330222639494
2018-11-30,MGK,-0.08521786510643103
2018-11-30,SPY,-0.08982759780627758
2018-11-30,VEA,-0.0586160042642887
2018-11-30,VNQ,-0.08131472729728284
2018-11-30,VNQI,-0.024750205111173207
2018-11-30,VSS,-0.05771921595479157
2018-11-30,VTV,-0.09320190217935176
2018-11-30,VWO,-0.035335645967846
2018-11-30,VWOB,0.012731297396918695
2018-12-31,BND,0.008938451207316955
2018-12-31,BNDX,0.007785411183457436
2018-12-31,EWX,0.07920138240101249
2018-12-31,HYEM,0.03708967168055688
2018-12-31,HYG,0.04719241486251824
2018-12-31,IEF,0.004364993227724767
2018-12-31,IJR,0.10394355710314529
2018-12-31,IWM,0.11082908402210823
2018-12-31,LQD,0.03146336794097282
2018-12-31,MGK,0.08606622394177044
2018-12-31,SPY,0.0777467307820725
2018-12-31,VEA,0.07235654115448065
2018-12-31,VNQ,0.11614530924870814
2018-12-31,VNQI,0.09228839659159305
2018-12-31,VSS,0.07247085264713271
2018-12-31,VTV,0.06722973605596971
2018-12-31,VWO,0.09423396808231832
2018-12-31,VWOB,0.03386327488818042
2019-01-31,BND,-0.002781972049087811
2019-01-31,BNDX,0.0001967222609964292
2019-01-31,EWX,-0.009991503808353452
2019-01-31,HYEM,0.003166135423456673
2019-01-31,HYG,0.010240313856714423
2019-01-31,IEF,-0.007127235760236772
2019-01-31,IJR,0.04145751567632794
2019-01-31,IWM,0.04981138223423631
2019-01-31,LQD,-0.00391725840918522
2019-01-31,MGK,0.03196806561295218
2019-01-31,SPY,0.030472504129304356
2019-01-31,VEA,0.02139908474460306
2019-01-31,VNQ,0.005058153968964696
2019-01-31,VNQI,-0.009363360668143028
2019-01-31,VSS,0.018813899052744665
2019-01-31,VTV,0.026700595442285646
2019-01-31,VWO,-0.005704566703909397
2019-01-31,VWOB,0.003709611686214087
2019-02-28,BND,0.017361073306471964
2019-02-28,BNDX,0.015602649403807956
2019-02-28,EWX,0.012090342095158801
2019-02-28,HYEM,0.008148873793708322
2019-02-28,HYG,0.010894194833756865
2019-02-28,IEF,0.02451000205579823
2019-02-28,IJR,-0.03456553353142411
2019-02-28,IWM,-0.02287993129391952
2019-02-28,LQD,0.027243327066856837
2019-02-28,MGK,0.0313293232656644
2019-02-28,SPY,0.01607622063279246
2019-02-28,VEA,0.004016659643417908
2019-02-28,VNQ,0.040092067011613164
2019-02-28,VNQI,0.04410862846724739
2019-02-28,VSS,0.0009358315053211719
2019-02-28,VTV,0.003672400929641606
2019-02-28,VWO,0.02111394414365253
2019-02-28,VWOB,0.012883913355672627
2019-03-29,BND,-0.0023104950689508685
2019-03-29,BNDX,-0.00039900130930048405
2019-03-29,EWX,0.008235007706276054
2019-03-29,HYEM,0.005531336866990255
2019-03-29,HYG,0.007777163435475076
2019-03-29,IEF,-0.007238984698833217
2019-03-29,IJR,0.036481661323816805
2019-03-29,IWM,0.03183222765988125
2019-03-29,LQD,0.0022900270451302607
2019-03-29,MGK,0.04496334414129732
2019-03-29,SPY,0.03870357574325167
2019-03-29,VEA,0.02625969079220325
2019-03-29,VNQ,-0.003671978115935004
2019-03-29,VNQI,-0.019989644868052214
2019-03-29,VSS,0.022660998117886466
2019-03-29,VTV,0.031499976696169885
2019-03-29,VWO,0.01930278939240271
2019-03-29,VWOB,0.0005096419359735815
2019-04-30,BND,0.01609481895777165
2019-04-30,BNDX,0.010595284113754655
2019-04-30,EWX,-0.04356866720414021
2019-04-30,HYEM,0.000311053924262783
2019-04-30,HYG,-0.021424086843357504
2019-04-30,IEF,0.02829176443345105
2019-04-30,IJR,-0.08880300685309428
2019-04-30,IWM,-0.08048865683423323
2019-04-30,LQD,0.0143416517047954
2019-04-30,MGK,-0.06788262888544916
2019-04-30,SPY,-0.06576479016001113
2019-04-30,VEA,-0.05412362666075321
2019-04-30,VNQ,-0.0007493101215944042
2019-04-30,VNQI,-0.019869103355907747
2019-04-30,VSS,-0.05477660436666032
2019-04-30,VTV,-0.06527553836226574
2019-04-30,VWO,-0.0658036676788768
2019-04-30,VWOB,0.0021654648727897907
2019-05-31,BND,0.010737859467600863
2019-05-31,BNDX,0.013933729518639915
2019-05-31,EWX,0.043713389951306025
2019-05-31,HYEM,0.02631225221466571
2019-05-31,HYG,0.029781908338340157
2019-05-31,IEF,0.01044103854759193
2019-05-31,IJR,0.07154535161541631
2019-05-31,IWM,0.0680202086394377
2019-05-31,LQD,0.030702741910801246
2019-05-31,MGK,0.06616931787626279
2019-05-31,SPY,0.06775821839591645
2019-05-31,VEA,0.05678381898734841
2019-05-31,VNQ,0.013807194071083773
2019-05-31,VNQI,0.0322173887199424
2019-05-31,VSS,0.048285953107291224
2019-05-31,VTV,0.06933194025382683
2019-05-31,VWO,0.05191730815136575
2019-05-31,VWOB,0.031392312827762
2019-06-28,BND,-0.00040942342992045244
2019-06-28,BNDX,0.010562981777442637
2019-06-28,EWX,-0.0052523461782924
2019-06-28,HYEM,0.0026330208745821704
2019-06-28,HYG,-0.0003382761795419631
2019-06-28,IEF,-0.0015209432458209715
2019-06-28,IJR,0.009954844766278947
2019-06-28,IWM,0.004901159298064783
2019-06-28,LQD,0.0006321711072814207
2019-06-28,MGK,0.021685277960237892
2019-06-28,SPY,0.013187696219632894
2019-06-28,VEA,-0.022243043404955642
2019-06-28,VNQ,0.015113030293091745
2019-06-28,VNQI,-0.022541423402012373
2019-06-28,VSS,-0.023427196318413057
2019-06-28,VTV,0.006375550376724437
2019-06-28,VWO,-0.019972760672620327
2019-06-28,VWOB,0.010131958689036713
2019-07-31,BND,0.02595774053767186
2019-07-31,BNDX,0.01941493098032976
2019-07-31,EWX,-0.030817957922840367
2019-07-31,HYEM,-0.03228958358741085
2019-07-31,HYG,0.00519722685055779
2019-07-31,IEF,0.03776332692493578
2019-07-31,IJR,-0.04743725681005273
2019-07-31,IWM,-0.05091379810810792
2019-07-31,LQD,0.03710811159777805
2019-07-31,MGK,-0.005226710261273082
2019-07-31,SPY,-0.01840136685265581
2019-07-31,VEA,-0.020499932174148805
2019-07-31,VNQ,0.0357122521467228
2019-07-31,VNQI,0.0003866747800493897
2019-07-31,VSS,-0.027277229155672322
2019-07-31,VTV,-0.03132176505790496
2019-07-31,VWO,-0.03419924787593609
2019-07-31,VWOB,0.005088169488924876
2019-08-30,BND,-0.0072315397923030655
2019-08-30,BNDX,-0.0057372506262086675
2019-08-30,EWX,0.0028220653170816234
2019-08-30,HYEM,0.010687843980148548
2019-08-30,HYG,0.002819766821128722
2019-08-30,IEF,-0.013406153211230398
2019-08-30,IJR,0.031999677139822325
2019-08-30,IWM,0.0187749423397503
2019-08-30,LQD,-0.009111076638478766
2019-08-30,MGK,0.002896366284859564
2019-08-30,SPY,0.017863236292366746
2019-08-30,VEA,0.029910082593630705
2019-08-30,VNQ,0.017676475101239486
2019-08-30,VNQI,0.017669156723448598
2019-08-30,VSS,0.01986608597023931
2019-08-30,VTV,0.03296394204898201
2019-08-30,VWO,0.007531097118728125
2019-08-30,VWOB,-0.006298058588327549
2019-09-30,BND,0.0016176722424343648
2019-09-30,BNDX,-0.006380829790111231
2019-09-30,EWX,0.0258655750501664
2019-09-30,HYEM,0.016354052567663535
2019-09-30,HYG,-0.001602579965063411
2019-09-30,IEF,0.00038837153369186694
2019-09-30,IJR,0.018780594500762415
2019-09-30,IWM,0.02562923999042943
2019-09-30,LQD,0.0029573086556518025
2019-09-30,MGK,0.024726881770335662
2019-09-30,SPY,0.02058422723904796
2019-09-30,VEA,0.03059715189064338
2019-09-30,VNQ,0.009755744671637201
2019-09-30,VNQI,0.037880133434583074
2019-09-30,VSS,0.03514244972683889
2019-09-30,VTV,0.017477049120038224
2019-09-30,VWO,0.03794710644414945
2019-09-30,VWOB,0.0035737949358063403
2019-10-31,BND,-0.0016881674121917989
2019-10-31,BNDX,-0.006024117815560115
2019-10-31,EWX,-0.011343455739645125
2019-10-31,HYEM,0.003474450981594268
2019-10-31,HYG,0.004399099418480379
2019-10-31,IEF,-0.008136452732335986
2019-10-31,IJR,0.028781284356242054
2019-10-31,IWM,0.039331112290286185
2019-10-31,LQD,0.003470601863538869
2019-10-31,MGK,0.04051210721042908
2019-10-31,SPY,0.03487885803065227
2019-10-31,VEA,0.012152840157413802
2019-10-31,VNQ,-0.014300309831976277
2019-10-31,VNQI,-0.00848900283616727
2019-10-31,VSS,0.01620866241367147
2019-10-31,VTV,0.03305960801616137
2019-10-31,VWO,0.003738083261349834
2019-10-31,VWOB,-0.006915075304109508
2019-11-29,BND,-0.002070509958177369
2019-11-29,BNDX,-0.004399591430922056
2019-11-29,EWX,0.06043397195386513
2019-11-29,HYEM,0.02033593528975408
2019-11-29,HYG,0.01776238341003422
2019-11-29,IEF,-0.010593594956199603
2019-11-29,IJR,0.02868945168481063
2019-11-29,IWM,0.0265034137241158
2019-11-29,LQD,0.003941418164567834
2019-11-29,MGK,0.03102366049848837
2019-11-29,SPY,0.027692195313464563
2019-11-29,VEA,0.03429495422815765
2019-11-29,VNQ,0.006354954169351057
2019-11-29,VNQI,0.037820037854724875
2019-11-29,VSS,0.052074427846678706
2019-11-29,VTV,0.025065093889540924
2019-11-29,VWO,0.06926996029728105
2019-11-29,VWOB,0.025380702924428178
2019-12-31,BND,0.01839298669543976
2019-12-31,BNDX,0.017509801709276962
2019-12-31,EWX,-0.052975808970718075
2019-12-31,HYEM,0.01293321655531865
2019-12-31,HYG,-0.006030941427026315
2019-12-31,IEF,0.03323528498997952
2019-12-31,IJR,-0.0415104864949396
2019-12-31,IWM,-0.03235798841021109
2019-12-31,LQD,0.023052132989872298
2019-12-31,MGK,0.033520976347724885
2019-12-31,SPY,-0.0017785568079985437
2019-12-31,VEA,-0.03129304553353718
2019-12-31,VNQ,0.010893804239557658
2019-12-31,VNQI,-0.028077229440688023
2019-12-31,VSS,-0.03903697137632578
2019-12-31,VTV,-0.02637194529358966
2019-12-31,VWO,-0.05661724524064393
2019-12-31,VWOB,0.012608663191768787
2020-01-31,BND,0.015463137323781906
2020-01-31,BNDX,0.0054832958746759974
2020-01-31,EWX,-0.048068509332767184
2020-01-31,HYEM,-0.014450111702030033
2020-01-31,HYG,-0.014071860661337254
2020-01-31,IEF,0.028390055164937644
2020-01-31,IJR,-0.09663007144007696
2020-01-31,IWM,-0.08954379254534006
2020-01-31,LQD,0.00970832206309935
2020-01-31,MGK,-0.06360519455131641
2020-01-31,SPY,-0.08026391981119763
2020-01-31,VEA,-0.07761021587717098
2020-01-31,VNQ,-0.07137371283163074
2020-01-31,VNQI,-0.059720855871816414
2020-01-31,VSS,-0.07892221021626955
2020-01-31,VTV,-0.09820973716486081
2020-01-31,VWO,-0.036617522026823335
2020-01-31,VWOB,-0.01543795914074908
2020-02-28,BND,-0.01449657544783256
2020-02-28,BNDX,-0.02930304471319234
2020-02-28,EWX,-0.20482964604595266
2020-02-28,HYEM,-0.15193794371947122
2020-02-28,HYG,-0.10047214448657815
2020-02-28,IEF,0.03700554418985447
2020-02-28,IJR,-0.2256611049268452
2020-02-28,IWM,-0.21493814562031532
2020-02-28,LQD,-0.06331844123842911
2020-02-28,MGK,-0.09877102563307694
2020-02-28,SPY,-0.12505763531887537
2020-02-28,VEA,-0.15170936066262009
2020-02-28,VNQ,-0.1940900028266781
2020-02-28,VNQI,-0.2075941308784962
2020-02-28,VSS,-0.20647800072370337
2020-02-28,VTV,-0.14845806056446587
2020-02-28,VWO,-0.17064457712074443
2020-02-28,VWOB,-0.1287039373832637
2020-03-31,BND,0.0274937905121162
2020-03-31,BNDX,0.018953481643455117
2020-03-31,EWX,0.10137145213899434
2020-03-31,HYEM,0.029251185319118855
2020-03-31,HYG,0.04873297161477952
2020-03-31,IEF,0.002653792995344073
2020-03-31,IJR,0.12892106201581033
2020-03-31,IWM,0.13836397621385
2020-03-31,LQD,0.048355019091124385
2020-03-31,MGK,0.14979212627238936
2020-03-31,SPY,0.12687258531470658
2020-03-31,VEA,0.07008056728841972
2020-03-31,VNQ,0.08951322930766503
2020-03-31,VNQI,0.04044762080860087
2020-03-31,VSS,0.1160561155661588
2020-03-31,VTV,0.10656041928566196
2020-03-31,VWO,0.07798617131793462
2020-03-31,VWOB,0.028438625333266465
2020-04-30,BND,0.006593685672363625
2020-04-30,BNDX,0.0040481003076453526
2020-04-30,EWX,0.04212980979835379
2020-04-30,HYEM,0.07964971438564206
2020-04-30,HYG,0.029369581055962657
2020-04-30,IEF,0.0031813752028126974
2020-04-30,IJR,0.043944273260960065
2020-04-30,IWM,0.06582150463092162
2020-04-30,LQD,0.024507062571585525
2020-04-30,MGK,0.06450157327626282
2020-04-30,SPY,0.04754822594746533
2020-04-30,VEA,0.05567552853298996
2020-04-30,VNQ,0.017249241278233907
2020-04-30,VNQI,0.02409311064406583
2020-04-30,VSS,0.063675566528967
2020-04-30,VTV,0.028719834018009482
2020-04-30,VWO,0.03280477676298621
2020-04-30,VWOB,0.061529247927447406
2020-05-29,BND,0.006584593979172659
2020-05-29,BNDX,0.005236371230149306
2020-05-29,EWX,0.08335449679114837
2020-05-29,HYEM,0.02202997920227534
2020-05-29,HYG,-0.005960169291476469
2020-05-29,IEF,0.0003002378173933007
2020-05-29,IJR,0.03601632593029325
2020-05-29,IWM,0.03416819422426132
2020-05-29,LQD,0.021146498157334603
2020-05-29,MGK,0.05284368342983514
2020-05-29,SPY,0.01760558853762917
2020-05-29,VEA,0.034847356192819756
2020-05-29,VNQ,0.024119347971860217
2020-05-29,VNQI,0.02020758714388249
2020-05-29,VSS,0.03979944455546147
2020-05-29,VTV,-0.010217482814861567
2020-05-29,VWO,0.06463616889225476
2020-05-29,VWOB,0.024268412610859658
2020-06-30,BND,0.014434124609659316
2020-06-30,BNDX,0.0093785585044599
2020-06-30,EWX,0.0701809935313149
2020-06-30,HYEM,0.034530751080626976
2020-06-30,HYG,0.050495776106183055
2020-06-30,IEF,0.008437162836180345
2020-06-30,IJR,0.04265147458174634
2020-06-30,IWM,0.02908732988948315
2020-06-30,LQD,0.030894905097976988
2020-06-30,MGK,0.07645890688433266
2020-06-30,SPY,0.0587828561289776
2020-06-30,VEA,0.026189698195713262
2020-06-30,VNQ,0.03631199024462961
2020-06-30,VNQI,0.015754601017943237
2020-06-30,VSS,0.052468160165271005
2020-06-30,VTV,0.03724599823707142
2020-06-30,VWO,0.08572496919470818
2020-06-30,VWOB,0.037525323255275245
2020-07-31,BND,-0.009492716034324777
2020-07-31,BNDX,-0.0076723398260093445
2020-07-31,EWX,0.03516140317280092
2020-07-31,HYEM,0.01484034771781495
2020-07-31,HYG,-0.00029957184068596376
2020-07-31,IEF,-0.009773875557304024
2020-07-31,IJR,0.03867924481627849
2020-07-31,IWM,0.054683369727900555
2020-07-31,LQD,-0.01785798631843971
2020-07-31,MGK,0.11370275456457879
2020-07-31,SPY,0.06971502305567423
2020-07-31,VEA,0.05166543681781044
2020-07-31,VNQ,0.004346922034042189
2020-07-31,VNQI,0.04844312355113378
2020-07-31,VSS,0.05842498582956224
2020-07-31,VTV,0.04173643038605701
2020-07-31,VWO,0.027357306568267736
2020-07-31,VWOB,0.008506685805725445
2020-08-31,BND,-0.0010684769511657422
2020-08-31,BNDX,0.008531080088029608
2020-08-31,EWX,-0.01909117418746431
2020-08-31,HYEM,-0.01528278529620064
2020-08-31,HYG,-0.009398233769958741
2020-08-31,IEF,0.0031944910566596985
2020-08-31,IJR,-0.04668395501643374
2020-08-31,IWM,-0.03269321794035718
2020-08-31,LQD,-0.0044797828883680335
2020-08-31,MGK,-0.05306494560612651
2020-08-31,SPY,-0.03752343784256962
2020-08-31,VEA,-0.018078746475169383
2020-08-31,VNQ,-0.02672381662336476
2020-08-31,VNQI,-0.02201253767282163
2020-08-31,VSS,-0.01890264462909297
2020-08-31,VTV,-0.02223717955661142
2020-08-31,VWO,-0.012039790770625003
2020-08-31,VWOB,-0.020796699184578604
2020-09-30,BND,-0.005640618444285872
2020-09-30,BNDX,0.003293406208851213
2020-09-30,EWX,-0.009765657371709091
2020-09-30,HYEM,-0.0010488231272969273
2020-09-30,HYG,0.00395587572498135
2020-09-30,IEF,-0.013884091535778298
2020-09-30,IJR,0.025408013654262707
2020-09-30,IWM,0.02195193597513745
2020-09-30,LQD,-0.005180463256346024
2020-09-30,MGK,-0.03432505003046693
2020-09-30,SPY,-0.025008897517245665
2020-09-30,VEA,-0.035526888994854455
2020-09-30,VNQ,-0.03009024811316563
2020-09-30,VNQI,-0.033606966907981706
2020-09-30,VSS,-0.027238389060296853
2020-09-30,VTV,-0.01825592938379994
2020-09-30,VWO,0.013103689482317105
2020-09-30,VWOB,-0.0035003351702300733
2020-10-30,BND,0.012068834056895295
2020-10-30,BNDX,0.003827846813131641
2020-10-30,EWX,0.12438557665187955
2020-10-30,HYEM,0.03931960031960302
2020-10-30,HYG,0.03344460462269372
2020-10-30,IEF,0.003317581389377766
2020-10-30,IJR,0.1820936831634572
2020-10-30,IWM,0.18236338313222866
2020-10-30,LQD,0.037646603479870144
2020-10-30,MGK,0.09654852028851857
2020-10-30,SPY,0.10870372965829489
2020-10-30,VEA,0.14289034897664665
2020-10-30,VNQ,0.09667626553498976
2020-10-30,VNQI,0.12614946827824225
2020-10-30,VSS,0.13064864183552793
2020-10-30,VTV,0.12749569782921077
2020-10-30,VWO,0.08552547136856115
2020-10-30,VWOB,0.03988903506976427
2020-11-30,BND,0.00145783135834332
2020-11-30,BNDX,0.003541724097681831
2020-11-30,EWX,0.061117410460546306
2020-11-30,HYEM,0.03177894079435517
2020-11-30,HYG,0.019510660368588617
2020-11-30,IEF,-0.002452190762353479
2020-11-30,IJR,0.0823287483641626
2020-11-30,IWM,0.08639139051406941
2020-11-30,LQD,0.001438707681800988
2020-11-30,MGK,0.039947866140971344
2020-11-30,SPY,0.0369782914278276
2020-11-30,VEA,0.05622925456906125
2020-11-30,VNQ,0.027271866240995424
2020-11-30,VNQI,0.03603861783372109
2020-11-30,VSS,0.06908682667389665
2020-11-30,VTV,0.03503661754701071
2020-11-30,VWO,0.0599221412538542
2020-11-30,VWOB,0.020761194420286344
2020-12-31,BND,-0.008676874588344319
2020-12-31,BNDX,-0.0063783208578245265
2020-12-31,EWX,-0.007031991741292876
2020-12-31,HYEM,-0.008846171877227138
2020-12-31,HYG,-0.0038401702381929415
2020-12-31,IEF,-0.010980220595345425
2020-12-31,IJR,0.061633748984115666
2020-12-31,IWM,0.04839190977284602
2020-12-31,LQD,-0.01837464908283326
2020-12-31,MGK,-0.009776647772927749
2020-12-31,SPY,-0.010249336822899968
2020-12-31,VEA,-0.007261033839832676
2020-12-31,VNQ,0.0002931443402922618
2020-12-31,VNQI,-0.023074321853801205
2020-12-31,VSS,-0.0064612351027781845
2020-12-31,VTV,-0.00796125657006741
2020-12-31,VWO,0.03126938761160947
2020-12-31,VWOB,-0.017070128045374333
2021-01-29,BND,-0.015501932068502589
2021-01-29,BNDX,-0.016624612666855554
2021-01-29,EWX,0.06102229383649349
2021-01-29,HYEM,0.012975416437661424
2021-01-29,HYG,-0.0024720505608764043
2021-01-29,IEF,-0.023657893884173387
2021-01-29,IJR,0.07704544141517333
2021-01-29,IWM,0.06199873538791545
2021-01-29,LQD,-0.022658063760763736
2021-01-29,MGK,0.0019073324924778756
2021-01-29,SPY,0.02777891735186988
2021-01-29,VEA,0.024296250413890164
2021-01-29,VNQ,0.034224679263921365
2021-01-29,VNQI,0.02993973699885788
2021-01-29,VSS,0.039953650457934975
2021-01-29,VTV,0.04996495289417169
2021-01-29,VWO,0.015647483872112566
2021-01-29,VWOB,-0.027439186335828203
2021-02-26,BND,-0.012731626155507603
2021-02-26,BNDX,-0.00010497405133391702
2021-02-26,EWX,0.018180599726447477
2021-02-26,HYEM,-0.008118679140467822
2021-02-26,HYG,0.012138329751605781
2021-02-26,IEF,-0.023873831885306895
2021-02-26,IJR,0.03536032881848117
2021-02-26,IWM,0.01393259795277979
2021-02-26,LQD,-0.014797362670893932
2021-02-26,MGK,0.02563733910836441
2021-02-26,SPY,0.0453811744432453
2021-02-26,VEA,0.02766680774422081
2021-02-26,VNQ,0.051502283679937255
2021-02-26,VNQI,0.020293261515486938
2021-02-26,VSS,0.019600823971691828
2021-02-26,VTV,0.06664728817878829
2021-02-26,VWO,-0.007121374309427164
2021-02-26,VWOB,-0.009006514156839951
2021-03-31,BND,0.008650814108245974
2021-03-31,BNDX,-0.001918935795384602
2021-03-31,EWX,0.05577652002196287
2021-03-31,HYEM,0.010577227819992041
2021-03-31,HYG,0.006366894975357917
2021-03-31,IEF,0.010002697050690124
2021-03-31,IJR,0.018510920524655194
2021-03-31,IWM,0.017868642454494266
2021-03-31,LQD,0.01042249105785853
2021-03-31,MGK,0.07189793320004711
2021-03-31,SPY,0.05290089195506331
2021-03-31,VEA,0.03053422857120003
2021-03-31,VNQ,0.07858787379489174
2021-03-31,VNQI,0.024739435498378537
2021-03-31,VSS,0.042679590831148584
2021-03-31,VTV,0.034373354632674546
2021-03-31,VWO,0.017858145447872342
2021-03-31,VWOB,0.02085088779227018
2021-04-30,BND,0.0015332227292585987
2021-04-30,BNDX,-2.3188945151408902e-05
2021-04-30,EWX,0.0167520949173785
2021-04-30,HYEM,0.009122116163271077
2021-04-30,HYG,0.0003842140606271638
2021-04-30,IEF,0.0042431308704211634
2021-04-30,IJR,0.020891283043575237
2021-04-30,IWM,0.00270675265188447
2021-04-30,LQD,0.006220457217816833
2021-04-30,MGK,-0.015278357792844033
2021-04-30,SPY,0.006560265775315655
2021-04-30,VEA,0.03575783293264578
2021-04-30,VNQ,0.008068412182502982
2021-04-30,VNQI,0.030445668696486017
2021-04-30,VSS,0.02509706621141894
2021-04-30,VTV,0.029189655193702757
2021-04-30,VWO,0.01698173768755229
2021-04-30,VWOB,0.011409884447610708
2021-05-31,BND,0.008951001158178595
2021-05-31,BNDX,0.003685617720255552
2021-05-31,EWX,0.03900322821278901
2021-05-31,HYEM,0.004562112076078151
2021-05-31,HYG,0.013223457337265154
2021-05-31,IEF,0.01020225843583944
2021-05-31,IJR,0.003327878476028001
2021-05-31,IWM,0.018666439519281486
2021-05-31,LQD,0.02209099407471804
2021-05-31,MGK,0.05980053405863428
2021-05-31,SPY,0.022403739700823877
2021-05-31,VEA,-0.009236487194462462
2021-05-31,VNQ,0.02635182948359116
2021-05-31,VNQI,-0.008854356430231025
2021-05-31,VSS,-0.0014311465770434628
2021-05-31,VTV,-0.012454957796573574
2021-05-31,VWO,0.013244533696449512
2021-05-31,VWOB,0.00758802737959674
2021-06-30,BND,0.011647181242876004
2021-06-30,BNDX,0.014895295366131434
2021-06-30,EWX,-0.0205837236126718
2021-06-30,HYEM,-0.009109398396745738
2021-06-30,HYG,0.0010117466265660013
2021-06-30,IEF,0.019865145445643773
2021-06-30,IJR,-0.02411078522917376
2021-06-30,IWM,-0.03630877217338324
2021-06-30,LQD,0.014153149196212356
2021-06-30,MGK,0.03522867318583156
2021-06-30,SPY,0.024374888387588944
2021-06-30,VEA,0.0050096264315617756
2021-06-30,VNQ,0.04417066860102015
2021-06-30,VNQI,0.0006487539805133391
2021-06-30,VSS,0.009270536381675853
2021-06-30,VTV,0.01007520167021636
2021-06-30,VWO,-0.058955536124156716
2021-06-30,VWOB,0.0064112533619815615
2021-07-30,BND,-0.0019327510673993187
2021-07-30,BNDX,-0.004342579903657717
2021-07-30,EWX,0.010282806141719503
2021-07-30,HYEM,0.01039154563319511
2021-07-30,HYG,0.006047329033090243
2021-07-30,IEF,-0.0039839820580883645
2021-07-30,IJR,0.019096126625186338
2021-07-30,IWM,0.021990834006469617
2021-07-30,LQD,-0.003479302496372516
2021-07-30,MGK,0.037823197787455465
2021-07-30,SPY,0.02971896833009202
2021-07-30,VEA,0.01309236977872108
2021-07-30,VNQ,0.021504000722567307
2021-07-30,VNQI,0.014685725887228829
2021-07-30,VSS,0.01695069396825044
2021-07-30,VTV,0.020845102541529714
2021-07-30,VWO,0.02187294857936606
2021-07-30,VWOB,0.007917387050643043
2021-08-31,BND,-0.010164320042248765
2021-08-31,BNDX,-0.010795187357505398
2021-08-31,EWX,-0.03348135804194852
2021-08-31,HYEM,-0.018058480878979988
2021-08-31,HYG,-0.003728476088893262
2021-08-31,IEF,-0.015998381993587163
2021-08-31,IJR,-0.023919264845464028
2021-08-31,IWM,-0.028830982226133117
2021-08-31,LQD,-0.015101886519345076
2021-08-31,MGK,-0.05448992198881186
2021-08-31,SPY,-0.04663233219902585
2021-08-31,VEA,-0.03388282735874004
2021-08-31,VNQ,-0.056841353963065
2021-08-31,VNQI,-0.03991014550708749
2021-08-31,VSS,-0.0413362118877133
2021-08-31,VTV,-0.039450466278986296
2021-08-31,VWO,-0.033647188169281805
2021-08-31,VWOB,-0.023413835963982388
2021-09-30,BND,0.0006677448535541419
2021-09-30,BNDX,-0.0044628151188237375
2021-09-30,EWX,0.011046374214648713
2021-09-30,HYEM,-0.011248236139357437
2021-09-30,HYG,-0.0031435819401696152
2021-09-30,IEF,-0.0044646322181551845
2021-09-30,IJR,0.035405722131017114
2021-09-30,IWM,0.042476871688926776
2021-09-30,LQD,0.005273770916307319
2021-09-30,MGK,0.0823292799173505
2021-09-30,SPY,0.07012525776111467
2021-09-30,VEA,0.032246590130634134
2021-09-30,VNQ,0.07129214969241415
2021-09-30,VNQI,0.021096475364921874
2021-09-30,VSS,0.03205195198804334
2021-09-30,VTV,0.05440553775306167
2021-09-30,VWO,0.012961154239556238
2021-09-30,VWOB,-0.0003690867307135637
2021-10-29,BND,0.0020037281929856654
2021-10-29,BNDX,0.010539628988057492
2021-10-29,EWX,-0.010660699071120217
2021-10-29,HYEM,-0.021851789773201902
2021-10-29,HYG,-0.01172714374318462
2021-10-29,IEF,0.010883149233092526
2021-10-29,IJR,-0.024359644164419714
2021-10-29,IWM,-0.04335937476691809
2021-10-29,LQD,-0.0012233245565029804
2021-10-29,MGK,0.009366604388421518
2021-10-29,SPY,-0.008071545240095679
2021-10-29,VEA,-0.046466778341078374
2021-10-29,VNQ,-0.021129471953556744
2021-10-29,VNQI,-0.04020963533507671
2021-10-29,VSS,-0.04533167823566375
2021-10-29,VTV,-0.030441109897846763
2021-10-29,VWO,-0.029052879582100455
2021-10-29,VWOB,-0.015563381458830516
2021-11-30,BND,-0.0031457847282034823
2021-11-30,BNDX,-0.007514993389502012
2021-11-30,EWX,0.031898028357385755
2021-11-30,HYEM,0.01716105723865846
2021-11-30,HYG,0.022797635087707047
2021-11-30,IEF,-0.005283122311983024
2021-11-30,IJR,0.044804076716433716
2021-11-30,IWM,0.02267135860987768
2021-11-30,LQD,-0.0003840111255787315
2021-11-30,MGK,0.01752439504057146
2021-11-30,SPY,0.04620276400415069
2021-11-30,VEA,0.04324112756675014
2021-11-30,VNQ,0.0970088084798062
2021-11-30,VNQI,0.031634270587388214
2021-11-30,VSS,0.03668712393490803
2021-11-30,VTV,0.0695044753949734
2021-11-30,VWO,0.015358639409539299
2021-11-30,VWOB,0.02173302133874122
2021-12-31,BND,-0.020755731224997298
2021-12-31,BNDX,-0.013885029022254747
2021-12-31,EWX,-0.02994849405135014
2021-12-31,HYEM,-0.026433125435959215
2021-12-31,HYG,-0.02665424766137603
2021-12-31,IEF,-0.02123684914891133
2021-12-31,IJR,-0.07223396690718353
2021-12-31,IWM,-0.0954454062704444
2021-12-31,LQD,-0.03602363208404036
2021-12-31,MGK,-0.08661545911146806
2021-12-31,SPY,-0.052844025038910836
2021-12-31,VEA,-0.03868654392752868
2021-12-31,VNQ,-0.08431625411991128
2021-12-31,VNQI,-0.02031021826431889
2021-12-31,VSS,-0.058104611242980386
2021-12-31,VTV,-0.010847696053738143
2021-12-31,VWO,0.004136749328516931
2021-12-31,VWOB,-0.033326961756398155
2022-01-31,BND,-0.011611901552548543
2022-01-31,BNDX,-0.012797607307274972
2022-01-31,EWX,-0.021432364958949512
2022-01-31,HYEM,-0.059255563302441416
2022-01-31,HYG,-0.008823405029931841
2022-01-31,IEF,-0.003274672020252889
2022-01-31,IJR,0.0135030580234492
2022-01-31,IWM,0.010098940363657327
2022-01-31,LQD,-0.021544426151739682
2022-01-31,MGK,-0.052951023903321515
2022-01-31,SPY,-0.029744750296655575
2022-01-31,VEA,-0.02671042463244988
2022-01-31,VNQ,-0.03505302841689917
2022-01-31,VNQI,-0.021606799478087635
2022-01-31,VSS,-0.019724539145871023
2022-01-31,VTV,-0.011776052315793373
2022-01-31,VWO,-0.03747167936606666
2022-01-31,VWOB,-0.049236036917379655
2022-02-28,BND,-0.027891300216708492
2022-02-28,BNDX,-0.022651904856646476
2022-02-28,EWX,0.005832102851062615
2022-02-28,HYEM,-0.00995621741226882
2022-02-28,HYG,-0.013246224288780861
2022-02-28,IEF,-0.040973870829160486
2022-02-28,IJR,0.0027742505979775345
2022-02-28,IWM,0.01119069578774945
2022-02-28,LQD,-0.029306748990110765
2022-02-28,MGK,0.043941851279236666
2022-02-28,SPY,0.037196182523766774
2022-02-28,VEA,0.0063718043817606596
2022-02-28,VNQ,0.06223514663944241
2022-02-28,VNQI,0.0038711008694092275
2022-02-28,VSS,0.0009126028880281911
2022-02-28,VTV,0.03242896059076883
2022-02-28,VWO,-0.032920380856987674
2022-02-28,VWOB,-0.014765264838974557
2022-03-31,BND,-0.04031039707221451
2022-03-31,BNDX,-0.03058937739088985
2022-03-31,EWX,-0.06374290518585757
2022-03-31,HYEM,-0.035740825531903164
2022-03-31,HYG,-0.04238628357991603
2022-03-31,IEF,-0.04286563014486022
2022-03-31,IJR,-0.07898165524282641
2022-03-31,IWM,-0.09954013900087977
2022-03-31,LQD,-0.06756062016700348
2022-03-31,MGK,-0.13268634691877257
2022-03-31,SPY,-0.08832450627510757
2022-03-31,VEA,-0.06844167645014132
2022-03-31,VNQ,-0.04146237332398672
2022-03-31,VNQI,-0.06390032615334607
2022-03-31,VSS,-0.07466166220219372
2022-03-31,VTV,-0.048488875051164726
2022-03-31,VWO,-0.05888671897770548
2022-03-31,VWOB,-0.06570495435182777
2022-04-29,BND,0.00746831270506032
2022-04-29,BNDX,-0.007549367468952184
2022-04-29,EWX,-0.005714870779438885
2022-04-29,HYEM,-0.013124457104403575
2022-04-29,HYG,0.015464414080820665
2022-04-29,IEF,0.005357496110410809
2022-04-29,IJR,0.017871884246347003
2022-04-29,IWM,0.0011234730793310277
2022-04-29,LQD,0.017801899760659268
2022-04-29,MGK,-0.026156665407290336
2022-04-29,SPY,0.0014341963862667395
2022-04-29,VEA,0.015694037633282587
2022-04-29,VNQ,-0.04763680070845899
2022-04-29,VNQI,-0.0174538710974258
2022-04-29,VSS,0.007105127260459199
2022-04-29,VTV,0.023252908906723935
2022-04-29,VWO,0.003778691509411791
2022-04-29,VWOB,0.010188844704087874
2022-05-31,BND,-0.017859976428745705
2022-05-31,BNDX,-0.018459099712869853
2022-05-31,EWX,-0.06839575494563377
2022-05-31,HYEM,-0.06059501443738391
2022-05-31,HYG,-0.07167111549851812
2022-05-31,IEF,-0.009884909349227367
2022-05-31,IJR,-0.0860247852196343
2022-05-31,IWM,-0.08481912300528627
2022-05-31,LQD,-0.037443215785801454
2022-05-31,MGK,-0.08725707589099707
2022-05-31,SPY,-0.08361775464007593
2022-05-31,VEA,-0.09284600430889833
2022-05-31,VNQ,-0.07565617317265894
2022-05-31,VNQI,-0.07598377545450896
2022-05-31,VSS,-0.10523041419354551
2022-05-31,VTV,-0.08002093139380939
2022-05-31,VWO,-0.03971485690369303
2022-05-31,VWOB,-0.06176457660984991
2022-06-30,BND,0.02199377551016335
2022-06-30,BNDX,0.030345136806933404
2022-06-30,EWX,0.015864153720605678
2022-06-30,HYEM,0.004322301473490553
2022-06-30,HYG,0.06508768176871382
2022-06-30,IEF,0.027780659346288594
2022-06-30,IJR,0.09738146838050099
2022-06-30,IWM,0.10366326827620864
2022-06-30,LQD,0.042583797610018514
2022-06-30,MGK,0.13282328255209452
2022-06-30,SPY,0.09014198729169065
2022-06-30,VEA,0.05106536049754795
2022-06-30,VNQ,0.08422445413191992
2022-06-30,VNQI,0.035423210694520924
2022-06-30,VSS,0.05731275818708803
2022-06-30,VTV,0.04870468691809249
2022-06-30,VWO,-0.009690489491715026
2022-06-30,VWOB,0.04102073440727039
2022-07-29,BND,-0.030263545832293515
2022-07-29,BNDX,-0.038338620413417956
2022-07-29,EWX,0.008325324454417027
2022-07-29,HYEM,0.0004150224200474284
2022-07-29,HYG,-0.04534141882693499
2022-07-29,IEF,-0.040802600100600106
2022-07-29,IJR,-0.04546556303953753
2022-07-29,IWM,-0.02233399789414159
2022-07-29,LQD,-0.046541895765368047
2022-07-29,MGK,-0.055384288800127024
2022-07-29,SPY,-0.04306035826631527
2022-07-29,VEA,-0.06041126805089625
2022-07-29,VNQ,-0.06233811168077252
2022-07-29,VNQI,-0.05818970911305299
2022-07-29,VSS,-0.048988024472562786
2022-07-29,VTV,-0.02906865496641442
2022-07-29,VWO,-0.00694186570053823
2022-07-29,VWOB,-0.03005791438648675
2022-08-31,BND,-0.04438955087699592
2022-08-31,BNDX,-0.03152402667360288
2022-08-31,EWX,-0.091959809402409
2022-08-31,HYEM,-0.04601293018952424
2022-08-31,HYG,-0.03997464969672537
2022-08-31,IEF,-0.049893480580439076
2022-08-31,IJR,-0.10077427182159338
2022-08-31,IWM,-0.09901693026234704
2022-08-31,LQD,-0.062309271756699425
2022-08-31,MGK,-0.10791694339170244
2022-08-31,SPY,-0.09486967574702931
2022-08-31,VEA,-0.10100760976080769
2022-08-31,VNQ,-0.13103976692270047
2022-08-31,VNQI,-0.12207393803166988
2022-08-31,VSS,-0.11037552621853952
2022-08-31,VTV,-0.08057928665239045
2022-08-31,VWO,-0.10322398642643416
2022-08-31,VWOB,-0.06543572132572839
2022-09-30,BND,-0.014576472855217792
2022-09-30,BNDX,0.002402494256475096
2022-09-30,EWX,-0.003909686508358656
2022-09-30,HYEM,-0.02656815998282336
2022-09-30,HYG,0.030521567113836134
2022-09-30,IEF,-0.01753001749659
2022-09-30,IJR,0.11965678404965674
2022-09-30,IWM,0.10825667490494206
2022-09-30,LQD,-0.010464240356514831
2022-09-30,MGK,0.03471862357184197
2022-09-30,SPY,0.07799468825877032
2022-09-30,VEA,0.057562243340640196
2022-09-30,VNQ,0.031909902527521794
2022-09-30,VNQI,-0.02341243307510954
2022-09-30,VSS,0.033488519614695456
2022-09-30,VTV,0.11395665163056923
2022-09-30,VWO,-0.03144858474328038
2022-09-30,VWOB,-0.0028946273025511893
2022-10-31,BND,0.0329425397520009
2022-10-31,BNDX,0.020634573653538935
2022-10-31,EWX,0.10323519080068233
2022-10-31,HYEM,0.10114210453432282
2022-10-31,HYG,0.030604184645675492
2022-10-31,IEF,0.03240697354798838
2022-10-31,IJR,0.0363033487358595
2022-10-31,IWM,0.018371841981032366
2022-10-31,LQD,0.06265247625138981
2022-10-31,MGK,0.04119750832063729
2022-10-31,SPY,0.05180625813667272
2022-10-31,VEA,0.12145035464035692
2022-10-31,VNQ,0.057654249438143346
2022-10-31,VNQI,0.12756314549428938
2022-10-31,VSS,0.10919821237480254
2022-10-31,VTV,0.05613954331594018
2022-10-31,VWO,0.13891946526756893
2022-10-31,VWOB,0.09096812356833506
2022-11-30,BND,-0.011698398135003618
2022-11-30,BNDX,-0.031057190662153955
2022-11-30,EWX,-0.016081032491738645
2022-11-30,HYEM,0.018942701730025213
2022-11-30,HYG,-0.021172173739213873
2022-11-30,IEF,-0.018493016936546924
2022-11-30,IJR,-0.07021301203157271
2022-11-30,IWM,-0.06856931572549851
2022-11-30,LQD,-0.01912150084113906
2022-11-30,MGK,-0.09126389872361806
2022-11-30,SPY,-0.061083791153025535
2022-11-30,VEA,-0.025411811072359347
2022-11-30,VNQ,-0.053825952981408465
2022-11-30,VNQI,-0.02073743635935199
2022-11-30,VSS,-0.026479439796141424
2022-11-30,VTV,-0.03656629600263883
2022-11-30,VWO,-0.025877406934232017
2022-11-30,VWOB,-0.01677068846630725
2022-12-30,BND,0.02908273338099243
2022-12-30,BNDX,0.01960468656570913
2022-12-30,EWX,0.0591781706211596
2022-12-30,HYEM,0.04039045886864412
2022-12-30,HYG,0.032609321724687446
2022-12-30,IEF,0.031753946650584064
2022-12-30,IJR,0.09080806450436119
2022-12-30,IWM,0.09388634278724539
2022-12-30,LQD,0.047479240747809515
2022-12-30,MGK,0.10288713188688603
2022-12-30,SPY,0.058724149719989294
2022-12-30,VEA,0.08603234308728402
2022-12-30,VNQ,0.09970095803872758
2022-12-30,VNQI,0.06403082807147764
2022-12-30,VSS,0.08337758409823981
2022-12-30,VTV,0.023829135407908764
2022-12-30,VWO,0.07913281202746769
2022-12-30,VWOB,0.036266421105881186
2023-01-31,BND,-0.030230405809057337
2023-01-31,BNDX,-0.018607414015022417
2023-01-31,EWX,-0.03564139526757648
2023-01-31,HYEM,-0.03220723530926828
2023-01-31,HYG,-0.02245085821385462
2023-01-31,IEF,-0.036256221162699886
2023-01-31,IJR,-0.015685135912334558
2023-01-31,IWM,-0.02083934429163059
2023-01-31,LQD,-0.0452060842780766
2023-01-31,MGK,-0.018206536874334822
2023-01-31,SPY,-0.02871874204437108
2023-01-31,VEA,-0.03828752636577892
2023-01-31,VNQ,-0.062095911759357025
2023-01-31,VNQI,-0.058267992198066
2023-01-31,VSS,-0.03503218852093004
2023-01-31,VTV,-0.03591730153573458
2023-01-31,VWO,-0.06996482886997368
2023-01-31,VWOB,-0.030846864210089642
2023-02-28,BND,0.022418034218889327
2023-02-28,BNDX,0.021221207302862588
2023-02-28,EWX,0.0013092966878518464
2023-02-28,HYEM,0.002687112509490941
2023-02-28,HYG,0.015533643609766834
2023-02-28,IEF,0.03282745503902551
2023-02-28,IJR,-0.05623777023744314
2023-02-28,IWM,-0.05249477059255314
2023-02-28,LQD,0.03409628455035474
2023-02-28,MGK,0.08629417357030578
2023-02-28,SPY,0.03269516784595039
2023-02-28,VEA,0.022147253670282696
2023-02-28,VNQ,-0.025689246775361663
2023-02-28,VNQI,-0.032138365196002106
2023-02-28,VSS,0.0044168697327164885
2023-02-28,VTV,-0.008824647182962497
2023-02-28,VWO,0.021267554585716608
2023-02-28,VWOB,0.014547174763792414
2023-03-31,BND,0.0020014728720880726
2023-03-31,BNDX,-0.0017746537283862551
2023-03-31,EWX,0.00047165253773040483
2023-03-31,HYEM,-0.005813377554999
2023-03-31,HYG,-0.0018416963774207096
2023-03-31,IEF,0.004261100421456554
2023-03-31,IJR,-0.03166871412819483
2023-03-31,IWM,-0.021723013575965067
2023-03-31,LQD,0.0021616838976263875
2023-03-31,MGK,0.013777674203240053
2023-03-31,SPY,0.012058234459908945
2023-03-31,VEA,0.022388460684342304
2023-03-31,VNQ,-0.0007362992709188942
2023-03-31,VNQI,0.036904123113341125
2023-03-31,VSS,0.01182939818330353
2023-03-31,VTV,0.013815930369235785
2023-03-31,VWO,-0.0078002424191265796
2023-03-31,VWOB,-0.0014781212786217912
2023-04-28,BND,-0.016216276061550072
2023-04-28,BNDX,-0.0032076688285676003
2023-04-28,EWX,0.0016284712652723243
2023-04-28,HYEM,-0.023892453209750086
2023-04-28,HYG,-0.0168903221885095
2023-04-28,IEF,-0.01894961098558845
2023-04-28,IJR,-0.021257708694007116
2023-04-28,IWM,-0.01275725051626797
2023-04-28,LQD,-0.022240203899688282
2023-04-28,MGK,0.05572137365402208
2023-04-28,SPY,-3.8220314447667825e-05
2023-04-28,VEA,-0.041777020899163686
2023-04-28,VNQ,-0.044065294929692356
2023-04-28,VNQI,-0.07298629757187969
2023-04-28,VSS,-0.039438456970035785
2023-04-28,VTV,-0.045634318249941797
2023-04-28,VWO,-0.03406843732247877
2023-04-28,VWOB,-0.016857664704998387
2023-05-31,BND,-0.006695411424717745
2023-05-31,BNDX,-0.004407184502955852
2023-05-31,EWX,0.03038296545937702
2023-05-31,HYEM,0.027711714853262626
2023-05-31,HYG,0.013254436090802901
2023-05-31,IEF,-0.016964473313982986
2023-05-31,IJR,0.07716341169986474
2023-05-31,IWM,0.07584503475973059
2023-05-31,LQD,0.003596840773183896
2023-05-31,MGK,0.06249065019593769
2023-05-31,SPY,0.0600424116234104
2023-05-31,VEA,0.039624397122299815
2023-05-31,VNQ,0.05157500287263028
2023-05-31,VNQI,0.01730068515961558
2023-05-31,VSS,0.03626849100524532
2023-05-31,VTV,0.05659583062639939
2023-05-31,VWO,0.042730711511884234
2023-05-31,VWOB,0.01914914650897126
2023-06-30,BND,-0.005528876675575667
2023-06-30,BNDX,-0.005612897595478228
2023-06-30,EWX,0.0491222257246795
2023-06-30,HYEM,2.789722808671513e-05
2023-06-30,HYG,0.006759350321632329
2023-06-30,IEF,-0.010836589816715647
2023-06-30,IJR,0.05070477470061574
2023-06-30,IWM,0.056474521243172315
2023-06-30,LQD,-0.003812602520397501
2023-06-30,MGK,0.027807596849637628
2023-06-30,SPY,0.028242608498137756
2023-06-30,VEA,0.026914009911575665
2023-06-30,VNQ,0.01590808398107879
2023-06-30,VNQI,0.052383198830308064
2023-06-30,VSS,0.04476736142433979
2023-06-30,VTV,0.030054648203969192
2023-06-30,VWO,0.054147449767580014
2023-06-30,VWOB,0.010302761011701245
2023-07-31,BND,-0.011383043384409652
2023-07-31,BNDX,-0.0027243992598523503
2023-07-31,EWX,-0.021897403450161113
2023-07-31,HYEM,-0.013953506317446962
2023-07-31,HYG,-0.002982524964804556
2023-07-31,IEF,-0.012084083737857854
2023-07-31,IJR,-0.046260828346037286
2023-07-31,IWM,-0.055393790340642735
2023-07-31,LQD,-0.01704156458460182
2023-07-31,MGK,-0.011447131761511908
2023-07-31,SPY,-0.020984199773597778
2023-07-31,VEA,-0.04409159106831029
2023-07-31,VNQ,-0.038426987274738034
2023-07-31,VNQI,-0.04791653665304574
2023-07-31,VSS,-0.04292520060395999
2023-07-31,VTV,-0.028503962607164923
2023-07-31,VWO,-0.06350049517364353
2023-07-31,VWOB,-0.021474407716871813
2023-08-31,BND,-0.02908986327385188
2023-08-31,BNDX,-0.021810559574177768
2023-08-31,EWX,-0.020884171563846365
2023-08-31,HYEM,-0.009409721923269276
2023-08-31,HYG,-0.02047091759937769
2023-08-31,IEF,-0.03565678689067586
2023-08-31,IJR,-0.06358831117936148
2023-08-31,IWM,-0.06268506312774835
2023-08-31,LQD,-0.0398229574673995
2023-08-31,MGK,-0.06254749053544595
2023-08-31,SPY,-0.0516321898377059
2023-08-31,VEA,-0.04208779388554429
2023-08-31,VNQ,-0.07672421866169132
2023-08-31,VNQI,-0.04629806737584419
2023-08-31,VSS,-0.046792203534751
2023-08-31,VTV,-0.03707119557812266
2023-08-31,VWO,-0.02897540521210995
2023-08-31,VWOB,-0.038253042539483584
2023-09-29,BND,-0.019769410639779883
2023-09-29,BNDX,-0.00611575196400338
2023-09-29,EWX,-0.040556773619343955
2023-09-29,HYEM,-0.018678881241442014
2023-09-29,HYG,-0.015019425227610239
2023-09-29,IEF,-0.023823835392203008
2023-09-29,IJR,-0.0620384709633246
2023-09-29,IWM,-0.07345632271311486
2023-09-29,LQD,-0.028643190035194
2023-09-29,MGK,-0.015558958390028077
2023-09-29,SPY,-0.026243807121135276
2023-09-29,VEA,-0.03833047310727977
2023-09-29,VNQ,-0.04068256287172034
2023-09-29,VNQI,-0.04401050741445778
2023-09-29,VSS,-0.053466773441466886
2023-09-29,VTV,-0.03090371818656279
2023-09-29,VWO,-0.03687548439495403
2023-09-29,VWOB,-0.018890997810123933
2023-10-31,BND,0.04062700602244296
2023-10-31,BNDX,0.029594140235906563
2023-10-31,EWX,0.07536377582193055
2023-10-31,HYEM,0.03994990636516871
2023-10-31,HYG,0.04407391156005169
2023-10-31,IEF,0.04075720862812293
2023-10-31,IJR,0.07772889324552112
2023-10-31,IWM,0.08702507583201546
2023-10-31,LQD,0.07081858902884286
2023-10-31,MGK,0.11110474234228995
2023-10-31,SPY,0.08634661850449388
2023-10-31,VEA,0.08308599661729654
2023-10-31,VNQ,0.11568507619060187
2023-10-31,VNQI,0.08886642251875965
2023-10-31,VSS,0.08866489727896543
2023-10-31,VTV,0.061910883528008887
2023-10-31,VWO,0.0659981981118809
2023-10-31,VWOB,0.057868736769972395
2023-11-30,BND,0.031055284772448566
2023-11-30,BNDX,0.027719921751703014
2023-11-30,EWX,0.024444790009522377
2023-11-30,HYEM,0.024879683403390862
2023-11-30,HYG,0.02744360246050581
2023-11-30,IEF,0.0332155701546577
2023-11-30,IJR,0.12284459358467692
2023-11-30,IWM,0.11639188145253732
2023-11-30,LQD,0.044198105636107377
2023-11-30,MGK,0.03323324760649493
2023-11-30,SPY,0.041113818302698446
2023-11-30,VEA,0.051299538564202773
2023-11-30,VNQ,0.08970006595311819
2023-11-30,VNQI,0.07674877226768095
2023-11-30,VSS,0.05604350316846851
2023-11-30,VTV,0.04633560740021525
2023-11-30,VWO,0.028843301195657256
2023-11-30,VWOB,0.0444957181128971
2023-12-29,BND,-0.006366055943218485
2023-12-29,BNDX,-0.010588447822003855
2023-12-29,EWX,-0.04387562647823107
2023-12-29,HYEM,0.012463718527760737
2023-12-29,HYG,-0.003584664956543082
2023-12-29,IEF,-0.004019228069012559
2023-12-29,IJR,-0.04381693541675913
2023-12-29,IWM,-0.04356871770477233
2023-12-29,LQD,-0.009149347953445353
2023-12-29,MGK,0.02030142231637133
2023-12-29,SPY,0.011108714153065469
2023-12-29,VEA,-0.015546637720523004
2023-12-29,VNQ,-0.055090858868056425
2023-12-29,VNQI,-0.05031051185676538
2023-12-29,VSS,-0.03588990146972837
2023-12-29,VTV,0.003912164762884807
2023-12-29,VWO,-0.04009686031423587
2023-12-29,VWOB,-0.01691924974114034
2024-01-31,BND,-0.01791611034502405
2024-01-31,BNDX,-0.009710429313905533
2024-01-31,EWX,0.027778390181407042
2024-01-31,HYEM,0.004105992893105537
2024-01-31,HYG,-0.001323616690403151
2024-01-31,IEF,-0.025081237536013323
2024-01-31,IJR,0.02772606783911602
2024-01-31,IWM,0.05166255902241623
2024-01-31,LQD,-0.023581635305395587
2024-01-31,MGK,0.06350608724347895
2024-01-31,SPY,0.04761461796675204
2024-01-31,VEA,0.02297304627158181
2024-01-31,VNQ,0.015356379874472248
2024-01-31,VNQI,-0.014390064789816193
2024-01-31,VSS,0.011291097499760872
2024-01-31,VTV,0.028865143235234036
2024-01-31,VWO,0.03031656904017077
2024-01-31,VWOB,-0.0004390113980876631
2024-02-29,BND,0.00411493012420916
2024-02-29,BNDX,0.006809335750038059
2024-02-29,EWX,-0.007724550667730479
2024-02-29,HYEM,0.010752108857503773
2024-02-29,HYG,0.0065052235849936135
2024-02-29,IEF,0.0029541896250493416
2024-02-29,IJR,0.028152684572334774
2024-02-29,IWM,0.03037234094344332
2024-02-29,LQD,0.010997295049565148
2024-02-29,MGK,0.005252134574352807
2024-02-29,SPY,0.02821428525951064
2024-02-29,VEA,0.03207952833164973
2024-02-29,VNQ,0.015079880984318894
2024-02-29,VNQI,0.04292485796720791
2024-02-29,VSS,0.02785165731040773
2024-02-29,VTV,0.04711923602148116
2024-02-29,VWO,0.014806184802197198
2024-02-29,VWOB,0.015146288542799091
2024-03-29,BND,-0.02853225336455867
2024-03-29,BNDX,-0.01852733538980378
2024-03-29,EWX,0.012032484795989618
2024-03-29,HYEM,-0.015156782141883762
2024-03-29,HYG,-0.018008821344508985
2024-03-29,IEF,-0.03571313617388061
2024-03-29,IJR,-0.05977042134710642
2024-03-29,IWM,-0.07271962204978277
2024-03-29,LQD,-0.03684075781589158
2024-03-29,MGK,-0.04991756498646638
2024-03-29,SPY,-0.044694161461670046
2024-03-29,VEA,-0.038486795099647475
2024-03-29,VNQ,-0.08363650606692652
2024-03-29,VNQI,-0.04046401357757323
2024-03-29,VSS,-0.023642242666861768
2024-03-29,VTV,-0.043493383972297295
2024-03-29,VWO,0.004974475194809758
2024-03-29,VWOB,-0.02561537349979015
2024-04-30,BND,0.011951187320230039
2024-04-30,BNDX,-0.0019105822181114673
2024-04-30,EWX,0.01013819728584009
2024-04-30,HYEM,0.021591839899983256
2024-04-30,HYG,0.011487527092591154
2024-04-30,IEF,0.01314189042871483
2024-04-30,IJR,0.045373843073214015
2024-04-30,IWM,0.04536886323812728
2024-04-30,LQD,0.017257863590016687
2024-04-30,MGK,0.06435214059860206
2024-04-30,SPY,0.04556465263689291
2024-04-30,VEA,0.04164009457243667
2024-04-30,VNQ,0.040606033885230985
2024-04-30,VNQI,0.02168748420127975
2024-04-30,VSS,0.040645460840526226
2024-04-30,VTV,0.02505340700483205
2024-04-30,VWO,0.016702829824494225
2024-04-30,VWOB,0.01930167389350279
2024-05-31,BND,0.004626412989816364
2024-05-31,BNDX,0.0021567513089431056
2024-05-31,EWX,0.009452349721705167
2024-05-31,HYEM,-0.000698422092676898
2024-05-31,HYG,0.0006293300655744183
2024-05-31,IEF,0.007975123965429098
2024-05-31,IJR,-0.027774191285029448
2024-05-31,IWM,-0.015341305231830193
2024-05-31,LQD,0.001794481153620353
2024-05-31,MGK,0.07063290096338792
2024-05-31,SPY,0.030989911464501585
2024-05-31,VEA,-0.020617093084118077
2024-05-31,VNQ,0.014534329738553176
2024-05-31,VNQI,-0.031130191777288152
2024-05-31,VSS,-0.016628927268091953
2024-05-31,VTV,-0.0026194776526065056
2024-05-31,VWO,0.015474586113161548
2024-05-31,VWOB,-0.006560126452402115
2024-06-28,BND,0.01870237049944823
2024-06-28,BNDX,0.01643685827205288
2024-06-28,EWX,0.002317310069315015
2024-06-28,HYEM,0.016864238084419725
2024-06-28,HYG,0.018683596628036314
2024-06-28,IEF,0.02410752908868008
2024-06-28,IJR,0.1042609901226208
2024-06-28,IWM,0.09813980997995952
2024-06-28,LQD,0.02152817019745168
2024-06-28,MGK,-0.02753403183274994
2024-06-28,SPY,0.007323963808132161
2024-06-28,VEA,0.02527923232565632
2024-06-28,VNQ,0.07429020636344541
2024-06-28,VNQI,0.04507245327997755
2024-06-28,VSS,0.02695411630991118
2024-06-28,VTV,0.0424265863261426
2024-06-28,VWO,0.007326372880811949
2024-06-28,VWOB,0.02018833665590658
2024-07-31,BND,0.01006400904007454
2024-07-31,BNDX,0.0006582615739982867
2024-07-31,EWX,0.0029504290205075723
2024-07-31,HYEM,0.011308102576523371
2024-07-31,HYG,0.011016945730961236
2024-07-31,IEF,0.009009694230113885
2024-07-31,IJR,-0.019869147017773536
2024-07-31,IWM,-0.021200446110967275
2024-07-31,LQD,0.01423419731819009
2024-07-31,MGK,0.020451790193560138
2024-07-31,SPY,0.01887396326979207
2024-07-31,VEA,0.024554309525518514
2024-07-31,VNQ,0.04758825251571275
2024-07-31,VNQI,0.04188595129278938
2024-07-31,VSS,0.010722070322793265
2024-07-31,VTV,0.02429235194100343
2024-07-31,VWO,0.005276956478263761
2024-07-31,VWOB,0.019431302266652573
2024-08-30,BND,0.009188830250373758
2024-08-30,BNDX,0.008531450155050857
2024-08-30,EWX,0.05743998481005885
2024-08-30,HYEM,0.013346246289926311
2024-08-30,HYG,0.012979292150751442
2024-08-30,IEF,0.009845913420457597
2024-08-30,IJR,0.004430505853929123
2024-08-30,IWM,0.003152621923936172
2024-08-30,LQD,0.01562733459950061
2024-08-30,MGK,0.02030432513954694
2024-08-30,SPY,0.016997402446090826
2024-08-30,VEA,0.0068183600356734875
2024-08-30,VNQ,0.028643580933287227
2024-08-30,VNQI,0.048135542044991375
2024-08-30,VSS,0.024060742840154914
2024-08-30,VTV,0.011319530344745088
2024-08-30,VWO,0.06894319226659884
2024-08-30,VWOB,0.01664730013846305
2024-09-30,BND,-0.02855432686004411
2024-09-30,BNDX,-0.011302601400730583
2024-09-30,EWX,-0.02166027895602085
2024-09-30,HYEM,-0.015119897844812824
2024-09-30,HYG,-0.013695084867016982
2024-09-30,IEF,-0.03783346082635353
2024-09-30,IJR,-0.029983969352061046
2024-09-30,IWM,-0.01821054978137504
2024-09-30,LQD,-0.03576250071085729
2024-09-30,MGK,-0.01040907402638358
2024-09-30,SPY,-0.012985770954599074
2024-09-30,VEA,-0.055204330587032224
2024-09-30,VNQ,-0.03752710803872683
2024-09-30,VNQI,-0.07309627221266124
2024-09-30,VSS,-0.05043069718735338
2024-09-30,VTV,-0.017847449684423644
2024-09-30,VWO,-0.030739293135397583
2024-09-30,VWOB,-0.028058220110522503
2024-10-31,BND,0.006980191010371062
2024-10-31,BNDX,0.012927319118851699
2024-10-31,EWX,-0.00594059668002922
2024-10-31,HYEM,0.010210982448233263
2024-10-31,HYG,0.012721047970274846
2024-10-31,IEF,0.0065076513700554894
2024-10-31,IJR,0.1066218820779068
2024-10-31,IWM,0.1066482215675022
2024-10-31,LQD,0.014178981725060158
2024-10-31,MGK,0.058966770786424094
2024-10-31,SPY,0.05575059631050028
2024-10-31,VEA,0.0003130380776930064
2024-10-31,VNQ,0.0387712561483895
2024-10-31,VNQI,-0.009369476482882111
2024-10-31,VSS,-0.0022540846535089587
2024-10-31,VTV,0.052529975657629846
2024-10-31,VWO,-0.02505864939174962
2024-10-31,VWOB,0.01408417116199212
2024-11-29,BND,-0.020451502070629735
2024-11-29,BNDX,-0.011356260169640864
2024-11-29,EWX,-0.024801080087742955
2024-11-29,HYEM,-0.005639180972766611
2024-11-29,HYG,-0.011477730842771705
2024-11-29,IEF,-0.026204629229870657
2024-11-29,IJR,-0.08430529577974577
2024-11-29,IWM,-0.08713282409829082
2024-11-29,LQD,-0.0303626112749128
2024-11-29,MGK,0.007646433642702011
2024-11-29,SPY,-0.027674959655149323
2024-11-29,VEA,-0.038633986760357786
2024-11-29,VNQ,-0.08711562875173517
2024-11-29,VNQI,-0.04421685723986302
2024-11-29,VSS,-0.030460120714809302
2024-11-29,VTV,-0.06719501686409857
2024-11-29,VWO,-0.013908644096442546
2024-11-29,VWOB,-0.02582394573438407
2024-12-31,BND,0.0021299169845503396
2024-12-31,BNDX,-0.0013892171477186688
2024-12-31,EWX,-0.029321244811811975
2024-12-31,HYEM,0.012546429123911462
2024-12-31,HYG,0.009725973138366317
2024-12-31,IEF,0.0023156160178792184
2024-12-31,IJR,0.024013253686327563
2024-12-31,IWM,0.02106001803422264
2024-12-31,LQD,0.001954408196809254
2024-12-31,MGK,0.010010507805697788
2024-12-31,SPY,0.022927230378975594
2024-12-31,VEA,0.04033696619225813
2024-12-31,VNQ,0.012612474814170493
2024-12-31,VNQI,0.010275152475870186
2024-12-31,VSS,0.0016556816643409356
2024-12-31,VTV,0.03971579948158044
2024-12-31,VWO,0.004316819194593924
2024-12-31,VWOB,0.012421573461789182
2025-01-31,BND,0.01816002202618483
2025-01-31,BNDX,0.005461218657232925
2025-01-31,EWX,-0.00281061851361597
2025-01-31,HYEM,0.007858696880750582
2025-01-31,HYG,0.0063361558976731125
2025-01-31,IEF,0.02456973724596856
2025-01-31,IJR,-0.05929354964575406
2025-01-31,IWM,-0.05539414411723731
2025-01-31,LQD,0.02030020857083703
2025-01-31,MGK,-0.031329324919520896
2025-01-31,SPY,-0.015986522035060458
2025-01-31,VEA,0.019217552187987152
2025-01-31,VNQ,0.03353871581223222
2025-01-31,VNQI,0.0016343537582634848
2025-01-31,VSS,-0.0021218382747257847
2025-01-31,VTV,0.004731745603080206
2025-01-31,VWO,0.00407355953852484
2025-01-31,VWOB,0.017630799435706557
2025-02-28,BND,-0.0033638690078136024
2025-02-28,BNDX,-0.015285753415083092
2025-02-28,EWX,-0.012380412693452358
2025-02-28,HYEM,-0.011135439187895169
2025-02-28,HYG,-0.014306202416619174
2025-02-28,IEF,-7.85336055669772e-05
2025-02-28,IJR,-0.06500047934466535
2025-02-28,IWM,-0.07178825714085468
2025-02-28,LQD,-0.008094703451936303
2025-02-28,MGK,-0.08944489032600911
2025-02-28,SPY,-0.059011045648204696
2025-02-28,VEA,-0.0035829785719896368
2025-02-28,VNQ,-0.029273755850752536
2025-02-28,VNQI,-2.5945487169498627e-05
2025-02-28,VSS,-0.0004598926265187986
2025-02-28,VTV,-0.02798831540936586
2025-02-28,VWO,0.009347310900242212
2025-02-28,VWOB,-0.01262151541274914
2025-03-31,BND,0.0002900445815829933
2025-03-31,BNDX,0.01348371942700699
2025-03-31,EWX,-0.00946261213794608
2025-03-31,HYEM,-0.012177601297407858
2025-03-31,HYG,-0.0024892078886947777
2025-03-31,IEF,0.006865697558658956
2025-03-31,IJR,-0.04596093503631815
2025-03-31,IWM,-0.02678097619645725
2025-03-31,LQD,-0.006352879972075454
2025-03-31,MGK,0.017471352151959385
2025-03-31,SPY,-0.012295156855603673
2025-03-31,VEA,0.03633029466313631
2025-03-31,VNQ,-0.027976470115700924
2025-03-31,VNQI,0.056429331928629756
2025-03-31,VSS,0.03788647477924423
2025-03-31,VTV,-0.039763538216337824
2025-03-31,VWO,-0.0038767475017809083
2025-03-31,VWOB,-0.0054510288128951645
2025-04-30,BND,-0.010405793753422987
2025-04-30,BNDX,-0.003607208775420423
2025-04-30,EWX,0.05258693861625119
2025-04-30,HYEM,0.013444382100015417
2025-04-30,HYG,0.013779708494625176
2025-04-30,IEF,-0.016038003679336166
2025-04-30,IJR,0.048451193390839364
2025-04-30,IWM,0.04851555644108685
2025-04-30,LQD,-0.0016313673294900966
2025-04-30,MGK,0.08806913890819934
2025-04-30,SPY,0.058925388280368196
2025-04-30,VEA,0.04738090366095782
2025-04-30,VNQ,0.007478743557169265
2025-04-30,VNQI,0.025806609111785894
2025-04-30,VSS,0.056461505413894164
2025-04-30,VTV,0.025696373579688903
2025-04-30,VWO,0.034843535265234094
2025-04-30,VWOB,0.006743977991500394
2025-05-30,BND,0.011602279937243054
2025-05-30,BNDX,-0.00013813193367995247
2025-05-30,EWX,0.05043478917948763
2025-05-30,HYEM,0.014454736674941238
2025-05-30,HYG,0.014810232627787467
2025-05-30,IEF,0.012452635713091631
2025-05-30,IJR,0.03734730062979463
2025-05-30,IWM,0.05148001482501363
2025-05-30,LQD,0.01724067810025387
2025-05-30,MGK,0.06034678090607071
2025-05-30,SPY,0.04769503132247488
2025-05-30,VEA,0.030256896423436208
2025-05-30,VNQ,0.003350017172426778
2025-05-30,VNQI,0.04115888912622401
2025-05-30,VSS,0.054769509796744886
2025-05-30,VTV,0.03323296414761856
2025-05-30,VWO,0.0516820091041299
2025-05-30,VWOB,0.021275035150110533
2025-06-30,BND,-0.006504628584288352
2025-06-30,BNDX,-0.004987093038750889
2025-06-30,EWX,0.003689786989881094
2025-06-30,HYEM,0.005285543092115708
2025-06-30,HYG,-0.0025055456276025234
2025-06-30,IEF,-0.009774301758933568
2025-06-30,IJR,0.0051654574642987505
2025-06-30,IWM,0.012760509965163758
2025-06-30,LQD,-0.004751919605020305
2025-06-30,MGK,0.03526180056452688
2025-06-30,SPY,0.019084636601719662
2025-06-30,VEA,-0.017661734599361267
2025-06-30,VNQ,-0.0029631785800091626
2025-06-30,VNQI,-0.023931985253554888
2025-06-30,VSS,-0.009120846853603148
2025-06-30,VTV,-0.0021672072205149995
2025-06-30,VWO,0.0029898164077826195
2025-06-30,VWOB,0.003448305128446183
2025-07-31,BND,0.008078168248586426
2025-07-31,BNDX,-0.0020674087986517486
2025-07-31,EWX,0.059400893238615415
2025-07-31,HYEM,0.015517089146028784
2025-07-31,HYG,0.007592049953100588
2025-07-31,IEF,0.013001817850709863
2025-07-31,IJR,0.06670218416419749
2025-07-31,IWM,0.06825711708500215
2025-07-31,LQD,0.006976629232388731
2025-07-31,MGK,0.005506632407265677
2025-07-31,SPY,0.017026012524585576
2025-07-31,VEA,0.04071532673311529
2025-07-31,VNQ,0.03123437253852468
2025-07-31,VNQI,0.03800885965747658
2025-07-31,VSS,0.045704888461808535
2025-07-31,VTV,0.031364584427811426
2025-07-31,VWO,0.031196625229886754
2025-07-31,VWOB,0.013654722337262282
2025-08-29,BND,0.007605102237268735
2025-08-29,BNDX,0.0018362878606474897
2025-08-29,EWX,0.00934001338555035
2025-08-29,HYEM,-0.0033106291921588538
2025-08-29,HYG,0.005419781348124708
2025-08-29,IEF,0.0030788909808263654
2025-08-29,IJR,0.00703088110259853
2025-08-29,IWM,0.028272884992631475
2025-08-29,LQD,0.015298349958839719
2025-08-29,MGK,0.04538111710395509
2025-08-29,SPY,0.032089020675485136
2025-08-29,VEA,0.02200110516889575
2025-08-29,VNQ,-0.002835484793745957
2025-08-29,VNQI,0.010131917120224765
2025-08-29,VSS,0.018182193335737562
2025-08-29,VTV,0.01952975535168333
2025-08-29,VWO,0.053275426570534856
2025-08-29,VWOB,0.011313800911488814
2025-09-30,BND,0.0025378742199773097
2025-09-30,BNDX,0.006523687307570025
2025-09-30,EWX,-0.003915097877319473
2025-09-30,HYEM,0.00027659082471731544
2025-09-30,HYG,-0.0035819109734125387
2025-09-30,IEF,0.003617283991263598
2025-09-30,IJR,-0.012108588607199655
2025-09-30,IWM,0.01411543773730961
2025-09-30,LQD,-0.0019813073773184975
2025-09-30,MGK,0.041846149700569324
2025-09-30,SPY,0.020283894984128636
2025-09-30,VEA,0.014158054021132793
2025-09-30,VNQ,-0.027888029435525152
2025-09-30,VNQI,-0.015995303603671296
2025-09-30,VSS,-0.004799080760367169
2025-09-30,VTV,-0.007371685381893589
2025-09-30,VWO,0.01105958429806142
2025-09-30,VWOB,0.017691235991297516
2025-10-31,BND,0.002971106612209784
2025-10-31,BNDX,-0.004807817639216561
2025-10-31,EWX,-0.016176668191666965
2025-10-31,HYEM,-0.002199187735685282
2025-10-31,HYG,0.004457545106077099
2025-10-31,IEF,0.00686798671264377
2025-10-31,IJR,0.02299954795344572
2025-10-31,IWM,0.007219978603562716
2025-10-31,LQD,0.006300074187939986
2025-10-31,MGK,-0.018174157131554458
2025-10-31,SPY,-0.0010397231123735473
2025-10-31,VEA,0.006662616935986243
2025-10-31,VNQ,0.021164514596157646
2025-10-31,VNQI,0.011398276316832767
2025-10-31,VSS,0.006820955763576553
2025-10-31,VTV,0.022349516156928262
2025-10-31,VWO,-0.015135981764385575
2025-10-31,VWOB,0.0006545049859065788
2025-11-28,BND,-0.006247256561010883
2025-11-28,BNDX,-0.008430205799884072
2025-11-28,EWX,0.005526301936131128
2025-11-28,HYEM,0.006456072264167778
2025-11-28,HYG,0.0016541500219426908
2025-11-28,IEF,-0.010842603142110274
2025-11-28,IJR,-0.004342350153016539
2025-11-28,IWM,-0.010326010848058287
2025-11-28,LQD,-0.010606193278736353
2025-11-28,MGK,-0.006014703958398204
2025-11-28,SPY,-0.0024606611542664636
2025-11-28,VEA,0.028424627068561747
2025-11-28,VNQ,-0.025545364829023476
2025-11-28,VNQI,0.0008944661826628675
2025-11-28,VSS,0.01745648547983225
2025-11-28,VTV,0.00459104909466812
2025-11-28,VWO,0.006231798598067773
2025-11-28,VWOB,-0.001263033663004176
2025-12-31,BND,-0.0009446131962376203
2025-12-31,BNDX,0.0020598134720872796
2025-12-31,EWX,0.02711570928152862
2025-12-31,HYEM,0.011938267273360115
2025-12-31,HYG,0.0029603659381731706
2025-12-31,IEF,-0.005378769202177391
2025-12-31,IJR,0.05372323528702405
2025-12-31,IWM,0.0515339295845032
2025-12-31,LQD,0.00033985647887102566
2025-12-31,MGK,-0.01981081468172896
2025-12-31,SPY,0.011594115151590367
2025-12-31,VEA,0.05642560416852649
2025-12-31,VNQ,0.022925822554739073
2025-12-31,VNQI,0.04257155181000494
2025-12-31,VSS,0.06068200468583562
2025-12-31,VTV,0.04262614291618694
2025-12-31,VWO,0.04715510460279937
2025-12-31,VWOB,0.0003023609320700338
2026-01-30,BND,0.013125442956698263
2026-01-30,BNDX,0.012422961747515338
2026-01-30,EWX,0.03253007863200175
2026-01-30,HYEM,0.006343485600702747
2026-01-30,HYG,-0.002858051494019631
2026-01-30,IEF,0.021783798753249872
2026-01-30,IJR,0.018113124753550203
2026-01-30,IWM,0.003913398756311803
2026-01-30,LQD,0.010894767324590049
2026-01-30,MGK,-0.049282097452690965
2026-01-30,SPY,-0.011463077988360548
2026-01-30,VEA,0.05800783635264106
2026-01-30,VNQ,0.0508556574724095
2026-01-30,VNQI,0.05477043858428532
2026-01-30,VSS,0.046521625760379104
2026-01-30,VTV,0.03464427367279299
2026-01-30,VWO,0.025936988754007295
2026-01-30,VWOB,0.012410796763753673
