variant,date,window_index,outputscale_prior,scale_index,component,kernel_path,kernel_type,prior_median,learned_outputscale_mean,learned_outputscale_min,learned_outputscale_max
positive_no_prior_both,2025-05-30,0,lognormal_component_budget,0,time,covar_module.kernels.0.base_kernel.base_kernel.kernels.0,MaternKernel,0.1,0.10755612822191449,0.10755612822191449,0.10755612822191449
positive_no_prior_both,2025-05-30,0,lognormal_component_budget,1,etf,covar_module.kernels.0.base_kernel.base_kernel.kernels.1,MaternKernel,0.25,0.04974358013117323,0.04974358013117323,0.04974358013117323
positive_no_prior_both,2025-05-30,0,lognormal_component_budget,2,macro_matern,covar_module.kernels.0.base_kernel.base_kernel.kernels.2,MaternKernel,0.2,0.20987081075379982,0.20987081075379982,0.20987081075379982
positive_no_prior_both,2025-05-30,0,lognormal_component_budget,3,macro_rq,covar_module.kernels.0.base_kernel.base_kernel.kernels.3,RQKernel,0.1,0.05271763231282164,0.05271763231282164,0.05271763231282164
positive_no_prior_both,2025-05-30,0,lognormal_component_budget,4,macro_linear,covar_module.kernels.0.base_kernel.base_kernel.kernels.4,LinearKernel,0.1,0.04455959580554731,0.04455959580554731,0.04455959580554731
positive_no_prior_both,2025-05-30,0,lognormal_component_budget,5,time_x_etf,covar_module.kernels.0.base_kernel.base_kernel.kernels.5,ProductKernel,0.07,0.08247091554800548,0.08247091554800548,0.08247091554800548
positive_no_prior_both,2025-05-30,0,lognormal_component_budget,6,time_x_macro,covar_module.kernels.0.base_kernel.base_kernel.kernels.6,ProductKernel,0.09,0.24513670723649914,0.24513670723649914,0.24513670723649914
positive_no_prior_both,2025-05-30,0,lognormal_component_budget,7,macro_x_etf,covar_module.kernels.0.base_kernel.base_kernel.kernels.7,ProductKernel,0.09,0.03538252063995384,0.03538252063995384,0.03538252063995384
positive_no_prior_outputscale_only,2025-05-30,0,lognormal_component_budget,0,time,covar_module.kernels.0.base_kernel.kernels.0,MaternKernel,0.1,0.053470403756027525,0.053470403756027525,0.053470403756027525
positive_no_prior_outputscale_only,2025-05-30,0,lognormal_component_budget,1,etf,covar_module.kernels.0.base_kernel.kernels.1,MaternKernel,0.25,0.05441645757760349,0.05441645757760349,0.05441645757760349
positive_no_prior_outputscale_only,2025-05-30,0,lognormal_component_budget,2,macro_matern,covar_module.kernels.0.base_kernel.kernels.2,MaternKernel,0.2,1.5966497295277593,1.5966497295277593,1.5966497295277593
positive_no_prior_outputscale_only,2025-05-30,0,lognormal_component_budget,3,macro_rq,covar_module.kernels.0.base_kernel.kernels.3,RQKernel,0.1,0.05623669086347102,0.05623669086347102,0.05623669086347102
positive_no_prior_outputscale_only,2025-05-30,0,lognormal_component_budget,4,macro_linear,covar_module.kernels.0.base_kernel.kernels.4,LinearKernel,0.1,0.04132818281588339,0.04132818281588339,0.04132818281588339
positive_no_prior_outputscale_only,2025-05-30,0,lognormal_component_budget,5,time_x_etf,covar_module.kernels.0.base_kernel.kernels.5,ProductKernel,0.07,0.06047967735352446,0.06047967735352446,0.06047967735352446
positive_no_prior_outputscale_only,2025-05-30,0,lognormal_component_budget,6,time_x_macro,covar_module.kernels.0.base_kernel.kernels.6,ProductKernel,0.09,0.03839811639198425,0.03839811639198425,0.03839811639198425
positive_no_prior_outputscale_only,2025-05-30,0,lognormal_component_budget,7,macro_x_etf,covar_module.kernels.0.base_kernel.kernels.7,ProductKernel,0.09,0.05679150888167808,0.05679150888167808,0.05679150888167808
positive_no_prior_lengthscale_only,2025-05-30,0,lognormal_component_budget,0,time,covar_module.kernels.0.base_kernel.kernels.0,MaternKernel,0.1,0.09834622180365726,0.09834622180365726,0.09834622180365726
positive_no_prior_lengthscale_only,2025-05-30,0,lognormal_component_budget,1,etf,covar_module.kernels.0.base_kernel.kernels.1,MaternKernel,0.25,0.04219972958782229,0.04219972958782229,0.04219972958782229
positive_no_prior_lengthscale_only,2025-05-30,0,lognormal_component_budget,2,macro_matern,covar_module.kernels.0.base_kernel.kernels.2,MaternKernel,0.2,0.16767962739728184,0.16767962739728184,0.16767962739728184
positive_no_prior_lengthscale_only,2025-05-30,0,lognormal_component_budget,3,macro_rq,covar_module.kernels.0.base_kernel.kernels.3,RQKernel,0.1,0.05991439283348443,0.05991439283348443,0.05991439283348443
positive_no_prior_lengthscale_only,2025-05-30,0,lognormal_component_budget,4,macro_linear,covar_module.kernels.0.base_kernel.kernels.4,LinearKernel,0.1,0.07989866653722155,0.07989866653722155,0.07989866653722155
positive_no_prior_lengthscale_only,2025-05-30,0,lognormal_component_budget,5,time_x_etf,covar_module.kernels.0.base_kernel.kernels.5,ProductKernel,0.07,0.04346809946727383,0.04346809946727383,0.04346809946727383
positive_no_prior_lengthscale_only,2025-05-30,0,lognormal_component_budget,6,time_x_macro,covar_module.kernels.0.base_kernel.kernels.6,ProductKernel,0.09,0.13875627281927927,0.13875627281927927,0.13875627281927927
positive_no_prior_lengthscale_only,2025-05-30,0,lognormal_component_budget,7,macro_x_etf,covar_module.kernels.0.base_kernel.kernels.7,ProductKernel,0.09,0.03436886230433542,0.03436886230433542,0.03436886230433542
positive_no_prior_neither,2025-05-30,0,lognormal_component_budget,0,time,covar_module.kernels.0.kernels.0,MaternKernel,0.1,0.061378224283567935,0.061378224283567935,0.061378224283567935
positive_no_prior_neither,2025-05-30,0,lognormal_component_budget,1,etf,covar_module.kernels.0.kernels.1,MaternKernel,0.25,0.043099085822842616,0.043099085822842616,0.043099085822842616
positive_no_prior_neither,2025-05-30,0,lognormal_component_budget,2,macro_matern,covar_module.kernels.0.kernels.2,MaternKernel,0.2,0.6831304270036609,0.6831304270036609,0.6831304270036609
positive_no_prior_neither,2025-05-30,0,lognormal_component_budget,3,macro_rq,covar_module.kernels.0.kernels.3,RQKernel,0.1,0.060512467120349134,0.060512467120349134,0.060512467120349134
positive_no_prior_neither,2025-05-30,0,lognormal_component_budget,4,macro_linear,covar_module.kernels.0.kernels.4,LinearKernel,0.1,0.07151506305218934,0.07151506305218934,0.07151506305218934
positive_no_prior_neither,2025-05-30,0,lognormal_component_budget,5,time_x_etf,covar_module.kernels.0.kernels.5,ProductKernel,0.07,0.03270098161824115,0.03270098161824115,0.03270098161824115
positive_no_prior_neither,2025-05-30,0,lognormal_component_budget,6,time_x_macro,covar_module.kernels.0.kernels.6,ProductKernel,0.09,0.10027982070451996,0.10027982070451996,0.10027982070451996
positive_no_prior_neither,2025-05-30,0,lognormal_component_budget,7,macro_x_etf,covar_module.kernels.0.kernels.7,ProductKernel,0.09,0.04753803951982241,0.04753803951982241,0.04753803951982241
positive_no_prior_both,2025-06-30,1,lognormal_component_budget,0,time,covar_module.kernels.0.base_kernel.base_kernel.kernels.0,MaternKernel,0.1,0.10187723571566504,0.10187723571566504,0.10187723571566504
positive_no_prior_both,2025-06-30,1,lognormal_component_budget,1,etf,covar_module.kernels.0.base_kernel.base_kernel.kernels.1,MaternKernel,0.25,0.04482251565703761,0.04482251565703761,0.04482251565703761
positive_no_prior_both,2025-06-30,1,lognormal_component_budget,2,macro_matern,covar_module.kernels.0.base_kernel.base_kernel.kernels.2,MaternKernel,0.2,0.6521248023207437,0.6521248023207437,0.6521248023207437
positive_no_prior_both,2025-06-30,1,lognormal_component_budget,3,macro_rq,covar_module.kernels.0.base_kernel.base_kernel.kernels.3,RQKernel,0.1,0.057721433460436504,0.057721433460436504,0.057721433460436504
positive_no_prior_both,2025-06-30,1,lognormal_component_budget,4,macro_linear,covar_module.kernels.0.base_kernel.base_kernel.kernels.4,LinearKernel,0.1,0.041682026473417885,0.041682026473417885,0.041682026473417885
positive_no_prior_both,2025-06-30,1,lognormal_component_budget,5,time_x_etf,covar_module.kernels.0.base_kernel.base_kernel.kernels.5,ProductKernel,0.07,0.05062571761571392,0.05062571761571392,0.05062571761571392
positive_no_prior_both,2025-06-30,1,lognormal_component_budget,6,time_x_macro,covar_module.kernels.0.base_kernel.base_kernel.kernels.6,ProductKernel,0.09,0.4006822135776166,0.4006822135776166,0.4006822135776166
positive_no_prior_both,2025-06-30,1,lognormal_component_budget,7,macro_x_etf,covar_module.kernels.0.base_kernel.base_kernel.kernels.7,ProductKernel,0.09,0.02194810246797991,0.02194810246797991,0.02194810246797991
positive_no_prior_outputscale_only,2025-06-30,1,lognormal_component_budget,0,time,covar_module.kernels.0.base_kernel.kernels.0,MaternKernel,0.1,0.05799874957060005,0.05799874957060005,0.05799874957060005
positive_no_prior_outputscale_only,2025-06-30,1,lognormal_component_budget,1,etf,covar_module.kernels.0.base_kernel.kernels.1,MaternKernel,0.25,0.0609604917516949,0.0609604917516949,0.0609604917516949
positive_no_prior_outputscale_only,2025-06-30,1,lognormal_component_budget,2,macro_matern,covar_module.kernels.0.base_kernel.kernels.2,MaternKernel,0.2,2.342316631491922,2.342316631491922,2.342316631491922
positive_no_prior_outputscale_only,2025-06-30,1,lognormal_component_budget,3,macro_rq,covar_module.kernels.0.base_kernel.kernels.3,RQKernel,0.1,0.05952959233676854,0.05952959233676854,0.05952959233676854
positive_no_prior_outputscale_only,2025-06-30,1,lognormal_component_budget,4,macro_linear,covar_module.kernels.0.base_kernel.kernels.4,LinearKernel,0.1,0.05009967081623242,0.05009967081623242,0.05009967081623242
positive_no_prior_outputscale_only,2025-06-30,1,lognormal_component_budget,5,time_x_etf,covar_module.kernels.0.base_kernel.kernels.5,ProductKernel,0.07,0.04297318226399771,0.04297318226399771,0.04297318226399771
positive_no_prior_outputscale_only,2025-06-30,1,lognormal_component_budget,6,time_x_macro,covar_module.kernels.0.base_kernel.kernels.6,ProductKernel,0.09,0.07765054083656685,0.07765054083656685,0.07765054083656685
positive_no_prior_outputscale_only,2025-06-30,1,lognormal_component_budget,7,macro_x_etf,covar_module.kernels.0.base_kernel.kernels.7,ProductKernel,0.09,0.029517164694645978,0.029517164694645978,0.029517164694645978
positive_no_prior_lengthscale_only,2025-06-30,1,lognormal_component_budget,0,time,covar_module.kernels.0.base_kernel.kernels.0,MaternKernel,0.1,0.08899720001908645,0.08899720001908645,0.08899720001908645
positive_no_prior_lengthscale_only,2025-06-30,1,lognormal_component_budget,1,etf,covar_module.kernels.0.base_kernel.kernels.1,MaternKernel,0.25,0.03187161558355315,0.03187161558355315,0.03187161558355315
positive_no_prior_lengthscale_only,2025-06-30,1,lognormal_component_budget,2,macro_matern,covar_module.kernels.0.base_kernel.kernels.2,MaternKernel,0.2,0.14086673320638213,0.14086673320638213,0.14086673320638213
positive_no_prior_lengthscale_only,2025-06-30,1,lognormal_component_budget,3,macro_rq,covar_module.kernels.0.base_kernel.kernels.3,RQKernel,0.1,0.04918173506765551,0.04918173506765551,0.04918173506765551
positive_no_prior_lengthscale_only,2025-06-30,1,lognormal_component_budget,4,macro_linear,covar_module.kernels.0.base_kernel.kernels.4,LinearKernel,0.1,0.06262715389193,0.06262715389193,0.06262715389193
positive_no_prior_lengthscale_only,2025-06-30,1,lognormal_component_budget,5,time_x_etf,covar_module.kernels.0.base_kernel.kernels.5,ProductKernel,0.07,0.030763183723272344,0.030763183723272344,0.030763183723272344
positive_no_prior_lengthscale_only,2025-06-30,1,lognormal_component_budget,6,time_x_macro,covar_module.kernels.0.base_kernel.kernels.6,ProductKernel,0.09,0.152071192618761,0.152071192618761,0.152071192618761
positive_no_prior_lengthscale_only,2025-06-30,1,lognormal_component_budget,7,macro_x_etf,covar_module.kernels.0.base_kernel.kernels.7,ProductKernel,0.09,0.019881698781257513,0.019881698781257513,0.019881698781257513
positive_no_prior_neither,2025-06-30,1,lognormal_component_budget,0,time,covar_module.kernels.0.kernels.0,MaternKernel,0.1,0.04924507644415764,0.04924507644415764,0.04924507644415764
positive_no_prior_neither,2025-06-30,1,lognormal_component_budget,1,etf,covar_module.kernels.0.kernels.1,MaternKernel,0.25,0.03634339847758382,0.03634339847758382,0.03634339847758382
positive_no_prior_neither,2025-06-30,1,lognormal_component_budget,2,macro_matern,covar_module.kernels.0.kernels.2,MaternKernel,0.2,0.7084770925718331,0.7084770925718331,0.7084770925718331
positive_no_prior_neither,2025-06-30,1,lognormal_component_budget,3,macro_rq,covar_module.kernels.0.kernels.3,RQKernel,0.1,0.05081287126070623,0.05081287126070623,0.05081287126070623
positive_no_prior_neither,2025-06-30,1,lognormal_component_budget,4,macro_linear,covar_module.kernels.0.kernels.4,LinearKernel,0.1,0.0749159260858494,0.0749159260858494,0.0749159260858494
positive_no_prior_neither,2025-06-30,1,lognormal_component_budget,5,time_x_etf,covar_module.kernels.0.kernels.5,ProductKernel,0.07,0.027826481320487234,0.027826481320487234,0.027826481320487234
positive_no_prior_neither,2025-06-30,1,lognormal_component_budget,6,time_x_macro,covar_module.kernels.0.kernels.6,ProductKernel,0.09,0.06830262498483955,0.06830262498483955,0.06830262498483955
positive_no_prior_neither,2025-06-30,1,lognormal_component_budget,7,macro_x_etf,covar_module.kernels.0.kernels.7,ProductKernel,0.09,0.02590036031806933,0.02590036031806933,0.02590036031806933
positive_no_prior_both,2025-07-31,2,lognormal_component_budget,0,time,covar_module.kernels.0.base_kernel.base_kernel.kernels.0,MaternKernel,0.1,0.09950470092819075,0.09950470092819075,0.09950470092819075
positive_no_prior_both,2025-07-31,2,lognormal_component_budget,1,etf,covar_module.kernels.0.base_kernel.base_kernel.kernels.1,MaternKernel,0.25,0.04094529539472109,0.04094529539472109,0.04094529539472109
positive_no_prior_both,2025-07-31,2,lognormal_component_budget,2,macro_matern,covar_module.kernels.0.base_kernel.base_kernel.kernels.2,MaternKernel,0.2,0.31866042951552304,0.31866042951552304,0.31866042951552304
positive_no_prior_both,2025-07-31,2,lognormal_component_budget,3,macro_rq,covar_module.kernels.0.base_kernel.base_kernel.kernels.3,RQKernel,0.1,0.052458462302487394,0.052458462302487394,0.052458462302487394
positive_no_prior_both,2025-07-31,2,lognormal_component_budget,4,macro_linear,covar_module.kernels.0.base_kernel.base_kernel.kernels.4,LinearKernel,0.1,0.04055800947908487,0.04055800947908487,0.04055800947908487
positive_no_prior_both,2025-07-31,2,lognormal_component_budget,5,time_x_etf,covar_module.kernels.0.base_kernel.base_kernel.kernels.5,ProductKernel,0.07,0.12459607719084573,0.12459607719084573,0.12459607719084573
positive_no_prior_both,2025-07-31,2,lognormal_component_budget,6,time_x_macro,covar_module.kernels.0.base_kernel.base_kernel.kernels.6,ProductKernel,0.09,0.30399495806730814,0.30399495806730814,0.30399495806730814
positive_no_prior_both,2025-07-31,2,lognormal_component_budget,7,macro_x_etf,covar_module.kernels.0.base_kernel.base_kernel.kernels.7,ProductKernel,0.09,0.022232049166386398,0.022232049166386398,0.022232049166386398
positive_no_prior_outputscale_only,2025-07-31,2,lognormal_component_budget,0,time,covar_module.kernels.0.base_kernel.kernels.0,MaternKernel,0.1,0.05702788058570142,0.05702788058570142,0.05702788058570142
positive_no_prior_outputscale_only,2025-07-31,2,lognormal_component_budget,1,etf,covar_module.kernels.0.base_kernel.kernels.1,MaternKernel,0.25,0.04208051535405806,0.04208051535405806,0.04208051535405806
positive_no_prior_outputscale_only,2025-07-31,2,lognormal_component_budget,2,macro_matern,covar_module.kernels.0.base_kernel.kernels.2,MaternKernel,0.2,1.7959425954002555,1.7959425954002555,1.7959425954002555
positive_no_prior_outputscale_only,2025-07-31,2,lognormal_component_budget,3,macro_rq,covar_module.kernels.0.base_kernel.kernels.3,RQKernel,0.1,0.059158500986885625,0.059158500986885625,0.059158500986885625
positive_no_prior_outputscale_only,2025-07-31,2,lognormal_component_budget,4,macro_linear,covar_module.kernels.0.base_kernel.kernels.4,LinearKernel,0.1,0.04067472236558468,0.04067472236558468,0.04067472236558468
positive_no_prior_outputscale_only,2025-07-31,2,lognormal_component_budget,5,time_x_etf,covar_module.kernels.0.base_kernel.kernels.5,ProductKernel,0.07,0.05598705809229567,0.05598705809229567,0.05598705809229567
positive_no_prior_outputscale_only,2025-07-31,2,lognormal_component_budget,6,time_x_macro,covar_module.kernels.0.base_kernel.kernels.6,ProductKernel,0.09,0.09033856091439196,0.09033856091439196,0.09033856091439196
positive_no_prior_outputscale_only,2025-07-31,2,lognormal_component_budget,7,macro_x_etf,covar_module.kernels.0.base_kernel.kernels.7,ProductKernel,0.09,0.04753460287196675,0.04753460287196675,0.04753460287196675
positive_no_prior_lengthscale_only,2025-07-31,2,lognormal_component_budget,0,time,covar_module.kernels.0.base_kernel.kernels.0,MaternKernel,0.1,0.09559674127991616,0.09559674127991616,0.09559674127991616
positive_no_prior_lengthscale_only,2025-07-31,2,lognormal_component_budget,1,etf,covar_module.kernels.0.base_kernel.kernels.1,MaternKernel,0.25,0.027974224582959416,0.027974224582959416,0.027974224582959416
positive_no_prior_lengthscale_only,2025-07-31,2,lognormal_component_budget,2,macro_matern,covar_module.kernels.0.base_kernel.kernels.2,MaternKernel,0.2,0.15586333933684787,0.15586333933684787,0.15586333933684787
positive_no_prior_lengthscale_only,2025-07-31,2,lognormal_component_budget,3,macro_rq,covar_module.kernels.0.base_kernel.kernels.3,RQKernel,0.1,0.05696738555358179,0.05696738555358179,0.05696738555358179
positive_no_prior_lengthscale_only,2025-07-31,2,lognormal_component_budget,4,macro_linear,covar_module.kernels.0.base_kernel.kernels.4,LinearKernel,0.1,0.07554200663013413,0.07554200663013413,0.07554200663013413
positive_no_prior_lengthscale_only,2025-07-31,2,lognormal_component_budget,5,time_x_etf,covar_module.kernels.0.base_kernel.kernels.5,ProductKernel,0.07,0.03957549604524201,0.03957549604524201,0.03957549604524201
positive_no_prior_lengthscale_only,2025-07-31,2,lognormal_component_budget,6,time_x_macro,covar_module.kernels.0.base_kernel.kernels.6,ProductKernel,0.09,0.15664812053083552,0.15664812053083552,0.15664812053083552
positive_no_prior_lengthscale_only,2025-07-31,2,lognormal_component_budget,7,macro_x_etf,covar_module.kernels.0.base_kernel.kernels.7,ProductKernel,0.09,0.024577521919153755,0.024577521919153755,0.024577521919153755
positive_no_prior_neither,2025-07-31,2,lognormal_component_budget,0,time,covar_module.kernels.0.kernels.0,MaternKernel,0.1,0.051955815766504806,0.051955815766504806,0.051955815766504806
positive_no_prior_neither,2025-07-31,2,lognormal_component_budget,1,etf,covar_module.kernels.0.kernels.1,MaternKernel,0.25,0.04109765682173457,0.04109765682173457,0.04109765682173457
positive_no_prior_neither,2025-07-31,2,lognormal_component_budget,2,macro_matern,covar_module.kernels.0.kernels.2,MaternKernel,0.2,0.8006668944718432,0.8006668944718432,0.8006668944718432
positive_no_prior_neither,2025-07-31,2,lognormal_component_budget,3,macro_rq,covar_module.kernels.0.kernels.3,RQKernel,0.1,0.057708825165458194,0.057708825165458194,0.057708825165458194
positive_no_prior_neither,2025-07-31,2,lognormal_component_budget,4,macro_linear,covar_module.kernels.0.kernels.4,LinearKernel,0.1,0.07981826089723244,0.07981826089723244,0.07981826089723244
positive_no_prior_neither,2025-07-31,2,lognormal_component_budget,5,time_x_etf,covar_module.kernels.0.kernels.5,ProductKernel,0.07,0.02489449289607718,0.02489449289607718,0.02489449289607718
positive_no_prior_neither,2025-07-31,2,lognormal_component_budget,6,time_x_macro,covar_module.kernels.0.kernels.6,ProductKernel,0.09,0.0799086650538951,0.0799086650538951,0.0799086650538951
positive_no_prior_neither,2025-07-31,2,lognormal_component_budget,7,macro_x_etf,covar_module.kernels.0.kernels.7,ProductKernel,0.09,0.029181201744403685,0.029181201744403685,0.029181201744403685
positive_no_prior_both,2025-08-29,3,lognormal_component_budget,0,time,covar_module.kernels.0.base_kernel.base_kernel.kernels.0,MaternKernel,0.1,0.09679534988262938,0.09679534988262938,0.09679534988262938
positive_no_prior_both,2025-08-29,3,lognormal_component_budget,1,etf,covar_module.kernels.0.base_kernel.base_kernel.kernels.1,MaternKernel,0.25,0.05313859434331357,0.05313859434331357,0.05313859434331357
positive_no_prior_both,2025-08-29,3,lognormal_component_budget,2,macro_matern,covar_module.kernels.0.base_kernel.base_kernel.kernels.2,MaternKernel,0.2,0.14598567444144606,0.14598567444144606,0.14598567444144606
positive_no_prior_both,2025-08-29,3,lognormal_component_budget,3,macro_rq,covar_module.kernels.0.base_kernel.base_kernel.kernels.3,RQKernel,0.1,0.05155094543712378,0.05155094543712378,0.05155094543712378
positive_no_prior_both,2025-08-29,3,lognormal_component_budget,4,macro_linear,covar_module.kernels.0.base_kernel.base_kernel.kernels.4,LinearKernel,0.1,0.04601845747107479,0.04601845747107479,0.04601845747107479
positive_no_prior_both,2025-08-29,3,lognormal_component_budget,5,time_x_etf,covar_module.kernels.0.base_kernel.base_kernel.kernels.5,ProductKernel,0.07,0.16598508413779964,0.16598508413779964,0.16598508413779964
positive_no_prior_both,2025-08-29,3,lognormal_component_budget,6,time_x_macro,covar_module.kernels.0.base_kernel.base_kernel.kernels.6,ProductKernel,0.09,0.2426527234702243,0.2426527234702243,0.2426527234702243
positive_no_prior_both,2025-08-29,3,lognormal_component_budget,7,macro_x_etf,covar_module.kernels.0.base_kernel.base_kernel.kernels.7,ProductKernel,0.09,0.03664075315912219,0.03664075315912219,0.03664075315912219
positive_no_prior_outputscale_only,2025-08-29,3,lognormal_component_budget,0,time,covar_module.kernels.0.base_kernel.kernels.0,MaternKernel,0.1,0.05689008585748673,0.05689008585748673,0.05689008585748673
positive_no_prior_outputscale_only,2025-08-29,3,lognormal_component_budget,1,etf,covar_module.kernels.0.base_kernel.kernels.1,MaternKernel,0.25,0.047593202266386386,0.047593202266386386,0.047593202266386386
positive_no_prior_outputscale_only,2025-08-29,3,lognormal_component_budget,2,macro_matern,covar_module.kernels.0.base_kernel.kernels.2,MaternKernel,0.2,1.2961685352034085,1.2961685352034085,1.2961685352034085
positive_no_prior_outputscale_only,2025-08-29,3,lognormal_component_budget,3,macro_rq,covar_module.kernels.0.base_kernel.kernels.3,RQKernel,0.1,0.05912303914782649,0.05912303914782649,0.05912303914782649
positive_no_prior_outputscale_only,2025-08-29,3,lognormal_component_budget,4,macro_linear,covar_module.kernels.0.base_kernel.kernels.4,LinearKernel,0.1,0.043175568524986004,0.043175568524986004,0.043175568524986004
positive_no_prior_outputscale_only,2025-08-29,3,lognormal_component_budget,5,time_x_etf,covar_module.kernels.0.base_kernel.kernels.5,ProductKernel,0.07,0.058848736465801084,0.058848736465801084,0.058848736465801084
positive_no_prior_outputscale_only,2025-08-29,3,lognormal_component_budget,6,time_x_macro,covar_module.kernels.0.base_kernel.kernels.6,ProductKernel,0.09,0.05144463023119104,0.05144463023119104,0.05144463023119104
positive_no_prior_outputscale_only,2025-08-29,3,lognormal_component_budget,7,macro_x_etf,covar_module.kernels.0.base_kernel.kernels.7,ProductKernel,0.09,0.08255222122964803,0.08255222122964803,0.08255222122964803
positive_no_prior_lengthscale_only,2025-08-29,3,lognormal_component_budget,0,time,covar_module.kernels.0.base_kernel.kernels.0,MaternKernel,0.1,0.09540988043571934,0.09540988043571934,0.09540988043571934
positive_no_prior_lengthscale_only,2025-08-29,3,lognormal_component_budget,1,etf,covar_module.kernels.0.base_kernel.kernels.1,MaternKernel,0.25,0.032468794107860376,0.032468794107860376,0.032468794107860376
positive_no_prior_lengthscale_only,2025-08-29,3,lognormal_component_budget,2,macro_matern,covar_module.kernels.0.base_kernel.kernels.2,MaternKernel,0.2,0.13205889994743272,0.13205889994743272,0.13205889994743272
positive_no_prior_lengthscale_only,2025-08-29,3,lognormal_component_budget,3,macro_rq,covar_module.kernels.0.base_kernel.kernels.3,RQKernel,0.1,0.056030077010687164,0.056030077010687164,0.056030077010687164
positive_no_prior_lengthscale_only,2025-08-29,3,lognormal_component_budget,4,macro_linear,covar_module.kernels.0.base_kernel.kernels.4,LinearKernel,0.1,0.07435184571924391,0.07435184571924391,0.07435184571924391
positive_no_prior_lengthscale_only,2025-08-29,3,lognormal_component_budget,5,time_x_etf,covar_module.kernels.0.base_kernel.kernels.5,ProductKernel,0.07,0.042158166368531744,0.042158166368531744,0.042158166368531744
positive_no_prior_lengthscale_only,2025-08-29,3,lognormal_component_budget,6,time_x_macro,covar_module.kernels.0.base_kernel.kernels.6,ProductKernel,0.09,0.18392816924059244,0.18392816924059244,0.18392816924059244
positive_no_prior_lengthscale_only,2025-08-29,3,lognormal_component_budget,7,macro_x_etf,covar_module.kernels.0.base_kernel.kernels.7,ProductKernel,0.09,0.028452011709964843,0.028452011709964843,0.028452011709964843
positive_no_prior_neither,2025-08-29,3,lognormal_component_budget,0,time,covar_module.kernels.0.kernels.0,MaternKernel,0.1,0.06238767596213213,0.06238767596213213,0.06238767596213213
positive_no_prior_neither,2025-08-29,3,lognormal_component_budget,1,etf,covar_module.kernels.0.kernels.1,MaternKernel,0.25,0.04345058853599923,0.04345058853599923,0.04345058853599923
positive_no_prior_neither,2025-08-29,3,lognormal_component_budget,2,macro_matern,covar_module.kernels.0.kernels.2,MaternKernel,0.2,0.6088066554299848,0.6088066554299848,0.6088066554299848
positive_no_prior_neither,2025-08-29,3,lognormal_component_budget,3,macro_rq,covar_module.kernels.0.kernels.3,RQKernel,0.1,0.06077502375348587,0.06077502375348587,0.06077502375348587
positive_no_prior_neither,2025-08-29,3,lognormal_component_budget,4,macro_linear,covar_module.kernels.0.kernels.4,LinearKernel,0.1,0.07468012140645834,0.07468012140645834,0.07468012140645834
positive_no_prior_neither,2025-08-29,3,lognormal_component_budget,5,time_x_etf,covar_module.kernels.0.kernels.5,ProductKernel,0.07,0.03241191167364988,0.03241191167364988,0.03241191167364988
positive_no_prior_neither,2025-08-29,3,lognormal_component_budget,6,time_x_macro,covar_module.kernels.0.kernels.6,ProductKernel,0.09,0.113315132915843,0.113315132915843,0.113315132915843
positive_no_prior_neither,2025-08-29,3,lognormal_component_budget,7,macro_x_etf,covar_module.kernels.0.kernels.7,ProductKernel,0.09,0.05025620202105287,0.05025620202105287,0.05025620202105287
positive_no_prior_both,2025-09-30,4,lognormal_component_budget,0,time,covar_module.kernels.0.base_kernel.base_kernel.kernels.0,MaternKernel,0.1,0.10741332995816939,0.10741332995816939,0.10741332995816939
positive_no_prior_both,2025-09-30,4,lognormal_component_budget,1,etf,covar_module.kernels.0.base_kernel.base_kernel.kernels.1,MaternKernel,0.25,0.05751749697237145,0.05751749697237145,0.05751749697237145
positive_no_prior_both,2025-09-30,4,lognormal_component_budget,2,macro_matern,covar_module.kernels.0.base_kernel.base_kernel.kernels.2,MaternKernel,0.2,0.17764434486318778,0.17764434486318778,0.17764434486318778
positive_no_prior_both,2025-09-30,4,lognormal_component_budget,3,macro_rq,covar_module.kernels.0.base_kernel.base_kernel.kernels.3,RQKernel,0.1,0.054984365208123095,0.054984365208123095,0.054984365208123095
positive_no_prior_both,2025-09-30,4,lognormal_component_budget,4,macro_linear,covar_module.kernels.0.base_kernel.base_kernel.kernels.4,LinearKernel,0.1,0.05139070737505573,0.05139070737505573,0.05139070737505573
positive_no_prior_both,2025-09-30,4,lognormal_component_budget,5,time_x_etf,covar_module.kernels.0.base_kernel.base_kernel.kernels.5,ProductKernel,0.07,0.06209346543630434,0.06209346543630434,0.06209346543630434
positive_no_prior_both,2025-09-30,4,lognormal_component_budget,6,time_x_macro,covar_module.kernels.0.base_kernel.base_kernel.kernels.6,ProductKernel,0.09,0.4295057590717736,0.4295057590717736,0.4295057590717736
positive_no_prior_both,2025-09-30,4,lognormal_component_budget,7,macro_x_etf,covar_module.kernels.0.base_kernel.base_kernel.kernels.7,ProductKernel,0.09,0.0443706854113549,0.0443706854113549,0.0443706854113549
positive_no_prior_outputscale_only,2025-09-30,4,lognormal_component_budget,0,time,covar_module.kernels.0.base_kernel.kernels.0,MaternKernel,0.1,0.05939335190573768,0.05939335190573768,0.05939335190573768
positive_no_prior_outputscale_only,2025-09-30,4,lognormal_component_budget,1,etf,covar_module.kernels.0.base_kernel.kernels.1,MaternKernel,0.25,0.07137779972746551,0.07137779972746551,0.07137779972746551
positive_no_prior_outputscale_only,2025-09-30,4,lognormal_component_budget,2,macro_matern,covar_module.kernels.0.base_kernel.kernels.2,MaternKernel,0.2,1.8707041238237585,1.8707041238237585,1.8707041238237585
positive_no_prior_outputscale_only,2025-09-30,4,lognormal_component_budget,3,macro_rq,covar_module.kernels.0.base_kernel.kernels.3,RQKernel,0.1,0.056998027083130696,0.056998027083130696,0.056998027083130696
positive_no_prior_outputscale_only,2025-09-30,4,lognormal_component_budget,4,macro_linear,covar_module.kernels.0.base_kernel.kernels.4,LinearKernel,0.1,0.06203277237009939,0.06203277237009939,0.06203277237009939
positive_no_prior_outputscale_only,2025-09-30,4,lognormal_component_budget,5,time_x_etf,covar_module.kernels.0.base_kernel.kernels.5,ProductKernel,0.07,0.04313757974425804,0.04313757974425804,0.04313757974425804
positive_no_prior_outputscale_only,2025-09-30,4,lognormal_component_budget,6,time_x_macro,covar_module.kernels.0.base_kernel.kernels.6,ProductKernel,0.09,0.05015588880415038,0.05015588880415038,0.05015588880415038
positive_no_prior_outputscale_only,2025-09-30,4,lognormal_component_budget,7,macro_x_etf,covar_module.kernels.0.base_kernel.kernels.7,ProductKernel,0.09,0.06341550396958005,0.06341550396958005,0.06341550396958005
positive_no_prior_lengthscale_only,2025-09-30,4,lognormal_component_budget,0,time,covar_module.kernels.0.base_kernel.kernels.0,MaternKernel,0.1,0.09672628559766625,0.09672628559766625,0.09672628559766625
positive_no_prior_lengthscale_only,2025-09-30,4,lognormal_component_budget,1,etf,covar_module.kernels.0.base_kernel.kernels.1,MaternKernel,0.25,0.029320826340910593,0.029320826340910593,0.029320826340910593
positive_no_prior_lengthscale_only,2025-09-30,4,lognormal_component_budget,2,macro_matern,covar_module.kernels.0.base_kernel.kernels.2,MaternKernel,0.2,0.13594001203671555,0.13594001203671555,0.13594001203671555
positive_no_prior_lengthscale_only,2025-09-30,4,lognormal_component_budget,3,macro_rq,covar_module.kernels.0.base_kernel.kernels.3,RQKernel,0.1,0.050063425644897554,0.050063425644897554,0.050063425644897554
positive_no_prior_lengthscale_only,2025-09-30,4,lognormal_component_budget,4,macro_linear,covar_module.kernels.0.base_kernel.kernels.4,LinearKernel,0.1,0.06289396002370047,0.06289396002370047,0.06289396002370047
positive_no_prior_lengthscale_only,2025-09-30,4,lognormal_component_budget,5,time_x_etf,covar_module.kernels.0.base_kernel.kernels.5,ProductKernel,0.07,0.03520704452723641,0.03520704452723641,0.03520704452723641
positive_no_prior_lengthscale_only,2025-09-30,4,lognormal_component_budget,6,time_x_macro,covar_module.kernels.0.base_kernel.kernels.6,ProductKernel,0.09,0.13398229554145163,0.13398229554145163,0.13398229554145163
positive_no_prior_lengthscale_only,2025-09-30,4,lognormal_component_budget,7,macro_x_etf,covar_module.kernels.0.base_kernel.kernels.7,ProductKernel,0.09,0.020299803474717548,0.020299803474717548,0.020299803474717548
positive_no_prior_neither,2025-09-30,4,lognormal_component_budget,0,time,covar_module.kernels.0.kernels.0,MaternKernel,0.1,0.05338634389486914,0.05338634389486914,0.05338634389486914
positive_no_prior_neither,2025-09-30,4,lognormal_component_budget,1,etf,covar_module.kernels.0.kernels.1,MaternKernel,0.25,0.03428382885547504,0.03428382885547504,0.03428382885547504
positive_no_prior_neither,2025-09-30,4,lognormal_component_budget,2,macro_matern,covar_module.kernels.0.kernels.2,MaternKernel,0.2,0.7766837130939399,0.7766837130939399,0.7766837130939399
positive_no_prior_neither,2025-09-30,4,lognormal_component_budget,3,macro_rq,covar_module.kernels.0.kernels.3,RQKernel,0.1,0.055322065523741436,0.055322065523741436,0.055322065523741436
positive_no_prior_neither,2025-09-30,4,lognormal_component_budget,4,macro_linear,covar_module.kernels.0.kernels.4,LinearKernel,0.1,0.0665073419300743,0.0665073419300743,0.0665073419300743
positive_no_prior_neither,2025-09-30,4,lognormal_component_budget,5,time_x_etf,covar_module.kernels.0.kernels.5,ProductKernel,0.07,0.0327763371648198,0.0327763371648198,0.0327763371648198
positive_no_prior_neither,2025-09-30,4,lognormal_component_budget,6,time_x_macro,covar_module.kernels.0.kernels.6,ProductKernel,0.09,0.07730246028264026,0.07730246028264026,0.07730246028264026
positive_no_prior_neither,2025-09-30,4,lognormal_component_budget,7,macro_x_etf,covar_module.kernels.0.kernels.7,ProductKernel,0.09,0.024440459708986888,0.024440459708986888,0.024440459708986888
positive_no_prior_both,2025-10-31,5,lognormal_component_budget,0,time,covar_module.kernels.0.base_kernel.base_kernel.kernels.0,MaternKernel,0.1,0.08966633376325928,0.08966633376325928,0.08966633376325928
positive_no_prior_both,2025-10-31,5,lognormal_component_budget,1,etf,covar_module.kernels.0.base_kernel.base_kernel.kernels.1,MaternKernel,0.25,0.06389784041721486,0.06389784041721486,0.06389784041721486
positive_no_prior_both,2025-10-31,5,lognormal_component_budget,2,macro_matern,covar_module.kernels.0.base_kernel.base_kernel.kernels.2,MaternKernel,0.2,0.14058905828916846,0.14058905828916846,0.14058905828916846
positive_no_prior_both,2025-10-31,5,lognormal_component_budget,3,macro_rq,covar_module.kernels.0.base_kernel.base_kernel.kernels.3,RQKernel,0.1,0.0546571809043582,0.0546571809043582,0.0546571809043582
positive_no_prior_both,2025-10-31,5,lognormal_component_budget,4,macro_linear,covar_module.kernels.0.base_kernel.base_kernel.kernels.4,LinearKernel,0.1,0.05292611916408286,0.05292611916408286,0.05292611916408286
positive_no_prior_both,2025-10-31,5,lognormal_component_budget,5,time_x_etf,covar_module.kernels.0.base_kernel.base_kernel.kernels.5,ProductKernel,0.07,0.09415317958295318,0.09415317958295318,0.09415317958295318
positive_no_prior_both,2025-10-31,5,lognormal_component_budget,6,time_x_macro,covar_module.kernels.0.base_kernel.base_kernel.kernels.6,ProductKernel,0.09,0.32190701402654487,0.32190701402654487,0.32190701402654487
positive_no_prior_both,2025-10-31,5,lognormal_component_budget,7,macro_x_etf,covar_module.kernels.0.base_kernel.base_kernel.kernels.7,ProductKernel,0.09,0.04140109078893259,0.04140109078893259,0.04140109078893259
positive_no_prior_outputscale_only,2025-10-31,5,lognormal_component_budget,0,time,covar_module.kernels.0.base_kernel.kernels.0,MaternKernel,0.1,0.05603755106237614,0.05603755106237614,0.05603755106237614
positive_no_prior_outputscale_only,2025-10-31,5,lognormal_component_budget,1,etf,covar_module.kernels.0.base_kernel.kernels.1,MaternKernel,0.25,0.05449874297463748,0.05449874297463748,0.05449874297463748
positive_no_prior_outputscale_only,2025-10-31,5,lognormal_component_budget,2,macro_matern,covar_module.kernels.0.base_kernel.kernels.2,MaternKernel,0.2,1.1058488484566358,1.1058488484566358,1.1058488484566358
positive_no_prior_outputscale_only,2025-10-31,5,lognormal_component_budget,3,macro_rq,covar_module.kernels.0.base_kernel.kernels.3,RQKernel,0.1,0.05449631031101648,0.05449631031101648,0.05449631031101648
positive_no_prior_outputscale_only,2025-10-31,5,lognormal_component_budget,4,macro_linear,covar_module.kernels.0.base_kernel.kernels.4,LinearKernel,0.1,0.05033109486113155,0.05033109486113155,0.05033109486113155
positive_no_prior_outputscale_only,2025-10-31,5,lognormal_component_budget,5,time_x_etf,covar_module.kernels.0.base_kernel.kernels.5,ProductKernel,0.07,0.045619688669826505,0.045619688669826505,0.045619688669826505
positive_no_prior_outputscale_only,2025-10-31,5,lognormal_component_budget,6,time_x_macro,covar_module.kernels.0.base_kernel.kernels.6,ProductKernel,0.09,0.07071488580313005,0.07071488580313005,0.07071488580313005
positive_no_prior_outputscale_only,2025-10-31,5,lognormal_component_budget,7,macro_x_etf,covar_module.kernels.0.base_kernel.kernels.7,ProductKernel,0.09,0.05473167101031384,0.05473167101031384,0.05473167101031384
positive_no_prior_lengthscale_only,2025-10-31,5,lognormal_component_budget,0,time,covar_module.kernels.0.base_kernel.kernels.0,MaternKernel,0.1,0.09607341677063595,0.09607341677063595,0.09607341677063595
positive_no_prior_lengthscale_only,2025-10-31,5,lognormal_component_budget,1,etf,covar_module.kernels.0.base_kernel.kernels.1,MaternKernel,0.25,0.03299907620380791,0.03299907620380791,0.03299907620380791
positive_no_prior_lengthscale_only,2025-10-31,5,lognormal_component_budget,2,macro_matern,covar_module.kernels.0.base_kernel.kernels.2,MaternKernel,0.2,0.14704079336295142,0.14704079336295142,0.14704079336295142
positive_no_prior_lengthscale_only,2025-10-31,5,lognormal_component_budget,3,macro_rq,covar_module.kernels.0.base_kernel.kernels.3,RQKernel,0.1,0.05502852729173588,0.05502852729173588,0.05502852729173588
positive_no_prior_lengthscale_only,2025-10-31,5,lognormal_component_budget,4,macro_linear,covar_module.kernels.0.base_kernel.kernels.4,LinearKernel,0.1,0.07364428210840449,0.07364428210840449,0.07364428210840449
positive_no_prior_lengthscale_only,2025-10-31,5,lognormal_component_budget,5,time_x_etf,covar_module.kernels.0.base_kernel.kernels.5,ProductKernel,0.07,0.036050091780876675,0.036050091780876675,0.036050091780876675
positive_no_prior_lengthscale_only,2025-10-31,5,lognormal_component_budget,6,time_x_macro,covar_module.kernels.0.base_kernel.kernels.6,ProductKernel,0.09,0.14357970559144614,0.14357970559144614,0.14357970559144614
positive_no_prior_lengthscale_only,2025-10-31,5,lognormal_component_budget,7,macro_x_etf,covar_module.kernels.0.base_kernel.kernels.7,ProductKernel,0.09,0.023153469779963853,0.023153469779963853,0.023153469779963853
positive_no_prior_neither,2025-10-31,5,lognormal_component_budget,0,time,covar_module.kernels.0.kernels.0,MaternKernel,0.1,0.04865797014487577,0.04865797014487577,0.04865797014487577
positive_no_prior_neither,2025-10-31,5,lognormal_component_budget,1,etf,covar_module.kernels.0.kernels.1,MaternKernel,0.25,0.03592698627528553,0.03592698627528553,0.03592698627528553
positive_no_prior_neither,2025-10-31,5,lognormal_component_budget,2,macro_matern,covar_module.kernels.0.kernels.2,MaternKernel,0.2,0.7695683616961063,0.7695683616961063,0.7695683616961063
positive_no_prior_neither,2025-10-31,5,lognormal_component_budget,3,macro_rq,covar_module.kernels.0.kernels.3,RQKernel,0.1,0.05331625511106846,0.05331625511106846,0.05331625511106846
positive_no_prior_neither,2025-10-31,5,lognormal_component_budget,4,macro_linear,covar_module.kernels.0.kernels.4,LinearKernel,0.1,0.06573694484476826,0.06573694484476826,0.06573694484476826
positive_no_prior_neither,2025-10-31,5,lognormal_component_budget,5,time_x_etf,covar_module.kernels.0.kernels.5,ProductKernel,0.07,0.027085644042286965,0.027085644042286965,0.027085644042286965
positive_no_prior_neither,2025-10-31,5,lognormal_component_budget,6,time_x_macro,covar_module.kernels.0.kernels.6,ProductKernel,0.09,0.05464388326878647,0.05464388326878647,0.05464388326878647
positive_no_prior_neither,2025-10-31,5,lognormal_component_budget,7,macro_x_etf,covar_module.kernels.0.kernels.7,ProductKernel,0.09,0.024475422903841648,0.024475422903841648,0.024475422903841648
positive_no_prior_both,2025-11-28,6,lognormal_component_budget,0,time,covar_module.kernels.0.base_kernel.base_kernel.kernels.0,MaternKernel,0.1,0.09642685770283657,0.09642685770283657,0.09642685770283657
positive_no_prior_both,2025-11-28,6,lognormal_component_budget,1,etf,covar_module.kernels.0.base_kernel.base_kernel.kernels.1,MaternKernel,0.25,0.040710633102877446,0.040710633102877446,0.040710633102877446
positive_no_prior_both,2025-11-28,6,lognormal_component_budget,2,macro_matern,covar_module.kernels.0.base_kernel.base_kernel.kernels.2,MaternKernel,0.2,0.20044868824309248,0.20044868824309248,0.20044868824309248
positive_no_prior_both,2025-11-28,6,lognormal_component_budget,3,macro_rq,covar_module.kernels.0.base_kernel.base_kernel.kernels.3,RQKernel,0.1,0.05114257484888488,0.05114257484888488,0.05114257484888488
positive_no_prior_both,2025-11-28,6,lognormal_component_budget,4,macro_linear,covar_module.kernels.0.base_kernel.base_kernel.kernels.4,LinearKernel,0.1,0.04500577645487837,0.04500577645487837,0.04500577645487837
positive_no_prior_both,2025-11-28,6,lognormal_component_budget,5,time_x_etf,covar_module.kernels.0.base_kernel.base_kernel.kernels.5,ProductKernel,0.07,0.13690616145721862,0.13690616145721862,0.13690616145721862
positive_no_prior_both,2025-11-28,6,lognormal_component_budget,6,time_x_macro,covar_module.kernels.0.base_kernel.base_kernel.kernels.6,ProductKernel,0.09,0.22586498583810047,0.22586498583810047,0.22586498583810047
positive_no_prior_both,2025-11-28,6,lognormal_component_budget,7,macro_x_etf,covar_module.kernels.0.base_kernel.base_kernel.kernels.7,ProductKernel,0.09,0.029358539131094433,0.029358539131094433,0.029358539131094433
positive_no_prior_outputscale_only,2025-11-28,6,lognormal_component_budget,0,time,covar_module.kernels.0.base_kernel.kernels.0,MaternKernel,0.1,0.05681549866497332,0.05681549866497332,0.05681549866497332
positive_no_prior_outputscale_only,2025-11-28,6,lognormal_component_budget,1,etf,covar_module.kernels.0.base_kernel.kernels.1,MaternKernel,0.25,0.050933504759236345,0.050933504759236345,0.050933504759236345
positive_no_prior_outputscale_only,2025-11-28,6,lognormal_component_budget,2,macro_matern,covar_module.kernels.0.base_kernel.kernels.2,MaternKernel,0.2,1.0365997815881351,1.0365997815881351,1.0365997815881351
positive_no_prior_outputscale_only,2025-11-28,6,lognormal_component_budget,3,macro_rq,covar_module.kernels.0.base_kernel.kernels.3,RQKernel,0.1,0.0544509717395424,0.0544509717395424,0.0544509717395424
positive_no_prior_outputscale_only,2025-11-28,6,lognormal_component_budget,4,macro_linear,covar_module.kernels.0.base_kernel.kernels.4,LinearKernel,0.1,0.05022539833454275,0.05022539833454275,0.05022539833454275
positive_no_prior_outputscale_only,2025-11-28,6,lognormal_component_budget,5,time_x_etf,covar_module.kernels.0.base_kernel.kernels.5,ProductKernel,0.07,0.05311698948435582,0.05311698948435582,0.05311698948435582
positive_no_prior_outputscale_only,2025-11-28,6,lognormal_component_budget,6,time_x_macro,covar_module.kernels.0.base_kernel.kernels.6,ProductKernel,0.09,0.05636981528329811,0.05636981528329811,0.05636981528329811
positive_no_prior_outputscale_only,2025-11-28,6,lognormal_component_budget,7,macro_x_etf,covar_module.kernels.0.base_kernel.kernels.7,ProductKernel,0.09,0.08103602443881601,0.08103602443881601,0.08103602443881601
positive_no_prior_lengthscale_only,2025-11-28,6,lognormal_component_budget,0,time,covar_module.kernels.0.base_kernel.kernels.0,MaternKernel,0.1,0.12116277627066045,0.12116277627066045,0.12116277627066045
positive_no_prior_lengthscale_only,2025-11-28,6,lognormal_component_budget,1,etf,covar_module.kernels.0.base_kernel.kernels.1,MaternKernel,0.25,0.028082140932163352,0.028082140932163352,0.028082140932163352
positive_no_prior_lengthscale_only,2025-11-28,6,lognormal_component_budget,2,macro_matern,covar_module.kernels.0.base_kernel.kernels.2,MaternKernel,0.2,0.16239410567000892,0.16239410567000892,0.16239410567000892
positive_no_prior_lengthscale_only,2025-11-28,6,lognormal_component_budget,3,macro_rq,covar_module.kernels.0.base_kernel.kernels.3,RQKernel,0.1,0.060146999339062174,0.060146999339062174,0.060146999339062174
positive_no_prior_lengthscale_only,2025-11-28,6,lognormal_component_budget,4,macro_linear,covar_module.kernels.0.base_kernel.kernels.4,LinearKernel,0.1,0.08670186188069898,0.08670186188069898,0.08670186188069898
positive_no_prior_lengthscale_only,2025-11-28,6,lognormal_component_budget,5,time_x_etf,covar_module.kernels.0.base_kernel.kernels.5,ProductKernel,0.07,0.04714690395768814,0.04714690395768814,0.04714690395768814
positive_no_prior_lengthscale_only,2025-11-28,6,lognormal_component_budget,6,time_x_macro,covar_module.kernels.0.base_kernel.kernels.6,ProductKernel,0.09,0.20812901921383375,0.20812901921383375,0.20812901921383375
positive_no_prior_lengthscale_only,2025-11-28,6,lognormal_component_budget,7,macro_x_etf,covar_module.kernels.0.base_kernel.kernels.7,ProductKernel,0.09,0.04180822545039104,0.04180822545039104,0.04180822545039104
positive_no_prior_neither,2025-11-28,6,lognormal_component_budget,0,time,covar_module.kernels.0.kernels.0,MaternKernel,0.1,0.05202902749221828,0.05202902749221828,0.05202902749221828
positive_no_prior_neither,2025-11-28,6,lognormal_component_budget,1,etf,covar_module.kernels.0.kernels.1,MaternKernel,0.25,0.034622731563761056,0.034622731563761056,0.034622731563761056
positive_no_prior_neither,2025-11-28,6,lognormal_component_budget,2,macro_matern,covar_module.kernels.0.kernels.2,MaternKernel,0.2,0.6144455584983411,0.6144455584983411,0.6144455584983411
positive_no_prior_neither,2025-11-28,6,lognormal_component_budget,3,macro_rq,covar_module.kernels.0.kernels.3,RQKernel,0.1,0.06122083646087637,0.06122083646087637,0.06122083646087637
positive_no_prior_neither,2025-11-28,6,lognormal_component_budget,4,macro_linear,covar_module.kernels.0.kernels.4,LinearKernel,0.1,0.0756693109486455,0.0756693109486455,0.0756693109486455
positive_no_prior_neither,2025-11-28,6,lognormal_component_budget,5,time_x_etf,covar_module.kernels.0.kernels.5,ProductKernel,0.07,0.030111860540575557,0.030111860540575557,0.030111860540575557
positive_no_prior_neither,2025-11-28,6,lognormal_component_budget,6,time_x_macro,covar_module.kernels.0.kernels.6,ProductKernel,0.09,0.07947812270860757,0.07947812270860757,0.07947812270860757
positive_no_prior_neither,2025-11-28,6,lognormal_component_budget,7,macro_x_etf,covar_module.kernels.0.kernels.7,ProductKernel,0.09,0.0578628528071903,0.0578628528071903,0.0578628528071903
positive_no_prior_both,2025-12-31,7,lognormal_component_budget,0,time,covar_module.kernels.0.base_kernel.base_kernel.kernels.0,MaternKernel,0.1,0.10202157408667689,0.10202157408667689,0.10202157408667689
positive_no_prior_both,2025-12-31,7,lognormal_component_budget,1,etf,covar_module.kernels.0.base_kernel.base_kernel.kernels.1,MaternKernel,0.25,0.0465658878449287,0.0465658878449287,0.0465658878449287
positive_no_prior_both,2025-12-31,7,lognormal_component_budget,2,macro_matern,covar_module.kernels.0.base_kernel.base_kernel.kernels.2,MaternKernel,0.2,0.4066496279811882,0.4066496279811882,0.4066496279811882
positive_no_prior_both,2025-12-31,7,lognormal_component_budget,3,macro_rq,covar_module.kernels.0.base_kernel.base_kernel.kernels.3,RQKernel,0.1,0.05837073678485709,0.05837073678485709,0.05837073678485709
positive_no_prior_both,2025-12-31,7,lognormal_component_budget,4,macro_linear,covar_module.kernels.0.base_kernel.base_kernel.kernels.4,LinearKernel,0.1,0.04737253016604328,0.04737253016604328,0.04737253016604328
positive_no_prior_both,2025-12-31,7,lognormal_component_budget,5,time_x_etf,covar_module.kernels.0.base_kernel.base_kernel.kernels.5,ProductKernel,0.07,0.0751356824656058,0.0751356824656058,0.0751356824656058
positive_no_prior_both,2025-12-31,7,lognormal_component_budget,6,time_x_macro,covar_module.kernels.0.base_kernel.base_kernel.kernels.6,ProductKernel,0.09,0.25997469800796635,0.25997469800796635,0.25997469800796635
positive_no_prior_both,2025-12-31,7,lognormal_component_budget,7,macro_x_etf,covar_module.kernels.0.base_kernel.base_kernel.kernels.7,ProductKernel,0.09,0.034988075267977176,0.034988075267977176,0.034988075267977176
positive_no_prior_outputscale_only,2025-12-31,7,lognormal_component_budget,0,time,covar_module.kernels.0.base_kernel.kernels.0,MaternKernel,0.1,0.05153122106920371,0.05153122106920371,0.05153122106920371
positive_no_prior_outputscale_only,2025-12-31,7,lognormal_component_budget,1,etf,covar_module.kernels.0.base_kernel.kernels.1,MaternKernel,0.25,0.0498836198805209,0.0498836198805209,0.0498836198805209
positive_no_prior_outputscale_only,2025-12-31,7,lognormal_component_budget,2,macro_matern,covar_module.kernels.0.base_kernel.kernels.2,MaternKernel,0.2,1.816517151427715,1.816517151427715,1.816517151427715
positive_no_prior_outputscale_only,2025-12-31,7,lognormal_component_budget,3,macro_rq,covar_module.kernels.0.base_kernel.kernels.3,RQKernel,0.1,0.05723512567019123,0.05723512567019123,0.05723512567019123
positive_no_prior_outputscale_only,2025-12-31,7,lognormal_component_budget,4,macro_linear,covar_module.kernels.0.base_kernel.kernels.4,LinearKernel,0.1,0.0400714921396681,0.0400714921396681,0.0400714921396681
positive_no_prior_outputscale_only,2025-12-31,7,lognormal_component_budget,5,time_x_etf,covar_module.kernels.0.base_kernel.kernels.5,ProductKernel,0.07,0.04779631170684915,0.04779631170684915,0.04779631170684915
positive_no_prior_outputscale_only,2025-12-31,7,lognormal_component_budget,6,time_x_macro,covar_module.kernels.0.base_kernel.kernels.6,ProductKernel,0.09,0.03532338988414886,0.03532338988414886,0.03532338988414886
positive_no_prior_outputscale_only,2025-12-31,7,lognormal_component_budget,7,macro_x_etf,covar_module.kernels.0.base_kernel.kernels.7,ProductKernel,0.09,0.08921862718280059,0.08921862718280059,0.08921862718280059
positive_no_prior_lengthscale_only,2025-12-31,7,lognormal_component_budget,0,time,covar_module.kernels.0.base_kernel.kernels.0,MaternKernel,0.1,0.09451253142683005,0.09451253142683005,0.09451253142683005
positive_no_prior_lengthscale_only,2025-12-31,7,lognormal_component_budget,1,etf,covar_module.kernels.0.base_kernel.kernels.1,MaternKernel,0.25,0.03210935713733031,0.03210935713733031,0.03210935713733031
positive_no_prior_lengthscale_only,2025-12-31,7,lognormal_component_budget,2,macro_matern,covar_module.kernels.0.base_kernel.kernels.2,MaternKernel,0.2,0.166278753905986,0.166278753905986,0.166278753905986
positive_no_prior_lengthscale_only,2025-12-31,7,lognormal_component_budget,3,macro_rq,covar_module.kernels.0.base_kernel.kernels.3,RQKernel,0.1,0.053179556220902154,0.053179556220902154,0.053179556220902154
positive_no_prior_lengthscale_only,2025-12-31,7,lognormal_component_budget,4,macro_linear,covar_module.kernels.0.base_kernel.kernels.4,LinearKernel,0.1,0.06883967795652905,0.06883967795652905,0.06883967795652905
positive_no_prior_lengthscale_only,2025-12-31,7,lognormal_component_budget,5,time_x_etf,covar_module.kernels.0.base_kernel.kernels.5,ProductKernel,0.07,0.033825083666834135,0.033825083666834135,0.033825083666834135
positive_no_prior_lengthscale_only,2025-12-31,7,lognormal_component_budget,6,time_x_macro,covar_module.kernels.0.base_kernel.kernels.6,ProductKernel,0.09,0.15438347001256808,0.15438347001256808,0.15438347001256808
positive_no_prior_lengthscale_only,2025-12-31,7,lognormal_component_budget,7,macro_x_etf,covar_module.kernels.0.base_kernel.kernels.7,ProductKernel,0.09,0.022969945185790736,0.022969945185790736,0.022969945185790736
positive_no_prior_neither,2025-12-31,7,lognormal_component_budget,0,time,covar_module.kernels.0.kernels.0,MaternKernel,0.1,0.05139476387726802,0.05139476387726802,0.05139476387726802
positive_no_prior_neither,2025-12-31,7,lognormal_component_budget,1,etf,covar_module.kernels.0.kernels.1,MaternKernel,0.25,0.035939273759321766,0.035939273759321766,0.035939273759321766
positive_no_prior_neither,2025-12-31,7,lognormal_component_budget,2,macro_matern,covar_module.kernels.0.kernels.2,MaternKernel,0.2,0.7964826447657938,0.7964826447657938,0.7964826447657938
positive_no_prior_neither,2025-12-31,7,lognormal_component_budget,3,macro_rq,covar_module.kernels.0.kernels.3,RQKernel,0.1,0.05619404724238184,0.05619404724238184,0.05619404724238184
positive_no_prior_neither,2025-12-31,7,lognormal_component_budget,4,macro_linear,covar_module.kernels.0.kernels.4,LinearKernel,0.1,0.06528912287962871,0.06528912287962871,0.06528912287962871
positive_no_prior_neither,2025-12-31,7,lognormal_component_budget,5,time_x_etf,covar_module.kernels.0.kernels.5,ProductKernel,0.07,0.029920504761805893,0.029920504761805893,0.029920504761805893
positive_no_prior_neither,2025-12-31,7,lognormal_component_budget,6,time_x_macro,covar_module.kernels.0.kernels.6,ProductKernel,0.09,0.059195830011228454,0.059195830011228454,0.059195830011228454
positive_no_prior_neither,2025-12-31,7,lognormal_component_budget,7,macro_x_etf,covar_module.kernels.0.kernels.7,ProductKernel,0.09,0.02757713403588723,0.02757713403588723,0.02757713403588723
positive_no_prior_both,2026-01-30,8,lognormal_component_budget,0,time,covar_module.kernels.0.base_kernel.base_kernel.kernels.0,MaternKernel,0.1,0.09828334149358686,0.09828334149358686,0.09828334149358686
positive_no_prior_both,2026-01-30,8,lognormal_component_budget,1,etf,covar_module.kernels.0.base_kernel.base_kernel.kernels.1,MaternKernel,0.25,0.056674758409760294,0.056674758409760294,0.056674758409760294
positive_no_prior_both,2026-01-30,8,lognormal_component_budget,2,macro_matern,covar_module.kernels.0.base_kernel.base_kernel.kernels.2,MaternKernel,0.2,0.3099943181247574,0.3099943181247574,0.3099943181247574
positive_no_prior_both,2026-01-30,8,lognormal_component_budget,3,macro_rq,covar_module.kernels.0.base_kernel.base_kernel.kernels.3,RQKernel,0.1,0.060552429386921125,0.060552429386921125,0.060552429386921125
positive_no_prior_both,2026-01-30,8,lognormal_component_budget,4,macro_linear,covar_module.kernels.0.base_kernel.base_kernel.kernels.4,LinearKernel,0.1,0.05117690318080587,0.05117690318080587,0.05117690318080587
positive_no_prior_both,2026-01-30,8,lognormal_component_budget,5,time_x_etf,covar_module.kernels.0.base_kernel.base_kernel.kernels.5,ProductKernel,0.07,0.0747105928501484,0.0747105928501484,0.0747105928501484
positive_no_prior_both,2026-01-30,8,lognormal_component_budget,6,time_x_macro,covar_module.kernels.0.base_kernel.base_kernel.kernels.6,ProductKernel,0.09,0.28079075686142363,0.28079075686142363,0.28079075686142363
positive_no_prior_both,2026-01-30,8,lognormal_component_budget,7,macro_x_etf,covar_module.kernels.0.base_kernel.base_kernel.kernels.7,ProductKernel,0.09,0.03799317876378217,0.03799317876378217,0.03799317876378217
positive_no_prior_outputscale_only,2026-01-30,8,lognormal_component_budget,0,time,covar_module.kernels.0.base_kernel.kernels.0,MaternKernel,0.1,0.058434495376566864,0.058434495376566864,0.058434495376566864
positive_no_prior_outputscale_only,2026-01-30,8,lognormal_component_budget,1,etf,covar_module.kernels.0.base_kernel.kernels.1,MaternKernel,0.25,0.03845284924838334,0.03845284924838334,0.03845284924838334
positive_no_prior_outputscale_only,2026-01-30,8,lognormal_component_budget,2,macro_matern,covar_module.kernels.0.base_kernel.kernels.2,MaternKernel,0.2,1.7027897558374048,1.7027897558374048,1.7027897558374048
positive_no_prior_outputscale_only,2026-01-30,8,lognormal_component_budget,3,macro_rq,covar_module.kernels.0.base_kernel.kernels.3,RQKernel,0.1,0.0577495140692551,0.0577495140692551,0.0577495140692551
positive_no_prior_outputscale_only,2026-01-30,8,lognormal_component_budget,4,macro_linear,covar_module.kernels.0.base_kernel.kernels.4,LinearKernel,0.1,0.04160051731824237,0.04160051731824237,0.04160051731824237
positive_no_prior_outputscale_only,2026-01-30,8,lognormal_component_budget,5,time_x_etf,covar_module.kernels.0.base_kernel.kernels.5,ProductKernel,0.07,0.03685711357274756,0.03685711357274756,0.03685711357274756
positive_no_prior_outputscale_only,2026-01-30,8,lognormal_component_budget,6,time_x_macro,covar_module.kernels.0.base_kernel.kernels.6,ProductKernel,0.09,0.04432099716030419,0.04432099716030419,0.04432099716030419
positive_no_prior_outputscale_only,2026-01-30,8,lognormal_component_budget,7,macro_x_etf,covar_module.kernels.0.base_kernel.kernels.7,ProductKernel,0.09,0.05628971761299979,0.05628971761299979,0.05628971761299979
positive_no_prior_lengthscale_only,2026-01-30,8,lognormal_component_budget,0,time,covar_module.kernels.0.base_kernel.kernels.0,MaternKernel,0.1,0.0884489322863484,0.0884489322863484,0.0884489322863484
positive_no_prior_lengthscale_only,2026-01-30,8,lognormal_component_budget,1,etf,covar_module.kernels.0.base_kernel.kernels.1,MaternKernel,0.25,0.02863001241423749,0.02863001241423749,0.02863001241423749
positive_no_prior_lengthscale_only,2026-01-30,8,lognormal_component_budget,2,macro_matern,covar_module.kernels.0.base_kernel.kernels.2,MaternKernel,0.2,0.11991647014223908,0.11991647014223908,0.11991647014223908
positive_no_prior_lengthscale_only,2026-01-30,8,lognormal_component_budget,3,macro_rq,covar_module.kernels.0.base_kernel.kernels.3,RQKernel,0.1,0.05076494911398629,0.05076494911398629,0.05076494911398629
positive_no_prior_lengthscale_only,2026-01-30,8,lognormal_component_budget,4,macro_linear,covar_module.kernels.0.base_kernel.kernels.4,LinearKernel,0.1,0.06864692627311852,0.06864692627311852,0.06864692627311852
positive_no_prior_lengthscale_only,2026-01-30,8,lognormal_component_budget,5,time_x_etf,covar_module.kernels.0.base_kernel.kernels.5,ProductKernel,0.07,0.03582877183664908,0.03582877183664908,0.03582877183664908
positive_no_prior_lengthscale_only,2026-01-30,8,lognormal_component_budget,6,time_x_macro,covar_module.kernels.0.base_kernel.kernels.6,ProductKernel,0.09,0.19215828522611916,0.19215828522611916,0.19215828522611916
positive_no_prior_lengthscale_only,2026-01-30,8,lognormal_component_budget,7,macro_x_etf,covar_module.kernels.0.base_kernel.kernels.7,ProductKernel,0.09,0.02144928660423078,0.02144928660423078,0.02144928660423078
positive_no_prior_neither,2026-01-30,8,lognormal_component_budget,0,time,covar_module.kernels.0.kernels.0,MaternKernel,0.1,0.054331706413823296,0.054331706413823296,0.054331706413823296
positive_no_prior_neither,2026-01-30,8,lognormal_component_budget,1,etf,covar_module.kernels.0.kernels.1,MaternKernel,0.25,0.03250317128298408,0.03250317128298408,0.03250317128298408
positive_no_prior_neither,2026-01-30,8,lognormal_component_budget,2,macro_matern,covar_module.kernels.0.kernels.2,MaternKernel,0.2,0.771835453499231,0.771835453499231,0.771835453499231
positive_no_prior_neither,2026-01-30,8,lognormal_component_budget,3,macro_rq,covar_module.kernels.0.kernels.3,RQKernel,0.1,0.05749558836514789,0.05749558836514789,0.05749558836514789
positive_no_prior_neither,2026-01-30,8,lognormal_component_budget,4,macro_linear,covar_module.kernels.0.kernels.4,LinearKernel,0.1,0.07502111118340225,0.07502111118340225,0.07502111118340225
positive_no_prior_neither,2026-01-30,8,lognormal_component_budget,5,time_x_etf,covar_module.kernels.0.kernels.5,ProductKernel,0.07,0.029110475139938325,0.029110475139938325,0.029110475139938325
positive_no_prior_neither,2026-01-30,8,lognormal_component_budget,6,time_x_macro,covar_module.kernels.0.kernels.6,ProductKernel,0.09,0.06163827107532251,0.06163827107532251,0.06163827107532251
positive_no_prior_neither,2026-01-30,8,lognormal_component_budget,7,macro_x_etf,covar_module.kernels.0.kernels.7,ProductKernel,0.09,0.024693153661374513,0.024693153661374513,0.024693153661374513
positive_no_prior_both,2026-02-27,9,lognormal_component_budget,0,time,covar_module.kernels.0.base_kernel.base_kernel.kernels.0,MaternKernel,0.1,0.11339060449951249,0.11339060449951249,0.11339060449951249
positive_no_prior_both,2026-02-27,9,lognormal_component_budget,1,etf,covar_module.kernels.0.base_kernel.base_kernel.kernels.1,MaternKernel,0.25,0.03714289479025951,0.03714289479025951,0.03714289479025951
positive_no_prior_both,2026-02-27,9,lognormal_component_budget,2,macro_matern,covar_module.kernels.0.base_kernel.base_kernel.kernels.2,MaternKernel,0.2,0.2808644844732673,0.2808644844732673,0.2808644844732673
positive_no_prior_both,2026-02-27,9,lognormal_component_budget,3,macro_rq,covar_module.kernels.0.base_kernel.base_kernel.kernels.3,RQKernel,0.1,0.05308327247016971,0.05308327247016971,0.05308327247016971
positive_no_prior_both,2026-02-27,9,lognormal_component_budget,4,macro_linear,covar_module.kernels.0.base_kernel.base_kernel.kernels.4,LinearKernel,0.1,0.04708930630353021,0.04708930630353021,0.04708930630353021
positive_no_prior_both,2026-02-27,9,lognormal_component_budget,5,time_x_etf,covar_module.kernels.0.base_kernel.base_kernel.kernels.5,ProductKernel,0.07,0.08035565996603532,0.08035565996603532,0.08035565996603532
positive_no_prior_both,2026-02-27,9,lognormal_component_budget,6,time_x_macro,covar_module.kernels.0.base_kernel.base_kernel.kernels.6,ProductKernel,0.09,0.24939078005725523,0.24939078005725523,0.24939078005725523
positive_no_prior_both,2026-02-27,9,lognormal_component_budget,7,macro_x_etf,covar_module.kernels.0.base_kernel.base_kernel.kernels.7,ProductKernel,0.09,0.03169495415597818,0.03169495415597818,0.03169495415597818
positive_no_prior_outputscale_only,2026-02-27,9,lognormal_component_budget,0,time,covar_module.kernels.0.base_kernel.kernels.0,MaternKernel,0.1,0.05884374808115694,0.05884374808115694,0.05884374808115694
positive_no_prior_outputscale_only,2026-02-27,9,lognormal_component_budget,1,etf,covar_module.kernels.0.base_kernel.kernels.1,MaternKernel,0.25,0.046781206243402665,0.046781206243402665,0.046781206243402665
positive_no_prior_outputscale_only,2026-02-27,9,lognormal_component_budget,2,macro_matern,covar_module.kernels.0.base_kernel.kernels.2,MaternKernel,0.2,1.5433038280744602,1.5433038280744602,1.5433038280744602
positive_no_prior_outputscale_only,2026-02-27,9,lognormal_component_budget,3,macro_rq,covar_module.kernels.0.base_kernel.kernels.3,RQKernel,0.1,0.05653247708932037,0.05653247708932037,0.05653247708932037
positive_no_prior_outputscale_only,2026-02-27,9,lognormal_component_budget,4,macro_linear,covar_module.kernels.0.base_kernel.kernels.4,LinearKernel,0.1,0.0493835459491558,0.0493835459491558,0.0493835459491558
positive_no_prior_outputscale_only,2026-02-27,9,lognormal_component_budget,5,time_x_etf,covar_module.kernels.0.base_kernel.kernels.5,ProductKernel,0.07,0.0454640813201585,0.0454640813201585,0.0454640813201585
positive_no_prior_outputscale_only,2026-02-27,9,lognormal_component_budget,6,time_x_macro,covar_module.kernels.0.base_kernel.kernels.6,ProductKernel,0.09,0.03867711219287245,0.03867711219287245,0.03867711219287245
positive_no_prior_outputscale_only,2026-02-27,9,lognormal_component_budget,7,macro_x_etf,covar_module.kernels.0.base_kernel.kernels.7,ProductKernel,0.09,0.07439468086656971,0.07439468086656971,0.07439468086656971
positive_no_prior_lengthscale_only,2026-02-27,9,lognormal_component_budget,0,time,covar_module.kernels.0.base_kernel.kernels.0,MaternKernel,0.1,0.10149069428964927,0.10149069428964927,0.10149069428964927
positive_no_prior_lengthscale_only,2026-02-27,9,lognormal_component_budget,1,etf,covar_module.kernels.0.base_kernel.kernels.1,MaternKernel,0.25,0.029114404826711418,0.029114404826711418,0.029114404826711418
positive_no_prior_lengthscale_only,2026-02-27,9,lognormal_component_budget,2,macro_matern,covar_module.kernels.0.base_kernel.kernels.2,MaternKernel,0.2,0.13747533654104033,0.13747533654104033,0.13747533654104033
positive_no_prior_lengthscale_only,2026-02-27,9,lognormal_component_budget,3,macro_rq,covar_module.kernels.0.base_kernel.kernels.3,RQKernel,0.1,0.049166264641780394,0.049166264641780394,0.049166264641780394
positive_no_prior_lengthscale_only,2026-02-27,9,lognormal_component_budget,4,macro_linear,covar_module.kernels.0.base_kernel.kernels.4,LinearKernel,0.1,0.06462630003541818,0.06462630003541818,0.06462630003541818
positive_no_prior_lengthscale_only,2026-02-27,9,lognormal_component_budget,5,time_x_etf,covar_module.kernels.0.base_kernel.kernels.5,ProductKernel,0.07,0.03590669655475023,0.03590669655475023,0.03590669655475023
positive_no_prior_lengthscale_only,2026-02-27,9,lognormal_component_budget,6,time_x_macro,covar_module.kernels.0.base_kernel.kernels.6,ProductKernel,0.09,0.16637438205600227,0.16637438205600227,0.16637438205600227
positive_no_prior_lengthscale_only,2026-02-27,9,lognormal_component_budget,7,macro_x_etf,covar_module.kernels.0.base_kernel.kernels.7,ProductKernel,0.09,0.02648697212747056,0.02648697212747056,0.02648697212747056
positive_no_prior_neither,2026-02-27,9,lognormal_component_budget,0,time,covar_module.kernels.0.kernels.0,MaternKernel,0.1,0.050885759725231745,0.050885759725231745,0.050885759725231745
positive_no_prior_neither,2026-02-27,9,lognormal_component_budget,1,etf,covar_module.kernels.0.kernels.1,MaternKernel,0.25,0.03606847327594653,0.03606847327594653,0.03606847327594653
positive_no_prior_neither,2026-02-27,9,lognormal_component_budget,2,macro_matern,covar_module.kernels.0.kernels.2,MaternKernel,0.2,0.7184624661899702,0.7184624661899702,0.7184624661899702
positive_no_prior_neither,2026-02-27,9,lognormal_component_budget,3,macro_rq,covar_module.kernels.0.kernels.3,RQKernel,0.1,0.05370991798697769,0.05370991798697769,0.05370991798697769
positive_no_prior_neither,2026-02-27,9,lognormal_component_budget,4,macro_linear,covar_module.kernels.0.kernels.4,LinearKernel,0.1,0.06455438918279513,0.06455438918279513,0.06455438918279513
positive_no_prior_neither,2026-02-27,9,lognormal_component_budget,5,time_x_etf,covar_module.kernels.0.kernels.5,ProductKernel,0.07,0.03105516702793976,0.03105516702793976,0.03105516702793976
positive_no_prior_neither,2026-02-27,9,lognormal_component_budget,6,time_x_macro,covar_module.kernels.0.kernels.6,ProductKernel,0.09,0.06373698612254622,0.06373698612254622,0.06373698612254622
positive_no_prior_neither,2026-02-27,9,lognormal_component_budget,7,macro_x_etf,covar_module.kernels.0.kernels.7,ProductKernel,0.09,0.029936857992784904,0.029936857992784904,0.029936857992784904
positive_no_prior_both,2026-03-31,10,lognormal_component_budget,0,time,covar_module.kernels.0.base_kernel.base_kernel.kernels.0,MaternKernel,0.1,0.11407292203300883,0.11407292203300883,0.11407292203300883
positive_no_prior_both,2026-03-31,10,lognormal_component_budget,1,etf,covar_module.kernels.0.base_kernel.base_kernel.kernels.1,MaternKernel,0.25,0.04430569267406689,0.04430569267406689,0.04430569267406689
positive_no_prior_both,2026-03-31,10,lognormal_component_budget,2,macro_matern,covar_module.kernels.0.base_kernel.base_kernel.kernels.2,MaternKernel,0.2,0.3087452992277623,0.3087452992277623,0.3087452992277623
positive_no_prior_both,2026-03-31,10,lognormal_component_budget,3,macro_rq,covar_module.kernels.0.base_kernel.base_kernel.kernels.3,RQKernel,0.1,0.05445770887817829,0.05445770887817829,0.05445770887817829
positive_no_prior_both,2026-03-31,10,lognormal_component_budget,4,macro_linear,covar_module.kernels.0.base_kernel.base_kernel.kernels.4,LinearKernel,0.1,0.04811159878327407,0.04811159878327407,0.04811159878327407
positive_no_prior_both,2026-03-31,10,lognormal_component_budget,5,time_x_etf,covar_module.kernels.0.base_kernel.base_kernel.kernels.5,ProductKernel,0.07,0.08921729595828043,0.08921729595828043,0.08921729595828043
positive_no_prior_both,2026-03-31,10,lognormal_component_budget,6,time_x_macro,covar_module.kernels.0.base_kernel.base_kernel.kernels.6,ProductKernel,0.09,0.26742792959263295,0.26742792959263295,0.26742792959263295
positive_no_prior_both,2026-03-31,10,lognormal_component_budget,7,macro_x_etf,covar_module.kernels.0.base_kernel.base_kernel.kernels.7,ProductKernel,0.09,0.026043065630329498,0.026043065630329498,0.026043065630329498
positive_no_prior_outputscale_only,2026-03-31,10,lognormal_component_budget,0,time,covar_module.kernels.0.base_kernel.kernels.0,MaternKernel,0.1,0.05408742190454131,0.05408742190454131,0.05408742190454131
positive_no_prior_outputscale_only,2026-03-31,10,lognormal_component_budget,1,etf,covar_module.kernels.0.base_kernel.kernels.1,MaternKernel,0.25,0.0510049919948996,0.0510049919948996,0.0510049919948996
positive_no_prior_outputscale_only,2026-03-31,10,lognormal_component_budget,2,macro_matern,covar_module.kernels.0.base_kernel.kernels.2,MaternKernel,0.2,1.6380960895951846,1.6380960895951846,1.6380960895951846
positive_no_prior_outputscale_only,2026-03-31,10,lognormal_component_budget,3,macro_rq,covar_module.kernels.0.base_kernel.kernels.3,RQKernel,0.1,0.055948334347058794,0.055948334347058794,0.055948334347058794
positive_no_prior_outputscale_only,2026-03-31,10,lognormal_component_budget,4,macro_linear,covar_module.kernels.0.base_kernel.kernels.4,LinearKernel,0.1,0.04390342061125688,0.04390342061125688,0.04390342061125688
positive_no_prior_outputscale_only,2026-03-31,10,lognormal_component_budget,5,time_x_etf,covar_module.kernels.0.base_kernel.kernels.5,ProductKernel,0.07,0.043366481932175974,0.043366481932175974,0.043366481932175974
positive_no_prior_outputscale_only,2026-03-31,10,lognormal_component_budget,6,time_x_macro,covar_module.kernels.0.base_kernel.kernels.6,ProductKernel,0.09,0.044999794385853796,0.044999794385853796,0.044999794385853796
positive_no_prior_outputscale_only,2026-03-31,10,lognormal_component_budget,7,macro_x_etf,covar_module.kernels.0.base_kernel.kernels.7,ProductKernel,0.09,0.07937838698389178,0.07937838698389178,0.07937838698389178
positive_no_prior_lengthscale_only,2026-03-31,10,lognormal_component_budget,0,time,covar_module.kernels.0.base_kernel.kernels.0,MaternKernel,0.1,0.10296774371038574,0.10296774371038574,0.10296774371038574
positive_no_prior_lengthscale_only,2026-03-31,10,lognormal_component_budget,1,etf,covar_module.kernels.0.base_kernel.kernels.1,MaternKernel,0.25,0.026528833648543162,0.026528833648543162,0.026528833648543162
positive_no_prior_lengthscale_only,2026-03-31,10,lognormal_component_budget,2,macro_matern,covar_module.kernels.0.base_kernel.kernels.2,MaternKernel,0.2,0.27520843381314514,0.27520843381314514,0.27520843381314514
positive_no_prior_lengthscale_only,2026-03-31,10,lognormal_component_budget,3,macro_rq,covar_module.kernels.0.base_kernel.kernels.3,RQKernel,0.1,0.056328208098994054,0.056328208098994054,0.056328208098994054
positive_no_prior_lengthscale_only,2026-03-31,10,lognormal_component_budget,4,macro_linear,covar_module.kernels.0.base_kernel.kernels.4,LinearKernel,0.1,0.08070598812301812,0.08070598812301812,0.08070598812301812
positive_no_prior_lengthscale_only,2026-03-31,10,lognormal_component_budget,5,time_x_etf,covar_module.kernels.0.base_kernel.kernels.5,ProductKernel,0.07,0.04022455662523438,0.04022455662523438,0.04022455662523438
positive_no_prior_lengthscale_only,2026-03-31,10,lognormal_component_budget,6,time_x_macro,covar_module.kernels.0.base_kernel.kernels.6,ProductKernel,0.09,0.16010234353959527,0.16010234353959527,0.16010234353959527
positive_no_prior_lengthscale_only,2026-03-31,10,lognormal_component_budget,7,macro_x_etf,covar_module.kernels.0.base_kernel.kernels.7,ProductKernel,0.09,0.02858796493999363,0.02858796493999363,0.02858796493999363
positive_no_prior_neither,2026-03-31,10,lognormal_component_budget,0,time,covar_module.kernels.0.kernels.0,MaternKernel,0.1,0.04614917762140003,0.04614917762140003,0.04614917762140003
positive_no_prior_neither,2026-03-31,10,lognormal_component_budget,1,etf,covar_module.kernels.0.kernels.1,MaternKernel,0.25,0.034389453393422746,0.034389453393422746,0.034389453393422746
positive_no_prior_neither,2026-03-31,10,lognormal_component_budget,2,macro_matern,covar_module.kernels.0.kernels.2,MaternKernel,0.2,0.6591270690954038,0.6591270690954038,0.6591270690954038
positive_no_prior_neither,2026-03-31,10,lognormal_component_budget,3,macro_rq,covar_module.kernels.0.kernels.3,RQKernel,0.1,0.053742662199855816,0.053742662199855816,0.053742662199855816
positive_no_prior_neither,2026-03-31,10,lognormal_component_budget,4,macro_linear,covar_module.kernels.0.kernels.4,LinearKernel,0.1,0.0672419049258075,0.0672419049258075,0.0672419049258075
positive_no_prior_neither,2026-03-31,10,lognormal_component_budget,5,time_x_etf,covar_module.kernels.0.kernels.5,ProductKernel,0.07,0.0273774686108618,0.0273774686108618,0.0273774686108618
positive_no_prior_neither,2026-03-31,10,lognormal_component_budget,6,time_x_macro,covar_module.kernels.0.kernels.6,ProductKernel,0.09,0.05690007643131615,0.05690007643131615,0.05690007643131615
positive_no_prior_neither,2026-03-31,10,lognormal_component_budget,7,macro_x_etf,covar_module.kernels.0.kernels.7,ProductKernel,0.09,0.0352868960973098,0.0352868960973098,0.0352868960973098
positive_no_prior_both,2026-04-30,11,lognormal_component_budget,0,time,covar_module.kernels.0.base_kernel.base_kernel.kernels.0,MaternKernel,0.1,0.09499854730388549,0.09499854730388549,0.09499854730388549
positive_no_prior_both,2026-04-30,11,lognormal_component_budget,1,etf,covar_module.kernels.0.base_kernel.base_kernel.kernels.1,MaternKernel,0.25,0.027437044531482283,0.027437044531482283,0.027437044531482283
positive_no_prior_both,2026-04-30,11,lognormal_component_budget,2,macro_matern,covar_module.kernels.0.base_kernel.base_kernel.kernels.2,MaternKernel,0.2,0.4810579486138102,0.4810579486138102,0.4810579486138102
positive_no_prior_both,2026-04-30,11,lognormal_component_budget,3,macro_rq,covar_module.kernels.0.base_kernel.base_kernel.kernels.3,RQKernel,0.1,0.05357321277000182,0.05357321277000182,0.05357321277000182
positive_no_prior_both,2026-04-30,11,lognormal_component_budget,4,macro_linear,covar_module.kernels.0.base_kernel.base_kernel.kernels.4,LinearKernel,0.1,0.03198747991455307,0.03198747991455307,0.03198747991455307
positive_no_prior_both,2026-04-30,11,lognormal_component_budget,5,time_x_etf,covar_module.kernels.0.base_kernel.base_kernel.kernels.5,ProductKernel,0.07,0.10875738002414363,0.10875738002414363,0.10875738002414363
positive_no_prior_both,2026-04-30,11,lognormal_component_budget,6,time_x_macro,covar_module.kernels.0.base_kernel.base_kernel.kernels.6,ProductKernel,0.09,0.18622340905127144,0.18622340905127144,0.18622340905127144
positive_no_prior_both,2026-04-30,11,lognormal_component_budget,7,macro_x_etf,covar_module.kernels.0.base_kernel.base_kernel.kernels.7,ProductKernel,0.09,0.02393121836304346,0.02393121836304346,0.02393121836304346
positive_no_prior_outputscale_only,2026-04-30,11,lognormal_component_budget,0,time,covar_module.kernels.0.base_kernel.kernels.0,MaternKernel,0.1,0.06099443729960384,0.06099443729960384,0.06099443729960384
positive_no_prior_outputscale_only,2026-04-30,11,lognormal_component_budget,1,etf,covar_module.kernels.0.base_kernel.kernels.1,MaternKernel,0.25,0.06739567639669976,0.06739567639669976,0.06739567639669976
positive_no_prior_outputscale_only,2026-04-30,11,lognormal_component_budget,2,macro_matern,covar_module.kernels.0.base_kernel.kernels.2,MaternKernel,0.2,1.8727036895842009,1.8727036895842009,1.8727036895842009
positive_no_prior_outputscale_only,2026-04-30,11,lognormal_component_budget,3,macro_rq,covar_module.kernels.0.base_kernel.kernels.3,RQKernel,0.1,0.060747875716343464,0.060747875716343464,0.060747875716343464
positive_no_prior_outputscale_only,2026-04-30,11,lognormal_component_budget,4,macro_linear,covar_module.kernels.0.base_kernel.kernels.4,LinearKernel,0.1,0.06547131886592636,0.06547131886592636,0.06547131886592636
positive_no_prior_outputscale_only,2026-04-30,11,lognormal_component_budget,5,time_x_etf,covar_module.kernels.0.base_kernel.kernels.5,ProductKernel,0.07,0.04216438264647283,0.04216438264647283,0.04216438264647283
positive_no_prior_outputscale_only,2026-04-30,11,lognormal_component_budget,6,time_x_macro,covar_module.kernels.0.base_kernel.kernels.6,ProductKernel,0.09,0.06374689875175277,0.06374689875175277,0.06374689875175277
positive_no_prior_outputscale_only,2026-04-30,11,lognormal_component_budget,7,macro_x_etf,covar_module.kernels.0.base_kernel.kernels.7,ProductKernel,0.09,0.05797256929049508,0.05797256929049508,0.05797256929049508
positive_no_prior_lengthscale_only,2026-04-30,11,lognormal_component_budget,0,time,covar_module.kernels.0.base_kernel.kernels.0,MaternKernel,0.1,0.09610133365486116,0.09610133365486116,0.09610133365486116
positive_no_prior_lengthscale_only,2026-04-30,11,lognormal_component_budget,1,etf,covar_module.kernels.0.base_kernel.kernels.1,MaternKernel,0.25,0.029163147130419585,0.029163147130419585,0.029163147130419585
positive_no_prior_lengthscale_only,2026-04-30,11,lognormal_component_budget,2,macro_matern,covar_module.kernels.0.base_kernel.kernels.2,MaternKernel,0.2,0.16707030033274636,0.16707030033274636,0.16707030033274636
positive_no_prior_lengthscale_only,2026-04-30,11,lognormal_component_budget,3,macro_rq,covar_module.kernels.0.base_kernel.kernels.3,RQKernel,0.1,0.049760984946648885,0.049760984946648885,0.049760984946648885
positive_no_prior_lengthscale_only,2026-04-30,11,lognormal_component_budget,4,macro_linear,covar_module.kernels.0.base_kernel.kernels.4,LinearKernel,0.1,0.06561311333851429,0.06561311333851429,0.06561311333851429
positive_no_prior_lengthscale_only,2026-04-30,11,lognormal_component_budget,5,time_x_etf,covar_module.kernels.0.base_kernel.kernels.5,ProductKernel,0.07,0.0384459205062227,0.0384459205062227,0.0384459205062227
positive_no_prior_lengthscale_only,2026-04-30,11,lognormal_component_budget,6,time_x_macro,covar_module.kernels.0.base_kernel.kernels.6,ProductKernel,0.09,0.15540415412024228,0.15540415412024228,0.15540415412024228
positive_no_prior_lengthscale_only,2026-04-30,11,lognormal_component_budget,7,macro_x_etf,covar_module.kernels.0.base_kernel.kernels.7,ProductKernel,0.09,0.0241808815820496,0.0241808815820496,0.0241808815820496
positive_no_prior_neither,2026-04-30,11,lognormal_component_budget,0,time,covar_module.kernels.0.kernels.0,MaternKernel,0.1,0.048038174038008016,0.048038174038008016,0.048038174038008016
positive_no_prior_neither,2026-04-30,11,lognormal_component_budget,1,etf,covar_module.kernels.0.kernels.1,MaternKernel,0.25,0.0353101157937726,0.0353101157937726,0.0353101157937726
positive_no_prior_neither,2026-04-30,11,lognormal_component_budget,2,macro_matern,covar_module.kernels.0.kernels.2,MaternKernel,0.2,0.7179737059265889,0.7179737059265889,0.7179737059265889
positive_no_prior_neither,2026-04-30,11,lognormal_component_budget,3,macro_rq,covar_module.kernels.0.kernels.3,RQKernel,0.1,0.05247221038111413,0.05247221038111413,0.05247221038111413
positive_no_prior_neither,2026-04-30,11,lognormal_component_budget,4,macro_linear,covar_module.kernels.0.kernels.4,LinearKernel,0.1,0.06144454817824309,0.06144454817824309,0.06144454817824309
positive_no_prior_neither,2026-04-30,11,lognormal_component_budget,5,time_x_etf,covar_module.kernels.0.kernels.5,ProductKernel,0.07,0.027193484433483957,0.027193484433483957,0.027193484433483957
positive_no_prior_neither,2026-04-30,11,lognormal_component_budget,6,time_x_macro,covar_module.kernels.0.kernels.6,ProductKernel,0.09,0.06188874921250086,0.06188874921250086,0.06188874921250086
positive_no_prior_neither,2026-04-30,11,lognormal_component_budget,7,macro_x_etf,covar_module.kernels.0.kernels.7,ProductKernel,0.09,0.03210048150427621,0.03210048150427621,0.03210048150427621
positive_no_prior_both,live,12,lognormal_component_budget,0,time,covar_module.kernels.0.base_kernel.base_kernel.kernels.0,MaternKernel,0.1,0.08739915292684342,0.08739915292684342,0.08739915292684342
positive_no_prior_both,live,12,lognormal_component_budget,1,etf,covar_module.kernels.0.base_kernel.base_kernel.kernels.1,MaternKernel,0.25,0.04577350893993249,0.04577350893993249,0.04577350893993249
positive_no_prior_both,live,12,lognormal_component_budget,2,macro_matern,covar_module.kernels.0.base_kernel.base_kernel.kernels.2,MaternKernel,0.2,0.19131915920439102,0.19131915920439102,0.19131915920439102
positive_no_prior_both,live,12,lognormal_component_budget,3,macro_rq,covar_module.kernels.0.base_kernel.base_kernel.kernels.3,RQKernel,0.1,0.04874842764623713,0.04874842764623713,0.04874842764623713
positive_no_prior_both,live,12,lognormal_component_budget,4,macro_linear,covar_module.kernels.0.base_kernel.base_kernel.kernels.4,LinearKernel,0.1,0.040589862205999194,0.040589862205999194,0.040589862205999194
positive_no_prior_both,live,12,lognormal_component_budget,5,time_x_etf,covar_module.kernels.0.base_kernel.base_kernel.kernels.5,ProductKernel,0.07,0.16413386481785214,0.16413386481785214,0.16413386481785214
positive_no_prior_both,live,12,lognormal_component_budget,6,time_x_macro,covar_module.kernels.0.base_kernel.base_kernel.kernels.6,ProductKernel,0.09,0.3192283204930292,0.3192283204930292,0.3192283204930292
positive_no_prior_both,live,12,lognormal_component_budget,7,macro_x_etf,covar_module.kernels.0.base_kernel.base_kernel.kernels.7,ProductKernel,0.09,0.03149467162569732,0.03149467162569732,0.03149467162569732
positive_no_prior_outputscale_only,live,12,lognormal_component_budget,0,time,covar_module.kernels.0.base_kernel.kernels.0,MaternKernel,0.1,0.05332760561081129,0.05332760561081129,0.05332760561081129
positive_no_prior_outputscale_only,live,12,lognormal_component_budget,1,etf,covar_module.kernels.0.base_kernel.kernels.1,MaternKernel,0.25,0.039038803335729524,0.039038803335729524,0.039038803335729524
positive_no_prior_outputscale_only,live,12,lognormal_component_budget,2,macro_matern,covar_module.kernels.0.base_kernel.kernels.2,MaternKernel,0.2,1.9303189015618312,1.9303189015618312,1.9303189015618312
positive_no_prior_outputscale_only,live,12,lognormal_component_budget,3,macro_rq,covar_module.kernels.0.base_kernel.kernels.3,RQKernel,0.1,0.0536498974139635,0.0536498974139635,0.0536498974139635
positive_no_prior_outputscale_only,live,12,lognormal_component_budget,4,macro_linear,covar_module.kernels.0.base_kernel.kernels.4,LinearKernel,0.1,0.03755988148471882,0.03755988148471882,0.03755988148471882
positive_no_prior_outputscale_only,live,12,lognormal_component_budget,5,time_x_etf,covar_module.kernels.0.base_kernel.kernels.5,ProductKernel,0.07,0.031166306087987983,0.031166306087987983,0.031166306087987983
positive_no_prior_outputscale_only,live,12,lognormal_component_budget,6,time_x_macro,covar_module.kernels.0.base_kernel.kernels.6,ProductKernel,0.09,0.03177710437021002,0.03177710437021002,0.03177710437021002
positive_no_prior_outputscale_only,live,12,lognormal_component_budget,7,macro_x_etf,covar_module.kernels.0.base_kernel.kernels.7,ProductKernel,0.09,0.08093150756533021,0.08093150756533021,0.08093150756533021
positive_no_prior_lengthscale_only,live,12,lognormal_component_budget,0,time,covar_module.kernels.0.base_kernel.kernels.0,MaternKernel,0.1,0.10641328726754565,0.10641328726754565,0.10641328726754565
positive_no_prior_lengthscale_only,live,12,lognormal_component_budget,1,etf,covar_module.kernels.0.base_kernel.kernels.1,MaternKernel,0.25,0.02946617493669721,0.02946617493669721,0.02946617493669721
positive_no_prior_lengthscale_only,live,12,lognormal_component_budget,2,macro_matern,covar_module.kernels.0.base_kernel.kernels.2,MaternKernel,0.2,0.1434745100039203,0.1434745100039203,0.1434745100039203
positive_no_prior_lengthscale_only,live,12,lognormal_component_budget,3,macro_rq,covar_module.kernels.0.base_kernel.kernels.3,RQKernel,0.1,0.05200224627407661,0.05200224627407661,0.05200224627407661
positive_no_prior_lengthscale_only,live,12,lognormal_component_budget,4,macro_linear,covar_module.kernels.0.base_kernel.kernels.4,LinearKernel,0.1,0.08042904531978254,0.08042904531978254,0.08042904531978254
positive_no_prior_lengthscale_only,live,12,lognormal_component_budget,5,time_x_etf,covar_module.kernels.0.base_kernel.kernels.5,ProductKernel,0.07,0.03811540700005988,0.03811540700005988,0.03811540700005988
positive_no_prior_lengthscale_only,live,12,lognormal_component_budget,6,time_x_macro,covar_module.kernels.0.base_kernel.kernels.6,ProductKernel,0.09,0.16744879898409262,0.16744879898409262,0.16744879898409262
positive_no_prior_lengthscale_only,live,12,lognormal_component_budget,7,macro_x_etf,covar_module.kernels.0.base_kernel.kernels.7,ProductKernel,0.09,0.02360868797306654,0.02360868797306654,0.02360868797306654
positive_no_prior_neither,live,12,lognormal_component_budget,0,time,covar_module.kernels.0.kernels.0,MaternKernel,0.1,0.04943144576388945,0.04943144576388945,0.04943144576388945
positive_no_prior_neither,live,12,lognormal_component_budget,1,etf,covar_module.kernels.0.kernels.1,MaternKernel,0.25,0.032056094669608175,0.032056094669608175,0.032056094669608175
positive_no_prior_neither,live,12,lognormal_component_budget,2,macro_matern,covar_module.kernels.0.kernels.2,MaternKernel,0.2,0.7227216006117346,0.7227216006117346,0.7227216006117346
positive_no_prior_neither,live,12,lognormal_component_budget,3,macro_rq,covar_module.kernels.0.kernels.3,RQKernel,0.1,0.056487037883354636,0.056487037883354636,0.056487037883354636
positive_no_prior_neither,live,12,lognormal_component_budget,4,macro_linear,covar_module.kernels.0.kernels.4,LinearKernel,0.1,0.08147045138536647,0.08147045138536647,0.08147045138536647
positive_no_prior_neither,live,12,lognormal_component_budget,5,time_x_etf,covar_module.kernels.0.kernels.5,ProductKernel,0.07,0.027106647873598812,0.027106647873598812,0.027106647873598812
positive_no_prior_neither,live,12,lognormal_component_budget,6,time_x_macro,covar_module.kernels.0.kernels.6,ProductKernel,0.09,0.05834226953156571,0.05834226953156571,0.05834226953156571
positive_no_prior_neither,live,12,lognormal_component_budget,7,macro_x_etf,covar_module.kernels.0.kernels.7,ProductKernel,0.09,0.031583736577364616,0.031583736577364616,0.031583736577364616
