horizon,feature,mean,std,min,p01,p05,p50,p95,p99,max,missing_rate,unique_count
BME,lag_y_excess_lead,0.00804026789112774,0.051902237427177464,-0.13268639869085574,-0.0994407013433722,-0.08365201931185014,0.013132172396823516,0.09820422996160634,0.11921459061608769,0.1394564917468888,0.0,320
BME,lag2_y_excess_lead,0.008469872387678861,0.05196877555235572,-0.13268639869085574,-0.0994407013433722,-0.08365201931185014,0.013640640813179838,0.09820422996160634,0.11921459061608769,0.1394564917468888,0.0,320
BME,mom6m,0.07015806453332335,0.12445652648106476,-0.3083956362862885,-0.227278764141975,-0.12307912390764096,0.07112485987391692,0.250895031018154,0.4649249374632218,0.5580546592972424,0.0,320
BME,mom12m,0.16103253998009331,0.21056009542091622,-0.3397986631681742,-0.25369372844042937,-0.1692592503363515,0.15349992740069573,0.5225796277574092,0.7434571963083327,0.9595715304228511,0.0,320
BME,mom12m_skip1m,0.14735064625125013,0.20197980099141818,-0.3103794171977148,-0.26411544495006295,-0.15144518902719578,0.1386327944742375,0.4968014102143061,0.7169329299473309,0.9571428263231738,0.0,320
BME,chmom,0.09087447544676998,0.1490985099718971,-0.2949395686573222,-0.2280710290403837,-0.1319911263834402,0.08224429227373986,0.4016641765222295,0.4895219798759588,0.5750932239836289,0.0,320
BME,short_reversal_1m,-0.012156101755098155,0.05185264579325579,-0.14304368235410148,-0.12264314859959724,-0.0947391312827176,-0.01640713098671942,0.08252043396716924,0.10115516296803534,0.14494372052023363,0.0,320
BME,cs_mom_rank,0.6,0.28328569271860443,0.2,0.2,0.2,0.6,1.0,1.0,1.0,0.0,5
BME,ma_signal,0.009390533583470563,0.031328647600277135,-0.08783457195245248,-0.07025063630932928,-0.04960152885979593,0.012511462532253437,0.053532243978249794,0.07418335666718438,0.08314003401291292,0.0,320
BME,ma_regime,0.671875,0.47026596556619527,0.0,0.0,0.0,1.0,1.0,1.0,1.0,0.0,2
BME,trend_slope,0.10858425135736363,0.5990006136227366,-2.135464200106538,-1.7876045888925538,-0.754886694573753,0.08506885875355186,1.1636771937779087,1.6223560791015568,3.28973309405438,0.0,320
BME,vol_1w,0.010916809270388444,0.004537422053916592,0.0040990214117031624,0.004604452773384312,0.005411353164369451,0.010190624832689555,0.019574221440362267,0.027090515357261813,0.03282161349891146,0.0,320
BME,vol_1m,0.011565101882202134,0.004509670216224771,0.004730346474446255,0.005196830236281375,0.005918449687203998,0.01114593729849752,0.019811040784868814,0.026720414151211347,0.032239843089971854,0.0,320
BME,vol_3m,0.011823701921572964,0.004063980215611062,0.005569218418493946,0.005721773150545314,0.006380914973443943,0.011547592990435143,0.020035757572737522,0.02338462699601998,0.024959763830862063,0.0,320
BME,vol_of_vol,0.0005249636748869956,0.0003359339968923328,0.00014914848796191308,0.0001728349404126731,0.00022232658032747752,0.0004614600011119467,0.0010972248565738823,0.001964495100706058,0.002677919356595262,0.0,320
BME,vol_z,0.014704483655523728,0.5356697980069255,-1.1769640037390623,-1.0657441521791247,-0.7806637987394744,-0.040989728521652856,0.9561340599024717,1.3591277711997762,1.5925300011599464,0.0,320
BME,vol_accel,0.06673931172998564,0.06160803991666057,-0.029373038482811066,-0.010976252340144344,0.008031957377975994,0.053472378145765234,0.1824893593189923,0.3074894633916162,0.46246266830323063,0.0,320
BME,vol_ratio_1m_3m,-0.01716506507720982,0.17501777040742694,-0.5885870106035931,-0.4979662728170785,-0.2797907291991658,-0.022452375296281003,0.24568367992838377,0.45846037465593176,0.5290212673893515,0.0,320
BME,downside_vol_1m,0.00655160289373639,0.0029311903598903018,0.002140782846667912,0.0023758183045274033,0.0029844324884968614,0.006022305085534081,0.0119707040844459,0.0170249297007777,0.019295511774437005,0.0,320
BME,max_dd_3m,-0.11011536058744704,0.06733447339689264,-0.3183452705108243,-0.29233115005175364,-0.2533293583466465,-0.09103556808188706,-0.03404014184036266,-0.026577699880295545,-0.019937639491478087,0.0,264
BME,max_dd_6m,-0.1510060627516625,0.08792871266979031,-0.40755279766903696,-0.40755279766903696,-0.3288393097555584,-0.11332835013915563,-0.05028205740277892,-0.04115606301885927,-0.03513466356439565,0.0,194
BME,ret_skew,-0.04624069017239579,0.4720590987445218,-1.152061313842068,-1.0168415674627318,-0.7679268575481296,-0.09437818242967623,0.90866899088083,1.1857367641269834,1.2533924279193813,0.0,320
BME,ret_kurt,0.901673183046503,1.896779491160879,-1.0042356202254936,-0.9202535738002788,-0.7309053504584839,0.47584062495377033,5.302438357143826,8.452888864830994,10.726380348513231,0.0,320
BME,ret_autocorr,-0.0533735156454185,0.16898119786245233,-0.5854003877161456,-0.4708320853257891,-0.3202459534768557,-0.06110774891732812,0.23151547162869107,0.3237978786315177,0.38636077071154473,0.0,320
BME,vol_autocorr,0.9388262968028627,0.040576301069990925,0.7258951305188476,0.8046913197757677,0.8600574199805616,0.9489208343195543,0.9807211457696645,0.9876129318582882,0.9923737854962984,0.0,320
BME,ill_log,0.03406149579430329,0.05550830136785432,7.495595072983626e-05,9.141044855690589e-05,0.00015361907261574964,0.015771037128082005,0.1601984599479082,0.24447037940313412,0.2723496396530521,0.0,320
BME,dolvol_log,44.721555374555976,2.1794830694503937,41.244044408923884,41.343896617776025,41.7253553132969,43.79269678833272,48.21534558816255,48.46171758138408,48.46326766024056,0.0,317
BME,turnover,0.006383724052856267,0.1269382690162569,-0.37341155975984136,-0.28053985653983976,-0.19363553564337965,0.0038471172125184,0.22220842907153812,0.3488285614055177,0.48296205999159253,0.0,320
BME,sd_turn,0.366273602727891,0.1128920535868898,0.20242614999916075,0.2083708204812691,0.23257942316790814,0.34550462685318983,0.5775508609921877,0.6487536355555865,0.9038677484075358,0.0,320
BME,baspread,0.07362894362449812,0.027307639529825872,0.03540732118264308,0.03637821912384257,0.03925038602606296,0.07006847467247163,0.12254269005228578,0.15675311748127588,0.18455685630156857,0.0,320
BME,vix,19.004531294107437,4.993968885240672,12.4399995803833,12.4399995803833,12.920000076293945,17.440000534057617,28.709999084472656,33.400001525878906,33.400001525878906,0.0,60
BME,vix_slope,0.11508734996699407,0.06938865298793803,-0.022708419740380403,-0.022708419740380403,-0.006608651707769919,0.1297280611783751,0.21372039497289474,0.23950148007289185,0.23950148007289185,0.0,64
BME,vix_ts_z_12p,0.08155310753611189,0.9787980667937939,-2.1618688676092583,-2.1618688676092583,-1.5056566360743773,0.30232476962203836,1.1255081260081117,2.21536709023892,2.21536709023892,0.0,64
BME,spy_ret,-3.116831498210168e-05,0.011137078644132487,-0.037655756022568536,-0.037655756022568536,-0.016451854235812403,-0.0012918000675154872,0.016123809891503256,0.03101457778629879,0.03101457778629879,0.0,63
BME,erp,-0.033070543498343805,0.019746967758455074,-0.06841791640589447,-0.06841791640589447,-0.05804069636460274,-0.03812209823504653,0.00044155948012098583,0.01612080795652411,0.01612080795652411,0.0,64
BME,pct_above_50dma,102.14880248244296,18.894347410452472,0.0,0.0,97.40029023921878,105.29778584448829,111.97266716933925,113.24755665194442,113.24755665194442,0.0,63
BME,spy_flow_z_12p,0.0046997578307562664,1.0186553782824475,-2.409715126255485,-2.409715126255485,-1.4083789731951701,-0.10043950886644765,1.6220123149076844,1.8927997967647525,1.8927997967647525,0.0,64
BME,hy_spread,0.0071359375,0.013015777346489359,0.0,0.0,0.0,0.0,0.032799999999999996,0.0394,0.0394,0.0,15
BME,hy_spread_chg_1p,-2.3437499999999967e-05,0.0015445061082231292,-0.0063,-0.0063,-0.001400000000000002,0.0,0.001799999999999996,0.006799999999999997,0.006799999999999997,0.0,16
BME,hy_spread_z_12p,-0.003740003813282397,0.473533498644706,-1.1970765457343384,-1.1970765457343384,-0.6215274716410202,0.0,0.5212926510712433,2.315050706130437,2.315050706130437,0.0,16
BME,cpi_chg_1p,0.0038088084184958702,0.002751626076513063,-0.00041829647960411886,-0.00041829647960411886,0.0003315826188146076,0.0030306177902620357,0.00948499623996324,0.012561019986405686,0.012561019986405686,0.0,63
BME,cpi_chg_12p,0.04472429766512202,0.020656986939042235,0.016698167791706853,0.016698167791706853,0.02381981462805549,0.03340500353721676,0.08462576727730098,0.08979361103105798,0.08979361103105798,0.0,63
BME,term_spread,0.001799062180143664,0.010306692314912992,-0.01611000061035156,-0.01611000061035156,-0.013139998912811278,0.0018400001525878881,0.01733000051230192,0.020790000557899473,0.020790000557899473,0.0,63
BME,tbill3m,0.0330393751833617,0.01942132332853237,3.0000000260770322e-05,3.0000000260770322e-05,0.00028000000864267347,0.04189000129699707,0.05248000144958496,0.05320000171661377,0.05320000171661377,0.0,57
3W-FRI,lag_y_excess_lead,0.005190864218082171,0.04539191461501485,-0.12009789989267883,-0.10289094396541922,-0.0727883539152033,0.009243971259032424,0.07829339728712323,0.11561851089486866,0.16800850950241242,0.0,465
3W-FRI,lag2_y_excess_lead,0.005540147072977294,0.045475622009210875,-0.12009789989267883,-0.10289094396541922,-0.0727883539152033,0.009973896566831453,0.07829339728712323,0.11561851089486866,0.16800850950241242,0.0,465
3W-FRI,mom6m,0.06707684547863424,0.12661098349782002,-0.2989624844095282,-0.226389233030474,-0.14601848980171697,0.06502027307342195,0.25017411534183337,0.435676563293693,0.6212876772879519,0.0,465
3W-FRI,mom12m,0.15803159205964304,0.21554825933326807,-0.33932419864541497,-0.27014884904973474,-0.17013071210089487,0.14596964502095,0.5036225795737016,0.8223586233477153,0.9778091968171556,0.0,465
3W-FRI,mom12m_skip1m,0.14746833425755293,0.20479835937792162,-0.30140459887843385,-0.25943660428650117,-0.16417643022860698,0.13887284532997435,0.47369309590181063,0.7915089386111361,1.0236932800745384,0.0,465
3W-FRI,chmom,0.09095474658100879,0.15205157548103437,-0.2977096557737967,-0.23141688386329812,-0.14959404752137564,0.07851303400760545,0.38383838340288107,0.540834570511898,0.5924131383683681,0.0,465
3W-FRI,short_reversal_1m,-0.009191993685333532,0.0559482928258088,-0.18623192748530304,-0.13947354651374738,-0.09437504977812394,-0.013097086628855559,0.08726688510008668,0.1257844194479199,0.14710326496803816,0.0,465
3W-FRI,cs_mom_rank,0.6,0.28314733583967105,0.2,0.2,0.2,0.6,1.0,1.0,1.0,0.0,5
3W-FRI,ma_signal,0.009609612017954393,0.03163979658194613,-0.08368936814889227,-0.07650496173645356,-0.049773471503220576,0.013102622894850757,0.05329223390421951,0.07702187188798662,0.08671915393927243,0.0,465
3W-FRI,ma_regime,0.6645161290322581,0.47266785954885976,0.0,0.0,0.0,1.0,1.0,1.0,1.0,0.0,2
3W-FRI,trend_slope,0.09945144451957988,0.5936055578861172,-3.065480814351666,-1.5311461371880095,-0.836934854086341,0.08865629914519269,1.1603044465300376,1.67753227570769,3.3130882362266565,0.0,465
3W-FRI,vol_1w,0.010917137689240389,0.004765349801175624,0.0027972157309311407,0.003881502832883513,0.00517095371907686,0.010231390788822733,0.0186723368592915,0.027294404768912185,0.03954755414912158,0.0,465
3W-FRI,vol_1m,0.011571999461417126,0.00461718188662048,0.004490499062178332,0.005073149257650944,0.0057786144633457225,0.010971805458471063,0.01990797715237892,0.02705879226424992,0.03453626205240755,0.0,465
3W-FRI,vol_3m,0.011833322448683526,0.004094082391460602,0.005419311455858986,0.005658136932611472,0.00642804897143972,0.011516613887661526,0.02000158015533017,0.023302478744964095,0.024933777006631814,0.0,465
3W-FRI,vol_of_vol,0.0005266322828387176,0.0003559898093142235,0.0001178356620296169,0.00017051480599698996,0.00022531304547661666,0.00046093443004275534,0.001176310079386341,0.002288791712413202,0.0026811149239180623,0.0,465
3W-FRI,vol_z,0.014809165380312716,0.5858367747860077,-1.2773980398330098,-1.0449921714543957,-0.7986059901159381,-0.08228819439012408,1.1348975423620653,1.5752525906814685,1.9651421244635745,0.0,465
3W-FRI,vol_accel,0.06707648432026866,0.07259544862448622,-0.05457495903785479,-0.04178303670933228,-0.010582266621277312,0.0511770130131826,0.20273944475656344,0.33949571977865733,0.6278527733687931,0.0,465
3W-FRI,vol_ratio_1m_3m,-0.017494224049315,0.1824356392637578,-0.6091728652296019,-0.5097738456891274,-0.2996716446526263,-0.020216476594346593,0.25033600774901643,0.4660175014995706,0.5732849949160724,0.0,465
3W-FRI,downside_vol_1m,0.006557556717795415,0.003011305677633083,0.001972683187455372,0.002377110872551431,0.002825220843368122,0.005998917323151484,0.01241783611080182,0.01739513402377205,0.02005835170791054,0.0,465
3W-FRI,max_dd_3m,-0.11026421965691996,0.06798300237268635,-0.3183452705108243,-0.28731904257634194,-0.2533293583466465,-0.09044978808646777,-0.03084457638927846,-0.0240347646828499,-0.019937639491478087,0.0,314
3W-FRI,max_dd_6m,-0.15113464174377475,0.08824971315365722,-0.40755279766903696,-0.4075527976690369,-0.3288393097555584,-0.11298298141547201,-0.050850422373382664,-0.040643642618576024,-0.03513466356439565,0.0,231
3W-FRI,ret_skew,-0.07360160413414829,0.5009380843404911,-2.463477884696513,-1.2507595177694133,-0.8413878391456312,-0.11054837857887266,0.9081456170857236,1.1668130537542067,1.2533924279193813,0.0,465
3W-FRI,ret_kurt,0.9173675205935856,1.8879285808028652,-1.0292784584530075,-0.8955318992930805,-0.7146206443530089,0.4229681679698156,5.298786687816206,8.64522335192809,10.32252951860559,0.0,465
3W-FRI,ret_autocorr,-0.05600109963924498,0.19396643072656305,-0.5941056151845703,-0.48665786557049506,-0.3735466288197374,-0.05118613100509711,0.23364228928636904,0.37118932027904233,0.6427056641326081,0.0,465
3W-FRI,vol_autocorr,0.9377828219880397,0.04535342673315795,0.6875895922096003,0.7795714376249927,0.8514337960038365,0.9505792974604819,0.9801901791724761,0.986589572167185,0.9890164133523763,0.0,465
3W-FRI,ill_log,0.034135935332493685,0.05622195239064538,8.352577065302226e-05,9.409883123195343e-05,0.00014363647869261578,0.015169656374010762,0.17083965837528875,0.2331877517947255,0.3470027324318029,0.0,465
3W-FRI,dolvol_log,44.347945951880625,2.181613836290272,40.580095925861215,41.04950093657021,41.3426545537895,43.42633145613785,47.825309065420086,48.1303860230439,48.139881065957866,0.0,461
3W-FRI,turnover,0.006482414833470563,0.1613102820788644,-0.4035559045507312,-0.30885147078367126,-0.24306711615946988,0.0016706389384023505,0.29208891712998775,0.4542698943749331,0.6842356423918803,0.0,465
3W-FRI,sd_turn,0.3663095541149305,0.11410434895548982,0.20006929330839895,0.210433334535403,0.2296741649403767,0.34106576985358006,0.5832350460283066,0.6901733301759748,0.9114839092484528,0.0,465
3W-FRI,baspread,0.0736553217363073,0.028097583863150078,0.03290401452843798,0.035649453232666266,0.03885366787044349,0.0696333647850512,0.12391987608905053,0.1617730555163066,0.1995194465663537,0.0,465
3W-FRI,vix,19.31064526752759,5.705932960956027,11.930000305175781,12.198800354003906,12.65999984741211,17.479999542236328,30.670000076293945,37.68760147094743,45.310001373291016,0.0,92
3W-FRI,vix_slope,0.12425164195909637,0.08081563012112836,-0.2104786164185417,-0.11909120642164331,0.013280395052798433,0.13747099128644535,0.23379435570105267,0.2681967264651433,0.28291361994830444,0.0,93
3W-FRI,vix_ts_z_12p,-0.014691239128527328,0.9917403091969735,-2.6926416005380207,-2.387450806981174,-1.824117518906257,0.13802163955519367,1.4620220276091405,1.7194699028205995,2.002980056389553,0.0,93
3W-FRI,spy_ret,4.7638341228945125e-05,0.01297744950505175,-0.06032653456285751,-0.04581723629707257,-0.02305239962287803,0.0018313152201985445,0.016787451037651516,0.022129692759439008,0.02267295842157908,0.0,93
3W-FRI,erp,-0.032879780889994215,0.02376431215275626,-0.10187653666094101,-0.07904302602571862,-0.06510127334398896,-0.03880070737356595,0.01018837512348032,0.01827166018036989,0.01884410574580707,0.0,93
3W-FRI,pct_above_50dma,104.07370010196283,11.893004535668949,0.0,56.805806759810295,93.41014122051777,105.56059262103015,111.97266716933925,113.501962884728,114.11136145907375,0.0,93
3W-FRI,spy_flow_z_12p,-0.025453273909433582,0.9984851598158229,-2.0140974196090378,-1.9949160783024984,-1.7735345472381232,0.007322107601276096,1.6043431615023538,2.251550507464658,2.344775057475071,0.0,93
3W-FRI,hy_spread,0.013152688172043013,0.015305900874968584,0.0,0.0,0.0,0.0,0.0332,0.039508000000000106,0.044500000000000005,0.0,32
3W-FRI,hy_spread_chg_1p,-6.559139784946238e-05,0.0020830543009282064,-0.007800000000000008,-0.006584000000000003,-0.002600000000000005,0.0,0.002700000000000001,0.007328000000000103,0.012000000000000004,0.0,38
3W-FRI,hy_spread_z_12p,-0.1782611473300667,0.7028673028532484,-2.394942283310612,-2.2236108053937182,-1.5105752092922013,0.0,1.0661067439884258,2.29779566114922,2.7323173550332505,0.0,41
3W-FRI,cpi_chg_1p,0.0037844516352127447,0.002631510869333757,-0.00041829647960411886,-0.00024605827596715376,0.0003315826188146076,0.0030833512934780316,0.00948499623996324,0.011662072643260723,0.012561019986405686,0.0,63
3W-FRI,cpi_chg_12p,0.04475519835533686,0.020480173339297122,0.016698167791706853,0.020893825078664576,0.02381981462805549,0.033202055812236786,0.08462576727730098,0.08718781175366959,0.08979361103105798,0.0,63
3W-FRI,term_spread,0.001819032210736505,0.010434207575665854,-0.0156499981880188,-0.015387600421905515,-0.013799998760223392,0.0022300004959106418,0.017650000154972076,0.020572400689125067,0.020790000557899473,0.0,93
3W-FRI,tbill3m,0.032927419231223165,0.019515215825249215,8.000000379979611e-05,8.000000379979611e-05,0.00028000000864267347,0.041550002098083495,0.05252999782562256,0.05326880054473877,0.053480000495910646,0.0,80
