horizon,feature,n,mean,std,skew,kurtosis,p01,p99,max_abs_robust_z,share_abs_robust_z_gt_5
BME,mom6m,320,0.07015806453332335,0.12445652648106476,0.392118015952011,1.8236442986704509,-0.227278764141975,0.4649249374632218,4.479579776893303,0.0
BME,mom12m,320,0.16103253998009331,0.21056009542091622,0.5227582930624469,0.810970149405382,-0.25369372844042937,0.7434571963083327,4.036065620501681,0.0
BME,mom12m_skip1m,320,0.14735064625125013,0.20197980099141818,0.6283850731502653,1.2038524909686545,-0.26411544495006295,0.7169329299473309,4.469148385693623,0.0
BME,chmom,320,0.09087447544676998,0.1490985099718971,0.4715697619204405,0.665792563863957,-0.2280710290403837,0.4895219798759588,3.6561063831559015,0.0
BME,short_reversal_1m,320,-0.012156101755098155,0.05185264579325579,0.16927515452293082,-0.19433592545910283,-0.12264314859959724,0.10115516296803534,3.3058749423455414,0.0
BME,cs_mom_rank,320,0.6,0.28328569271860443,0.0,-1.3015564549729186,0.2,1.0,1.3489815189531902,0.0
BME,ma_signal,320,0.009390533583470563,0.031328647600277135,-0.5210169483043352,0.20813241228117318,-0.07025063630932928,0.07418335666718438,3.4863329636424933,0.0
BME,ma_regime,320,0.671875,0.47026596556619527,-0.7355666261517783,-1.4681570857822825,0.0,1.0,0.0,0.0
BME,trend_slope,320,0.10858425135736363,0.5990006136227366,0.23496320394503395,4.533115166959738,-1.7876045888925538,1.6223560791015568,8.898674764026275,0.025
BME,vol_1w,320,0.010916809270388444,0.004537422053916592,1.3208662329716927,2.84073086073733,0.004604452773384312,0.027090515357261813,5.281130542317122,0.003125
BME,vol_1m,320,0.011565101882202134,0.004509670216224771,1.1469100720045378,2.0693974087080917,0.005196830236281375,0.026720414151211347,4.958959246344438,0.0
BME,vol_3m,320,0.011823701921572964,0.004063980215611062,0.6862930512805321,0.16988352325786238,0.005721773150545314,0.02338462699601998,3.355235442513263,0.0
BME,vol_of_vol,320,0.0005249636748869956,0.0003359339968923328,3.074080701718271,12.391407209038892,0.0001728349404126731,0.001964495100706058,11.682191257876433,0.034375
BME,vol_z,320,0.014704483655523728,0.5356697980069255,0.440118394075012,-0.0717564198573295,-1.0657441521791247,1.3591277711997762,3.1753207526635228,0.0
BME,vol_accel,320,0.06673931172998564,0.06160803991666057,2.6546266868754964,10.913532172726763,-0.010976252340144344,0.3074894633916162,10.317660915437802,0.01875
BME,vol_ratio_1m_3m,320,-0.01716506507720982,0.17501777040742694,0.04527107106738122,0.8870968818246898,-0.4979662728170785,0.45846037465593176,3.4527127048731936,0.0
BME,downside_vol_1m,320,0.00655160289373639,0.0029311903598903018,1.371353707252532,2.762609371459815,0.0023758183045274033,0.0170249297007777,5.287713535261492,0.003125
BME,max_dd_3m,320,-0.11011536058744704,0.06733447339689264,-0.9995964469435243,0.19617630605127445,-0.29233115005175364,-0.026577699880295545,3.822872641909869,0.0
BME,max_dd_6m,320,-0.1510060627516625,0.08792871266979031,-0.9782621306256138,0.16215495753552656,-0.40755279766903696,-0.04115606301885927,4.159309287522584,0.0
BME,ret_skew,320,-0.04624069017239579,0.4720590987445218,0.4516153473492855,0.2247143699763252,-1.0168415674627318,1.1857367641269834,3.2081096378115705,0.0
BME,ret_kurt,320,0.901673183046503,1.896779491160879,2.612080720132528,7.816035453800591,-0.9202535738002788,8.452888864830994,10.635218693303493,0.053125
BME,ret_autocorr,320,-0.0533735156454185,0.16898119786245233,-0.04848566781477706,0.10590041902105796,-0.4708320853257891,0.3237978786315177,3.222817453617728,0.0
BME,vol_autocorr,320,0.9388262968028627,0.040576301069990925,-1.6084373329260837,3.4733704322892525,0.8046913197757677,0.9876129318582882,6.9252547724989695,0.00625
BME,ill_log,320,0.03406149579430329,0.05550830136785432,2.40782326654248,5.485191894666281,9.141044855690589e-05,0.24447037940313412,12.056076519533566,0.09375
BME,dolvol_log,320,44.721555374555976,2.1794830694503937,0.34122943400290384,-1.2631752534343077,41.343896617776025,48.46171758138408,1.7488640881020436,0.0
BME,turnover,320,0.006383724052856267,0.1269382690162569,0.3522329585094771,1.0555576102020936,-0.28053985653983976,0.3488285614055177,4.197378199491552,0.0
BME,sd_turn,320,0.366273602727891,0.1128920535868898,1.281918324869502,2.465846740289951,0.2083708204812691,0.6487536355555865,5.668281592478773,0.00625
BME,baspread,320,0.07362894362449812,0.027307639529825872,1.028572806339924,1.4265912640984757,0.03637821912384257,0.15675311748127588,4.332303971144269,0.0
BME,vix,320,19.004531294107437,4.993968885240672,0.981566144932779,0.29624828924313285,12.4399995803833,33.400001525878906,4.367087400189272,0.0
BME,vix_slope,320,0.11508734996699407,0.06938865298793803,-0.2759066732333363,-1.020741936539253,-0.022708419740380403,0.23950148007289185,1.883747641834696,0.0
BME,vix_ts_z_12p,320,0.08155310753611189,0.9787980667937939,-0.44014106378107176,-0.7238729197717828,-2.1618688676092583,2.21536709023892,2.2814872540502344,0.0
BME,spy_ret,320,-3.116831498210168e-05,0.011137078644132487,-0.08383582011530122,1.770858465857378,-0.037655756022568536,0.03101457778629879,4.631459731574385,0.0
BME,erp,320,-0.033070543498343805,0.019746967758455074,0.5243033821485499,-0.597500775833514,-0.06841791640589447,0.01612080795652411,3.296567906195448,0.0
BME,pct_above_50dma,320,102.14880248244296,18.894347410452472,-4.957716834536903,24.276361666577024,0.0,113.24755665194442,23.98476064256023,0.03125
BME,spy_flow_z_12p,320,0.0046997578307562664,1.0186553782824475,-0.095735735380977,-0.5520951103317184,-2.409715126255485,1.8927997967647525,2.146988973383097,0.0
BME,hy_spread,320,0.0071359375,0.013015777346489359,1.318483936322576,-0.15409538625502828,0.0,0.0394,0.0,0.0
BME,hy_spread_chg_1p,320,-2.3437499999999967e-05,0.0015445061082231292,0.13200110865391343,9.907363457391558,-0.0063,0.006799999999999997,0.0,0.0
BME,hy_spread_z_12p,320,-0.003740003813282397,0.473533498644706,2.6666621791478793,12.524775011730462,-1.1970765457343384,2.315050706130437,0.0,0.0
BME,cpi_chg_1p,320,0.0038088084184958702,0.002751626076513063,1.097101833314867,0.9702505757883317,-0.00041829647960411886,0.012561019986405686,4.5431367817373545,0.0
BME,cpi_chg_12p,320,0.04472429766512202,0.020656986939042235,0.842073943236238,-0.7095257934602479,0.016698167791706853,0.08979361103105798,4.898057812616015,0.0
BME,term_spread,320,0.001799062180143664,0.010306692314912992,0.07367139109561463,-1.1949725162305096,-0.01611000061035156,0.020790000557899473,1.2826492166720707,0.0
BME,tbill3m,320,0.0330393751833617,0.01942132332853237,-0.7826066521171263,-0.9823581458230479,3.0000000260770322e-05,0.05320000171661377,2.837606765197,0.0
BME,lag_y_excess_lead,320,0.00804026789112774,0.051902237427177464,-0.04321985474900299,-0.36554814911965483,-0.0994407013433722,0.11921459061608769,2.8031049948643525,0.0
BME,lag2_y_excess_lead,320,0.008469872387678861,0.05196877555235572,-0.05855085348696994,-0.37129334285461235,-0.0994407013433722,0.11921459061608769,2.821405468709719,0.0
3W-FRI,mom6m,465,0.06707684547863424,0.12661098349782002,0.3472234352238445,1.6606490749838474,-0.226389233030474,0.435676563293693,4.908102529725518,0.0
3W-FRI,mom12m,465,0.15803159205964304,0.21554825933326807,0.5649817511971247,0.9238171915756235,-0.27014884904973474,0.8223586233477153,3.9828508110631162,0.0
3W-FRI,mom12m_skip1m,465,0.14746833425755293,0.20479835937792162,0.7059424569820326,1.6699058875932429,-0.25943660428650117,0.7915089386111361,4.757541066618032,0.0
3W-FRI,chmom,465,0.09095474658100879,0.15205157548103437,0.4731435981366552,0.8103402567803233,-0.23141688386329812,0.540834570511898,3.9194993458398755,0.0
3W-FRI,short_reversal_1m,465,-0.009191993685333532,0.0559482928258088,0.09563277146893663,0.21958065205233668,-0.13947354651374738,0.1257844194479199,3.213637452401916,0.0
3W-FRI,cs_mom_rank,465,0.6,0.28314733583967105,0.0,-1.3010724336858244,0.2,1.0,1.3489815189531902,0.0
3W-FRI,ma_signal,465,0.009609612017954393,0.03163979658194613,-0.5075793363451847,0.2647248204797008,-0.07650496173645356,0.07702187188798662,3.3947931288207127,0.0
3W-FRI,ma_regime,465,0.6645161290322581,0.47266785954885976,-0.6991242519224935,-1.5177719314941738,0.0,1.0,0.0,0.0
3W-FRI,trend_slope,465,0.09945144451957988,0.5936055578861172,0.22901102845083207,5.441760650672148,-1.5311461371880095,1.67753227570769,8.721651369059801,0.010752688172043012
3W-FRI,vol_1w,465,0.010917137689240389,0.004765349801175624,1.6089627979825736,5.269388929334744,0.003881502832883513,0.027294404768912185,7.2530286770475,0.010752688172043012
3W-FRI,vol_1m,465,0.011571999461417126,0.00461718188662048,1.2325820830101792,2.48872408170407,0.005073149257650944,0.02705879226424992,5.545963481443448,0.002150537634408602
3W-FRI,vol_3m,465,0.011833322448683526,0.004094082391460602,0.6948548094114096,0.16679912398425056,0.005658136932611472,0.023302478744964095,3.366135063573279,0.0
3W-FRI,vol_of_vol,465,0.0005266322828387176,0.0003559898093142235,3.239196882728692,13.180105238751741,0.00017051480599698996,0.002288791712413202,11.513958723311307,0.034408602150537634
3W-FRI,vol_z,465,0.014809165380312716,0.5858367747860077,0.603050152777581,0.009316687067063789,-1.0449921714543957,1.5752525906814685,3.7539317642237786,0.0
3W-FRI,vol_accel,465,0.06707648432026866,0.07259544862448622,2.328561245473054,10.303435364659919,-0.04178303670933228,0.33949571977865733,11.893759460134751,0.017204301075268817
3W-FRI,vol_ratio_1m_3m,465,-0.017494224049315,0.1824356392637578,-0.04293269887746576,0.6089311779188797,-0.5097738456891274,0.4660175014995706,3.2316843404880977,0.0
3W-FRI,downside_vol_1m,465,0.006557556717795415,0.003011305677633083,1.3156544359618632,2.4517967151900737,0.002377110872551431,0.01739513402377205,5.594976109027839,0.004301075268817204
3W-FRI,max_dd_3m,465,-0.11026421965691996,0.06798300237268635,-1.003418626072312,0.2231557448236008,-0.28731904257634194,-0.0240347646828499,3.8604947107325436,0.0
3W-FRI,max_dd_6m,465,-0.15113464174377475,0.08824971315365722,-0.9800919645004385,0.15950493171678293,-0.4075527976690369,-0.040643642618576024,4.408073587722711,0.0
3W-FRI,ret_skew,465,-0.07360160413414829,0.5009380843404911,0.032478640343646295,1.344051633836806,-1.2507595177694133,1.1668130537542067,5.548919968143104,0.002150537634408602
3W-FRI,ret_kurt,465,0.9173675205935856,1.8879285808028652,2.5090704752773214,6.978290300621653,-0.8955318992930805,8.64522335192809,11.028331523346406,0.06236559139784946
3W-FRI,ret_autocorr,465,-0.05600109963924498,0.19396643072656305,-0.03521385602283466,-0.14319158289744083,-0.48665786557049506,0.37118932027904233,3.269371412975644,0.0
3W-FRI,vol_autocorr,465,0.9377828219880397,0.04535342673315795,-2.03093741996314,5.601764126609487,0.7795714376249927,0.986589572167185,8.315270168080458,0.017204301075268817
3W-FRI,ill_log,465,0.034135935332493685,0.05622195239064538,2.5032176530082024,6.332605172260116,9.409883123195343e-05,0.2331877517947255,16.00031878852831,0.09462365591397849
3W-FRI,dolvol_log,465,44.347945951880625,2.181613836290272,0.33691173243005784,-1.2569418120216713,41.04950093657021,48.1303860230439,1.7854707341878366,0.0
3W-FRI,turnover,465,0.006482414833470563,0.1613102820788644,0.5870671408525044,1.1067880247748891,-0.30885147078367126,0.4542698943749331,4.6030462492060025,0.0
3W-FRI,sd_turn,465,0.3663095541149305,0.11410434895548982,1.2371422969447077,2.1645438421481376,0.210433334535403,0.6901733301759748,5.572022946713618,0.004301075268817204
3W-FRI,baspread,465,0.0736553217363073,0.028097583863150078,1.1719901216069404,2.0609601302174654,0.035649453232666266,0.1617730555163066,4.937882049063024,0.0
3W-FRI,vix,465,19.31064526752759,5.705932960956027,1.5544853787348203,3.5680775790010117,12.198800354003906,37.68760147094743,6.215588154302203,0.010752688172043012
3W-FRI,vix_slope,465,0.12425164195909637,0.08081563012112836,-0.9125661932791016,1.900966253671243,-0.11909120642164331,0.2681967264651433,4.372820354988684,0.0
3W-FRI,vix_ts_z_12p,465,-0.014691239128527328,0.9917403091969735,-0.45476353060457964,-0.4791661533938836,-2.387450806981174,1.7194699028205995,2.6348392247866155,0.0
3W-FRI,spy_ret,465,4.7638341228945125e-05,0.01297744950505175,-1.481413052528964,4.227243977055485,-0.04581723629707257,0.022129692759439008,6.257854175014143,0.010752688172043012
3W-FRI,erp,465,-0.032879780889994215,0.02376431215275626,0.4041814539069782,-0.1928614324053024,-0.07904302602571862,0.01827166018036989,3.3261846826921335,0.0
3W-FRI,pct_above_50dma,465,104.07370010196283,11.893004535668949,-7.253854486070804,61.09000420009771,56.805806759810295,113.501962884728,23.189230106088825,0.010752688172043012
3W-FRI,spy_flow_z_12p,465,-0.025453273909433582,0.9984851598158229,0.1856822278328599,-0.5553522807182047,-1.9949160783024984,2.251550507464658,2.0693579995322624,0.0
3W-FRI,hy_spread,465,0.013152688172043013,0.015305900874968584,0.3498637552965754,-1.7716448866584829,0.0,0.039508000000000106,0.0,0.0
3W-FRI,hy_spread_chg_1p,465,-6.559139784946238e-05,0.0020830543009282064,1.3950626824074237,13.243534892038893,-0.006584000000000003,0.007328000000000103,0.0,0.0
3W-FRI,hy_spread_z_12p,465,-0.1782611473300667,0.7028673028532484,0.333511592973986,4.262405928893292,-2.2236108053937182,2.29779566114922,0.0,0.0
3W-FRI,cpi_chg_1p,465,0.0037844516352127447,0.002631510869333757,1.0207105250818003,0.8566346124422588,-0.00024605827596715376,0.011662072643260723,4.358669931773671,0.0
3W-FRI,cpi_chg_12p,465,0.04475519835533686,0.020480173339297122,0.835586492124495,-0.7493651620876194,0.020893825078664576,0.08718781175366959,5.148700013585097,0.010752688172043012
3W-FRI,term_spread,465,0.001819032210736505,0.010434207575665854,0.06634459355607032,-1.239021274101754,-0.015387600421905515,0.020572400689125067,1.2333546979707073,0.0
3W-FRI,tbill3m,465,0.032927419231223165,0.019515215825249215,-0.7623392565740867,-1.0194681315760512,8.000000379979611e-05,0.05326880054473877,2.6817967461488026,0.0
3W-FRI,lag_y_excess_lead,465,0.005190864218082171,0.04539191461501485,0.009210461273774105,0.3434387466219495,-0.10289094396541922,0.11561851089486866,3.836707847139972,0.0
3W-FRI,lag2_y_excess_lead,465,0.005540147072977294,0.045475622009210875,-0.006757610411598231,0.32418319956015607,-0.10289094396541922,0.11561851089486866,3.756790821181155,0.0
