SPY,MGK,VTV,IWM
-0.05958883510313714,-0.08112248825171076,-0.016433239264110014,-0.09363595046385577
0.02598576976965332,0.02183848545630942,0.045609090939782715,0.033897324297307824
-0.0019975845061854063,0.04022263217780769,-0.028992650817566305,-0.09044091423062169
-5.731629224070209e-05,-0.01390604883220558,-0.004047324031719639,-0.056761802381234856
-0.03000316810217664,-0.03361915115576919,-0.013289039883262816,-0.07204018356741315
-0.06090061402676407,-0.10264857375560174,-0.004884348552782074,-0.05060877655430113
0.006976191103960786,0.04133810800975038,-0.04051505133072279,-0.05846710576686418
-0.03917605869371746,-0.04787628104956149,0.005045749295958815,-0.00915983751084318
0.024749782081672493,0.003871063836224639,0.024083597669050685,0.0462336980484573
0.017758502824322425,0.015133917580711899,0.03692238144597067,0.0391038883343279
-0.07738962302694155,-0.055488104197810424,-0.05428244566382881,-0.11150719095711799
0.023698548925603385,-0.029049961135058443,0.052695369365171524,0.002162327682531842
-0.05689365900554676,-0.09624791800090549,-0.01972484332076316,-0.07457530186053951
0.010852515521413775,-0.018627179741016225,0.036566726831502194,0.023527843154494535
0.07005613782782523,0.06333948947105537,0.08973401465852622,0.098251035012016
-0.003032519959579358,-0.019583806696946603,0.037781999273928585,0.004662363000611527
-0.0007445261785387226,-0.013363960112533657,0.006295944642264438,-0.016667636681482637
0.03681270830202252,-0.026304629840446066,0.10835737041291753,0.10787817728639401
0.019632928967546016,0.035475757468913266,0.01687790236297589,-0.005761255527648048
0.04246710589814118,-0.023057514080348604,0.09270356120138361,0.08689699867730592
-0.020505938073449033,-0.03377894756668001,-0.00024870491671205065,-0.04867483611758946
-0.026996054551369886,0.028946965088990126,-0.06217983164221949,-0.11021242375943573
-0.05407340397784009,-0.08410739875145799,-0.030548639118902727,-0.07990352984740777
-0.008946497325899071,-0.05270745882977139,0.0005632266140066112,-0.06318564908857723
0.0009525434701648603,-0.0005844428066186444,0.0009291748306543331,-0.09766032301618596
-0.016479306725370495,-0.010251391417455423,-0.004844840288548157,-0.04514575393448832
0.006022904625861443,-0.03724963145452387,0.05502608031135478,0.057330438923149
-0.022306787505568595,-0.055957459343786826,0.05101616623579931,0.04288267521786485
-0.06421631579261444,-0.1402751067118332,0.02769178220557491,-0.004200950669878039
-0.010607053108293761,-0.01193858399503183,-0.0019184863457694015,-0.03633241908196143
-0.030585457660870487,-0.0073397330289245895,-0.051450391819427205,-0.11258023988697767
-0.02861753282228196,-0.05101922500951628,0.0020686692974701427,-0.008333191790130333
-0.032965246406274205,-0.10077825711313002,0.04788052910977374,0.04417067117267855
-0.007954738187714201,-0.05831742732737068,0.05518545090046299,0.051440289093091535
-0.03364554234603091,-0.0524933399306932,0.006894398946212319,-0.008999970711026815
0.04043180987389105,0.043096967810585196,0.048477077161548365,0.009398795076142573
-0.06196282177272918,-0.05185583404310758,-0.07937973093543026,-0.11181999257733297
0.014567715206771992,-0.024864524025296528,0.0252765562374773,0.001281732147662605
-0.006770017563679483,-0.01464913500167447,0.025386188792471613,-0.005613882915291794
0.03179501258745218,0.06284496623809445,0.01495144160853875,0.0036354787549991406
-0.022801107887773113,-0.05208428596605592,0.002976134638323304,-0.05277815111274236
-0.029748445812611927,-0.01144009161171302,-0.03173787014391684,-0.0811159714677557
-0.028847994776196234,-0.04723919448553542,0.011220334930138756,0.002445317461869663
0.051906140514691515,0.0043036476876458785,0.09183405827445372,0.07648552288729135
-0.054918457589268166,-0.062378474882834434,-0.0492097334893318,-0.07116269960818822
-0.03966574645821762,-0.05436447224287498,-0.03913179665739305,-0.060909310088074445
-0.04917529547965006,-0.039645944741678985,-0.05472962391261338,-0.07250428742075896
-0.007215957619826208,0.0099668569106943,0.003364907819903999,-0.061322552033250766
0.039277981958813275,0.01872124947824943,0.07671147850944178,0.03177140840443791
-0.008527603243221047,-0.06667573009039468,0.04001453209406824,0.015280696555523433
0.02584851052282751,-0.012941243082578529,0.03685436655750762,0.030182877831734838
-0.02239844152027981,-0.025193180359070436,-0.0096957798493148,-0.06579217290768735
-0.0529168916019276,-0.03201285078194335,-0.067001762565954,-0.14002959221011346
0.01825860352008496,0.020545180165420014,0.03233528809753354,-0.01623107840359659
-0.040118103074632296,-0.032064361187237496,-0.0413217201669783,-0.10272425195445342
-0.04407146741063881,-0.0356634110494862,-0.02189651821911794,-0.06729514569512401
0.010016528541556902,-0.02200426354963781,0.04528123197050811,0.004649347350086909
0.0214886659637009,0.06420751158390971,-0.02234054675103483,-0.04818620649292218
0.0005153631448125522,-0.030144019595585568,0.01098022466921708,-0.027556329844662972
-0.020005685597164837,-0.08368419431117775,0.02588986439154939,0.039306253269561844
-0.07614388276758,-0.1439627968796786,0.001224565881244425,-0.05215951266506448
0.030213736579922545,0.01033700520863405,0.08327727072422261,0.05613653373973852
0.01102738870269643,-0.015403224521799673,0.05182969581507649,0.06992737749469628
-0.06081181179994896,-0.07792119012809015,-0.02244580812160459,-0.06364461513777855
0.012790381946745524,0.0311883522119185,-0.0188168221642343,-0.051273833993674786
-0.06440730918318653,-0.15564857478810334,-0.009528692964758348,-0.04704139410115582
0.0009590086437113749,0.017442765218120014,-0.023023357508279624,-0.0761278820673533
0.005297298190220229,-0.03946580003110298,0.07015689839414842,0.047125802184743014
-0.05079101875332297,-0.06897005681824259,-0.020324388587975157,-0.061479406948866513
-0.0175209729633879,0.021884875652255997,-0.05795609182801624,-0.08648307358901161
-0.06367797550564512,-0.14936156468147793,0.021997205075078775,0.06794312198012913
0.027967732885778418,0.007179348437991964,0.07208924141258817,0.06196235626080704
-0.03269170173779102,-0.06160883013550864,-0.006879897445734889,-0.04459760022672445
-0.02584765449062372,-0.03374377904669055,-0.007568858193912745,-0.07906493208226152
-0.03958632679880339,-0.07003353191685724,0.006007702782946973,-0.02075015177516334
-0.05023762599140981,-0.10361639531840526,-0.03129823616373584,-0.06313305792800271
-0.03250269891853231,-0.09161452238492164,0.045072129627254404,7.950415722440124e-05
-0.022699752769175095,-0.013947870100901535,-0.012508403072937772,-0.07700793714926904
-0.02470511648149369,-0.07991187799915685,0.027583847049424917,-0.013019006098932534
-0.04169927029188223,-0.08530155381877633,-0.002679216135021957,-0.0806159510021526
-0.008610758434751257,-0.05688771455052069,0.010217205479000253,-0.0572984223909253
0.021168666370510056,0.0014733485696180049,0.02653034865211011,0.010922039461548162
-0.06886013250028,-0.13979262589707214,0.0065416911212962826,-0.08617642614434926
-0.07346974467906826,-0.06890468139115816,-0.052088055052850135,-0.12501970119455375
0.011815561296273808,-0.013678649851257892,0.035119314290151776,0.014942091227933718
0.026021454038902575,0.022102260457550017,0.03357623157479084,-0.0004670211903658565
-0.05919470413774302,-0.11018231431047912,0.011475966016844742,-0.038194086749974224
-0.024095483625801876,0.05723569962738029,-0.06331264526421827,-0.14728166351822547
-0.017326802254105798,-0.03876621684230402,0.009167482853012252,-0.04386898977433749
-0.005640704633472278,-0.0069074012872125355,0.016614627713107816,0.011120911462542259
0.03319715646285095,-0.023768744417201157,0.05944137987398258,0.07146606660729392
0.03696805883748757,0.009814599804123698,0.0653942720741978,0.040083210761037005
-0.05203388626461121,-0.11286745777849783,0.021888956363530603,-0.014108478201328085
-0.03577864902956093,0.0065695104060245965,-0.048717406796872934,-0.0650988007427735
-0.01926123889559694,-0.03893835916947441,0.0013778264850436619,0.015582701721052503
0.026584259672836015,-0.010967880329416129,0.05496334721066412,0.06442934959326453
-0.07189694184973539,-0.08264669712682712,-0.056217496280990556,-0.10887600547452506
-0.04796683082818615,-0.17671879860412,0.07711473301860486,0.06329922682311996
-0.0420048304092418,-0.0733190567982919,0.0006521619909051687,-0.026454545268541386
-0.007854142349330233,-0.10562121862794137,0.07267265080171051,0.06449615126443907
0.037521521106780704,-0.02247194852028523,0.05410355476315362,0.05641246332301034
0.03261210726081451,-0.0339225467698427,0.09979305072657,0.08756551221522513
0.004774352210349256,0.018114783728822782,0.026476449711799743,-0.01703212931717807
-0.04455835881700609,-0.07999939288581805,-0.024213363884738267,-0.05580498356091441
-0.12235559342307357,-0.19994606860999692,-0.048452890281255254,-0.13294047442743118
0.06441921780472791,0.010726815997023825,0.11584128481083554,0.09643354129057977
0.006131234300970382,-0.02374151015292405,0.016643925689324178,0.014848074074523324
-0.04961641016211974,-0.0888414448414116,0.004204156171429415,-0.03353787530402337
0.03793595806703086,0.012259776812470147,0.03312129391857316,-0.012816537255525793
0.08344257395819935,0.06344249445716477,0.09594446407263178,0.1338586075722893
0.030276690669895426,-0.03857920225400886,0.06388380333723766,0.043321677798962545
-0.048500645946452696,-0.028248936727009993,-0.03918907344138234,-0.07456889636416447
0.0141275924359373,-0.01419812998090713,0.029743048218331788,0.05165613257887977
-0.02766906884932264,-0.094782447766908,0.03296087566672362,-0.0013601829592698941
-0.03288272947583816,-0.04937207137032885,-0.03455908361286707,-0.05795546800440166
0.02346811799539645,-0.04349634221288269,0.07110343055142711,0.09532297393381159
-0.0058779578928084275,-0.030743582570787263,-0.011229830786022434,0.007317195798512019
0.01627168439299228,-0.018266938525579725,0.04666577314194645,0.09267607131978317
-0.03974922490768218,-0.05933829533425581,-0.036717417054935295,-0.11258993721340518
0.0006424106936682369,-0.010584043943158258,0.02661408728843171,0.018009205565965677
-0.052342695067714586,-0.07529459826241414,-0.03533238349095007,-0.052546615065188686
-0.0034949664099405593,0.020028161954617783,0.019672762054199055,-0.007037950836898288
-0.029964342845124906,-0.04985407777295505,0.012314272954329354,-0.004772558240229714
-0.04402091846522011,-0.1025377657334757,0.025747254380289582,0.0059220737516728315
-0.03610304346184568,-0.00853992725338737,-0.03876380836605768,-0.10342240790582152
-0.014370966233092896,-0.0067463004605467156,-0.00028513300919990985,-0.0436324488655542
0.05178433118779868,0.04436180166248546,0.09839562353506234,0.12579901510880642
0.01630753794239962,0.010861297410642817,-0.01691873504995729,-0.04767461453039579
0.0050089565382499725,-0.046646974931352406,0.06029646733305595,0.018570303063233054
-0.015394519171723518,0.007515139220210819,-0.002764092332526384,-0.029693004315141786
0.03572502431335633,0.03348800448345429,0.05733389862609549,0.013620387549585722
-0.0241080441899119,-0.005869035364228902,-0.04494173904867675,-0.1070715380335207
0.010613686857063988,-0.07607306215087789,0.08755019888950502,0.0672060324240247
0.0007267538896805464,-0.0641649842960589,0.07306147622435845,0.08826364721913037
0.08896068049634974,0.0906810800259525,0.07326047885664455,0.10894772969891894
-0.00034024666621859136,-0.027055742333379346,0.02272311501575063,0.0006346187615352168
-0.04688310832019621,-0.06623191628733642,-0.033751932442077054,-0.0753953915387903
-0.026959718918215074,-0.0582191432263604,0.015726263201276017,-0.0267865251596842
-0.042453804651215676,-0.09090403006171895,0.013822739345487053,0.015586559253328525
-0.020890455238846837,-0.016353046811227696,-0.007035503589902358,-0.04271646275361943
0.009349920050264205,0.060068957826589664,-0.03389219563005426,-0.0664918748721055
-0.07553454134521848,-0.07970735665676132,-0.06545510906182245,-0.09923913246213428
-0.011414730254190958,-0.0013626859167460703,0.0011656901889231033,-0.04481345346864318
0.015618982109337822,-0.009352430133654211,0.02805571796609549,0.020343281770866924
-0.1074426832778096,-0.15941746698782394,-0.06592398573214445,-0.14502339623857485
-0.023423790588233413,0.03190507101368038,-0.06799620392064652,-0.08637318333409018
-0.00719300535992364,-0.0749762390280038,0.05016150115273771,0.030008945311080233
0.0877618061450694,0.1268483730556526,0.0360521062361136,0.020480360072783206
0.0015057858521950237,-0.0038442288604027264,0.020964739313190255,-0.0029618406870259833
-0.019830138992647905,0.004597023806973299,-0.03624179936583494,-0.05035276284024373
0.0038350313722887563,0.036222214743805395,-0.030959713847754807,-0.12237384230381311
-0.04564551310525941,-0.08122082483727847,0.014475615504015379,-0.029777549442971812
-0.06646506471192344,-0.09759615242549952,-0.019575106735582406,-0.08017225083459445
-0.004484250977409,-0.0688140309377048,0.08103988912955744,0.05902755531579616
-0.013745995531873452,0.01789578179985441,-0.020789964194212317,-0.10073001118015719
-0.002381726872266064,-0.1266555033337397,0.0947456192304574,0.07684981651266141
-0.04819023703182225,-0.07969448902682635,-0.00892298320537949,-0.05591522210642801
0.05268063938917207,0.0013543549289904491,0.12010124917506482,0.13281452401853644
-0.05873664495455945,-0.08477622157173915,-0.013262949236932123,-0.030188526365798846
-0.04807807640018565,-0.053820544997999445,-0.03333588458038304,-0.08930376472965372
0.02798558884151675,0.03341687263329181,0.017894925725199472,0.01488339824379907
-0.011230768193016074,-0.005694202912715593,0.0009928522852574347,-0.08850680556347928
-0.10326427664824976,-0.1606167572816926,-0.0703001754684441,-0.11152179141768095
0.015180585161022228,-0.011683379096622565,0.0057153884476832395,0.0042650987890034756
-0.00652166916604597,3.3237736143318375e-06,0.005733741626258441,-0.009070783562906293
-0.034718613987080024,-0.08044074322118662,0.004812573492908584,-0.03503550667279376
0.0014043515439648557,-0.04619531527189216,0.03622238834716439,0.03893349742002008
0.01607941420642936,0.032653883945820014,0.027693686984207037,-0.0023284536207158844
-0.015570928430664257,-0.03422562976824068,-0.012212888217570186,-0.05284167984419533
-0.030125768702423728,-0.04079444147357863,0.020849405485868076,-2.0647336083749745e-07
-0.050232391046320594,-0.016761212030881448,-0.05693932114457172,-0.1059132622771742
0.0034659909260559302,-0.0073888718564848015,0.02087387313750298,0.015329732763704518
-0.03709347939026081,-0.03532754286407043,0.008483617222748641,-0.007069279674395372
-0.010468616198699515,-0.04156750441929608,0.020677934926457715,0.0181380853498914
-0.04318894503137433,-0.06660479410662448,0.007079557447057809,-0.051883326538446135
0.05358901700922997,0.07274024245909301,0.03797564270529076,0.06523274337292832
-0.05174696072939884,-0.11435961520116898,-0.004826166130823026,-0.03842752992158256
0.01694053675436881,0.012471212269184566,-0.007056511831480802,-0.05629856342713466
-0.02511887362946702,-0.043331132080800666,0.0410163401286133,-0.050741722402271094
-0.02211470885057627,-0.08034123280256991,0.04863664267387276,0.046222638929264585
-0.09732799913044785,-0.1124120211941028,-0.054975667297701494,-0.09350097258997069
-0.0703854273135233,-0.1417977968637069,0.007472094943433382,-0.05584687100780099
-0.10497226564149212,-0.11964984046941536,-0.06399387974562931,-0.13731359856745723
-0.06364208789445612,-0.09986920455312082,-0.023213148193200177,-0.12808713585911533
-0.03718897466137843,-0.05577634447524234,0.008895424386908504,-0.011631231626406854
0.0017293537962606107,-0.01604654796198871,0.049253473656598754,0.07015455614966497
-0.029395551305595145,-0.065598854790323,0.027041634749411826,-0.031696182827323
-0.06868425446857708,-0.04478344849362679,-0.08760028531271492,-0.10620729644711904
-0.04135760089055797,-0.04944862867430891,-0.039830787061932285,-0.07870917346939577
-0.009923646593179854,-0.06298985514108552,0.05351554646331576,0.06029662278072534
-0.04669761106918837,-0.0517452191751303,-0.04581490862886836,-0.08797199877427811
-0.04822412800841393,-0.10757282192569027,0.0004916763091412334,-0.027712271053033324
-0.07497305792099952,-0.11404816214618507,-0.02321059426936097,-0.05153055490151267
-0.046607192515913186,-0.04284663248157208,-0.05678261817385516,-0.10589434591606613
-0.044316361518297785,-0.10034315139619916,0.01562057741721994,-0.0021571144622166555
-0.03391611054493468,-0.09229672351555712,0.030436845566363228,0.00048705857917393826
-0.03791504756161377,0.0361150828902367,-0.10402853322997199,-0.13002764078208062
0.002990649048343697,0.026145261185334515,-0.0015385752166321154,-0.029111820937495796
0.0712952628799491,0.09963892815491994,0.08330480698597384,0.08691116928228736
0.016801524427994707,-0.030282283949820493,0.05519411110136287,0.0010999626397176672
-0.03862382575869306,-0.06592046175165564,0.019374348682865042,-0.020704259733336665
-0.037408687750109554,-0.07088397187220746,0.015877663784353565,-0.0245401657908472
0.03052337822560041,0.02130661799981725,0.022990606255220827,0.030196193791730268
-0.056724235285771786,-0.09075091079175743,-0.019606597739339777,-0.0620925984159555
0.0152287774802945,0.03206743025266193,0.008944246227208975,-0.026920930805915885
-0.012811103740245843,-0.04204370572483647,0.023042419682480594,0.0045690255296495785
-0.030765723519842157,-0.0778343746638676,0.03365570148605963,-0.00040560516720741444
-0.0816867702474522,-0.1368971976749359,-0.020944696788141853,-0.057652824053159545
-0.005866644099355729,-0.04491480838113577,0.04642742139878869,0.05037546085281232
0.03048622235464158,0.004544858283246023,0.05866206363869968,0.02867834425825526
-0.06811639619756873,-0.04559417599373486,-0.08541808853772523,-0.14441266508238076
-0.002915310185646525,-0.03183916310061646,0.011288803050095194,-0.023408641802276094
0.0015903480294737465,-0.013335476567438963,0.001163419680382024,-0.042144276604905564
-0.04536969381825081,-0.0485521607244903,-0.0465878740609697,-0.0956782421448324
-0.013103760112125069,-0.08555133564939485,0.05262502300450381,0.022412828667277437
-0.016138566688472918,-0.033133994822513724,0.010264474353026829,-0.0027020458170089693
-0.013927297719901848,-0.03142205301890993,0.025559903062352757,0.013159828937517819
-0.06296859643637336,0.007306317619841483,-0.12818526857680673,-0.16659360997363387
0.015418260738599721,0.023535797426498105,0.0436197518840019,0.024891518659312564
0.025946631089348186,0.005576056198938632,0.04522652735939002,0.04432722241170579
-0.037775241852277285,-0.10688320934986252,0.028128673784836446,0.03320836410181777
0.07741697616649314,0.009632840950595883,0.15034828245752796,0.14801816318120453
-0.04569550370419536,-0.09281855903541267,-0.007933265421934406,-0.026018589999813817
0.03260249105167932,0.013757232296955114,0.06796033545159001,0.05035103971824921
-0.031318637288951665,-0.08208091290680639,0.02361598045514451,-0.03410611022436727
-0.006534228064290461,-0.06863645767485449,0.03917358853279735,-0.01690335982950808
0.005609999056249862,-0.035668723784275595,0.03805337241615178,0.002116346396842054
-0.05668892511128187,-0.07872745944614043,-0.016215522623757694,-0.07498255511347382
-0.011060764810658348,-0.029312777174543614,-0.008066031186810277,-0.0157665372168106
-0.01639316930622082,0.02183251637839259,-0.047755466503506816,-0.0799192591644166
0.023022208286813214,-0.0691604176860453,0.09477287449732012,0.06256559571012205
-0.1025904908646253,-0.11929220465754845,-0.07087882019205541,-0.13106291395261627
0.07628850364682803,0.06457843408655026,0.0816495689587029,0.024931914493562392
0.015475382836909244,0.02342213886864173,0.006650162136541171,-0.013126985414814893
-0.026054238646164792,-0.010241542186853508,-0.049884071882725145,-0.07432470049033311
-0.044809737352768865,0.011683693772077647,-0.10136455608177637,-0.13844164976083426
-0.01991391228598621,-0.009458843645371001,-0.007883271815493722,-0.026557131899180807
0.014430084024190321,0.03528007708630934,0.030780766506718266,-0.010735042747145589
-0.10659943806426729,-0.09389373560150685,-0.055099683959134546,-0.12056162443342933
-0.011700030415568469,-0.11653438485838641,0.09713404864602629,0.0663118874061054
0.04848909828456317,-0.013732866384276187,0.08209443255913677,0.06813704462336422
0.004931858748448649,-0.028751152733906753,0.0522661835646336,0.03321788186465863
-0.02005749571180801,-0.03363483447292717,0.04366818759934374,-0.009734886153630508
-0.05100349884682201,-0.12538535821063407,0.0008470711612211575,-0.03215984176324485
-0.04659715809137455,-0.0363634812719079,-0.02787842278921129,-0.05995530570538722
0.08218703082167746,0.034923938535979665,0.11362550888795583,0.11344133411007333
-0.02506962082358934,-0.016914234388883048,-0.015437280212868422,-0.03759781388363573
-0.043017633091837294,-0.06986385551903784,-0.037701643768070364,-0.08883659103231491
-0.0042938981607221725,-0.04122551278852135,0.05236705089028024,0.07337666536159268
0.01860216455691885,0.027953784920445382,0.007828832015788077,-0.06963838763703073
0.017729425160483828,-0.046536491464641214,0.06252983358206232,0.03231996606468734
0.004916655756701161,-0.025402490053254345,0.04596542410825209,0.018065011845999054
0.005958647184052325,-0.048889037165312774,0.05738668301633007,0.08681819152479252
-0.06682100524885613,-0.10204948238816115,-0.03504089118783224,-0.07707548331651443
-0.019794039713476277,-0.02655129953717247,-0.03623690456580464,-0.06259268886769764
0.026350763663665233,-0.03299950495133324,0.04495096353167234,0.04408639038020092
-0.048832528667901866,-0.07699398561718454,-0.01293722680875398,-0.025612366271181734
-0.01988332241355042,-0.06962683754538718,0.0004903353339587753,-0.014579792894539235
-0.015044384354524105,-0.027931373107300636,0.03696649653269979,0.03617522360478899
0.00018848929173908083,-0.008362195591362639,0.024483152095248602,0.01722344341071875
0.0012650770086122098,0.006835597074393546,0.010828760649425877,-0.07883555606952534
-0.045133776226262814,-0.04394207002633038,-0.0022970091451356006,-0.05500437191633445
0.002947447743142888,-0.08251299925194133,0.056773599791899707,0.02572972465805605
-0.002505209621373721,0.01686144838482631,-0.04845912676369843,-0.06342459036149613
-0.01201493575813068,-0.07149147761435845,0.05398239675941441,0.03503993212547938
-0.006541337545702814,0.03174402059164934,-0.035165534798089815,-0.023465861320922925
-0.08887913300891996,-0.12389596469448937,-0.024968896120642885,-0.08897812312947884
-0.027114353432205848,-0.06542408702622979,0.01862097067861057,-0.01853727313843695
-0.05792250347928068,-0.057494498174648634,-0.05095215694207411,-0.09974486433276766
-0.05962266468016452,-0.1435632561608599,0.004242069816546233,0.015313915731207259
-0.03282820442645706,-0.11499331218530534,0.04503272197322242,0.020648892871736553
0.06782448237421408,0.03229506981190301,0.12328942467046894,0.17047639910348855
0.009820651300132105,-0.007266184179685262,0.07388884223430821,0.06801914738825497
-0.04506289293426476,-0.038850910054205136,-0.03062290282778538,-0.10969125265097757
-0.0454968065685011,-0.03574008495706479,-0.04440306412756753,-0.07760815954312902
0.012240437204812276,-0.015858906884709735,0.029438098498342384,0.026204020695052434
-0.00522183479062632,-0.031235458225178148,0.02974541456813514,0.06371410836947847
0.018013870455467873,-0.05865123968649935,0.08519933257902033,0.05979918209433817
-0.023434986542871957,-0.04330751672352303,0.00919610979388279,-0.03370429900222542
-0.048854210683769,-0.0677898424752054,0.011222517542938692,-0.033554740721451606
0.011769547216502979,-0.032212618387381965,0.04686956238774133,0.019067023450239376
-0.08695594639155174,-0.1338191018062051,-0.026277034147975217,-0.07622974205436592
-0.02293618110995644,-0.015155092459714858,-0.031012753539619613,-0.08890761500447561
0.0005885449815557862,-0.004422791923821785,-0.0012916939406574287,-0.03805023833947206
0.012402214121418334,0.026386941935086144,0.018575224614172717,-0.0004581846844598659
-0.024443007000612985,-0.08528144411576163,0.01791575409109676,-0.022771253263485003
-0.05411804781756945,0.006483210435701256,-0.094790921939358,-0.15771364015237788
0.0040735629246816275,0.026426373223654702,-0.0222444574244581,-0.04771396946860299
0.0001940666422842567,-0.02327400524923803,0.06446455469407014,0.06356432240203563
0.015405632484425667,0.04761404081028055,-0.012396779009281215,-0.0019720690233775637
0.0032706067453157784,-0.05554699990084516,0.0575935961794152,0.05933782223508459
0.04532357152052378,0.028347591405839354,0.09287840478968917,0.1104713561251399
-0.0030993764599802683,0.023818091789146026,-0.03475290621360601,-0.06397958530543105
-0.005467765332806996,-0.031145430361535352,0.02992744103207357,0.012122146514477999
0.04721718134243541,0.022687217736084113,0.0884844117709436,0.06017790822135359
-0.040153369698861865,-0.03495911082662026,-0.06385539022957469,-0.08767220958395397
-0.06597613174439465,-0.022120049225975123,-0.057902892529492905,-0.11785199435286058
-0.10648244961476057,-0.1688662957167415,-0.044769268775328566,-0.10033137552611732
-0.006881485514058546,0.02388969615615543,-0.0389338964708988,-0.10420903697837426
-0.03474862161430738,-0.04382416451690697,-0.03410375324602223,-0.0541933536030613
0.02935213471687393,-0.0062019867973307115,0.04568191364218854,0.015239003757112048
-0.05999112289015716,-0.1041408792578982,0.007313836618202415,-0.03166442888318069
-0.0443616273924832,-0.11547491009658467,0.0031049531348450767,-0.025354348991948276
0.08323987081623518,0.0866838896817299,0.06477342275797952,0.05841500546865655
-0.03635186895655876,-0.06598295584300129,-0.002264840385913243,-0.02781079364070759
0.04093715094925044,0.013139390136114315,0.08953571883501048,0.08841430029669445
-0.0013166851496292428,0.000573568899944768,0.0021930240461670598,-0.00011118925337794995
-0.02638793061093296,-0.05003195502614756,0.02548064169836088,-0.021501043199059766
-0.020217196117238087,-0.07533347806332316,0.03626920682937394,0.030241657690946916
-0.058000463451580574,-0.01713174407090905,-0.06395292536434433,-0.14831868897228184
0.02052803496316582,0.01476914185161659,0.05699806073727186,0.03816829867414094
-0.019244910509996185,-0.087683223320007,0.03683366148026225,0.007271240399519513
0.002480360598037251,-0.029919087174761525,0.02979270250794921,-0.02809656807517323
0.016292358680305034,0.01969876208724205,0.028079579554487644,0.045623610871830304
-0.024330981564247164,-0.0839815220741294,0.05801831203142144,0.045644498273689424
0.05592505554972403,0.05994434007329587,0.04001331663445378,0.019482785075089035
0.008672070732079267,-0.07749741680830885,0.06584211085802127,0.02368368085072431
-0.013220761338897841,-0.035517026685741006,0.03825633831207988,0.014720074435004612
0.05458580906602417,0.024920160061034508,0.06459248306469892,0.09131292396428618
0.03214502808831026,0.05702937909248412,-0.01962995283258868,-0.025711551233506446
-0.04738983715224206,-0.018932103485419786,-0.07143464453468239,-0.1307644894193427
0.06929642148122636,0.028714093480871478,0.11968473052408532,0.1232628635500526
-0.028053689096364798,-0.07456168893065757,0.04132313787606712,-0.035907340537274984
-0.013561217450325597,-0.03546780177687252,0.019982427570771333,0.0003067373413430073
-0.036846532580793755,-0.10114978901208188,-0.0017693365622864828,-0.04802542595160685
0.010057933206622882,0.06088285840362391,0.00294009101113173,-0.011678261291105073
-0.06629535633440334,-0.06694885736450891,-0.049376651963883245,-0.11035637864308712
0.028634019513352864,-0.05088528923217134,0.10278663644855421,0.07510256943379935
-0.10753437520315104,-0.17783204498386185,-0.035061977298215585,-0.08007151772529089
-0.018492015964293604,-0.08138611116717065,0.023813762556756986,0.009370056459847745
0.027033487531044058,0.021947491832147538,0.008166033431838941,-0.030177122346954313
0.02170327377697987,0.07532015974761427,-0.014105003462586245,-0.04820395914013703
0.008635004443034647,-0.0825449378549643,0.09494998839479792,0.09072269650856506
-0.01604229598036764,-0.03677292611822558,0.03775448938877603,-0.029616057097593535
-0.07152625259410716,-0.13459129388103785,-0.014646583641262232,-0.04088938868281432
0.007047857846872318,0.032981418222351136,-0.02377593129311126,-0.048758173708831114
0.03433649203074937,0.01053705948439819,0.05655846155232666,0.07516458287300656
0.061085540538880975,0.0797437708160543,0.04798901591294656,0.054839659346476
0.011148255158745362,0.01971469656202883,0.014583326641145297,0.031979325525375156
-0.00864592367144496,-0.009674984155578145,0.003181581882458793,-0.036072869144101335
-0.04572312703451735,-0.0682116269784167,-0.045435103171140134,-0.08356988813922243
0.0031425824213118913,0.01987015757309072,0.007718491880470744,-0.022958579591201293
-0.0022458153575209954,-0.011923876365253609,0.00877190978824021,-0.0015873464542360948
-0.0005393239347842235,0.01968342296016002,-0.00845653257147732,-0.037509171235271824
0.008108288943350571,-0.02530561351317563,0.029507065547414026,-0.0091563649712235
-0.06336260409568158,-0.021363557327566153,-0.0860140463658581,-0.10825006136973532
-0.0178617770670741,-0.03657337993491784,0.01569131432839113,-0.009905869920694924
-0.01515700224858696,-0.10939219479866139,0.07561871797591305,0.033951702996667714
-0.06354007448296282,-0.1017150957192105,-0.0066785197102017906,-0.06835801555040984
0.001096541574145968,-0.002662983862727869,0.00798657122060951,-0.03644270018431416
-0.025792853519964545,-0.059194883819195895,-0.032555480117952076,-0.038091268055797683
0.02543964333310029,0.07744212529820617,-0.014972191970131093,-0.03157812417321632
-0.10245382897888292,-0.06575050037571871,-0.12484903941016319,-0.20212540438049148
-0.02604826349421526,-0.038568247346820975,-0.017651596183161637,-0.053646574078622146
-0.044227529902874776,-0.07063355807690395,-0.007842310296288388,0.00023273824958369368
0.027081866067719618,0.03622319947020547,0.0473876022369296,0.04499820592201253
-0.009520927720692744,0.006050696310347582,-0.03458744158692846,-0.09621142484812997
-0.057123533603403255,-0.08535381696469582,-0.015090832907082772,-0.07621572206702265
0.01938904580632326,0.027358584226875086,0.011800992567733941,0.020704183598941633
0.05831290704586618,0.015891686143314224,0.09265595414958286,0.09367555621982197
-0.03017355759957875,-0.11223898969472061,0.02917372520265634,0.027073514895757975
0.07082065696515462,0.06626179593382242,0.05892535929214292,0.07705144030748781
-0.050940387356641824,-0.06846508445116589,-0.0407721867180879,-0.0734143045989184
-0.021886811882816486,-0.018709670358958968,-0.009832819466572319,-0.02048147443811954
-0.022020532587314727,-0.01883418917556995,-0.024858052710971894,-0.017619594036519116
-0.044798964314147226,-0.028367197778331892,-0.07138557899861715,-0.10155966155692507
-0.022556669455924903,0.0037984781217091507,-0.02652515942585396,-0.06379021174475874
-0.016299754803368954,-0.10831073873797165,0.04829230774803542,0.06818454402979282
0.061346731129934814,0.039022915241772385,0.08609628292720192,0.11677121490082658
-0.02343019976866488,-0.06854087660024653,0.07645300584915755,0.03422069544176716
-0.00035858260485835923,-0.053982366056888734,0.05295818760931374,0.028529358615567477
-0.04683245335664774,-0.023610478433931548,-0.06522939223006978,-0.10983893075884878
-0.006752464709257017,-0.04576292858690897,0.03498488924136778,-0.01937021841956909
-0.04745418098458312,-0.08910476233161013,-0.03716591729585343,-0.049499492644513796
-0.01876343250559273,-0.01028609554116761,-0.01395135961661708,-0.0392492152764669
-0.011106885643460499,-0.04572359523569165,0.06158930633839414,0.055168850021133364
-0.010046861279001127,-0.006840665201652923,0.03335540157397349,0.007563977083895362
-0.036080463412963636,-0.1487308522350953,0.11014082780265697,0.046136593268173855
-0.0657564723800184,-0.09622659166970725,-0.031323018460177224,-0.11612368712640718
-0.06133604815693036,-0.11758968491220094,0.0025468934798042395,-0.07071423197917126
-0.0666429992199829,-0.06939317885435169,-0.05244918839443606,-0.07645445445377202
-0.016128246591764105,-0.11438753558368656,0.07926117721728132,0.038602873063852905
0.003149619480213044,-0.05442449410666557,0.057039541981406636,0.03495746628892956
0.034414703046429414,-0.013117436572133889,0.06493796367406424,0.03958984479187574
0.034963173983733574,-0.05463620187757697,0.10046744407421386,0.07454482528014951
-0.02661690207771379,-0.012260683842319431,-0.05077834181108777,-0.07393992682997101
-0.03365738978873934,-0.07886538722670827,0.04024813426811546,-0.003190225939425497
-0.021574113833190384,-0.030215752053882973,0.0065844072239334755,-0.02779007547859004
-0.06673652315686157,-0.07357319793239525,-0.04770591041468465,-0.09343252091609801
0.0036345266569706627,-0.0858302863423977,0.10419938869897749,0.07521564551550362
0.0059152341518985355,-0.018368168224565714,0.049853223806944805,0.03243683511455042
0.04132171216462886,0.017337060137086267,0.048934165083059616,0.0305195056929543
0.004628504438415072,-0.06656060238124138,0.08079623644962494,0.02531890649017795
-0.00782806964496884,0.051556060753792474,-0.02008185925804838,-0.08984456123879135
-0.06790582874635857,-0.15019654692131362,0.003239996655356618,-0.04382745373656949
-0.058460799137529565,-0.09529644669169782,0.0011023053811715713,-0.037423712542325384
0.002772598206872076,0.026951519669794345,0.006105055552951686,0.002592267768616128
-0.04361851114064861,-0.07473804441755302,-0.00247440511137674,-0.0023995383089504465
0.007195843843936027,-0.03141617493838235,0.05692872098628905,0.04012088582480044
0.022022014933685462,0.02054789284269193,0.040201701561789246,0.029385687374509896
-0.00023498074131813977,0.007197002501224833,0.010374898732851447,-0.04796131406509392
0.01769203670458254,-0.04694768814302658,0.1092873536127056,0.10226288742545861
0.0369043092472617,0.03594071751680879,0.02403843529626576,0.05812297786175799
-0.06508670638387286,-0.1065410970229333,-0.03784560879278709,-0.15287025897963458
-0.025951930290552226,-0.021744913938963197,0.0014060410318649484,-0.04715091828632426
-0.07643134134821349,-0.1101044658703347,-0.053627278406896364,-0.07295336673195091
0.005995892122559984,0.0295117377366194,0.015939428752762535,-0.07684760628725482
-0.024437316390573043,-0.06484174434809885,0.023081808321390507,-0.05423674385366685
0.016346220933455273,0.0434434768568846,-0.002459906411921186,-0.01216313340811864
0.05314622943990824,0.0821420707872527,0.057777430907273344,0.12704307463104986
-0.025436413162746342,-0.1568923616603889,0.0882636466347898,0.09238909758174932
0.016477131563712513,-0.031717177750552286,0.05606403344916218,0.025459813247355904
-0.03997501732766212,0.01222868428809877,-0.08944092876395146,-0.11056102886514257
-0.065581293322729,-0.08323545848896505,-0.06597736463175029,-0.11898040143723293
-0.02654252013806581,-0.11731092851415362,0.03733301154214901,0.04390550845314042
-0.08319959602191497,-0.08254036956822886,-0.06920217781061189,-0.13453956509706114
0.024929167552684782,0.08845982681351545,-0.009268080428624467,-0.006903106950685715
-0.02233070773591558,-0.0851031394188877,0.05213791437407621,0.012279129632691566
-0.0705281856436546,-0.10049727852689715,-0.03564143660896038,-0.08024855830358636
-0.006172153607675169,-0.04530299534596476,0.014302284014166828,-0.017085535178796744
-0.06649090278456063,-0.11664929609159187,-0.025272534572433555,-0.07298891115015128
-0.05603460777016712,-0.039498065134252636,-0.028447950110964636,-0.054644122374899046
-0.025201208863722336,-0.04008134580987321,0.002675064929906894,-0.06633760197284752
-0.01598524636899939,-0.06216927703907864,0.02947676813443657,0.011164413831968333
0.06436107570568729,0.10300387430220163,0.034246850577365845,0.06129189631486766
0.027436907016021736,-0.0006848218817416957,0.06908280646199721,0.04340954636817102
-0.009521322616188457,-0.013368065821961296,-0.003730892044374833,-0.01052679643932022
-0.02978716868025244,-0.05514521613533336,0.02060667399620215,0.0004819953733456103
-0.015009386593000482,-0.019682613479381668,0.0006689489911854123,-0.032840885970049055
0.0018260744668843008,0.05542298133622009,-0.014426944639125954,0.021708711998069112
-0.015344834611099149,0.00027886538086717427,-0.016692518785167348,-0.029053900067460465
-0.05421299333319098,-0.09790797880269607,-0.010088839816373932,-0.08051287115216757
-0.03611413466208401,-0.026754802565277715,-0.03647107926263532,-0.09028874829476143
-0.033016156310020146,-0.046662192498770426,-0.017081934928210845,-0.07287523616087692
-0.018189419425238867,-0.05213420489803224,0.02344095859196256,0.006796681154489798
-0.0003076285506210634,-0.004421387432652954,0.03962128681801316,0.00897540436818265
-0.00799661722486896,-0.07260133899395824,0.026138287382095792,0.021097871111508744
-0.010076464427278112,-0.02986338509973042,0.041676177919291305,0.029648991274172934
0.011197580352805636,-0.002001949092900669,0.001330924075919275,-0.05679136496380488
-0.02575507523075803,-0.10552897825165504,0.03723664166136887,-0.008363656810318164
-0.024875055189457613,-0.08581406424157786,0.025894959799172834,-0.018596882749618834
-0.01648552705665332,-0.034477649418249975,-0.03068267330109706,-0.05174933330330203
-0.09255888730944688,-0.12827241817008866,-0.0772322763183806,-0.1323853970516239
-0.017522444563989496,-0.04833767623747983,0.004969886959679521,-0.04745659061918351
-0.01563219751626791,0.010979018588578339,-0.011539582031739569,-0.05974050864724964
-0.012523583982082928,-0.058079786905960606,0.016559307800806382,-0.05024441249592863
0.016803672519014122,2.0635219330975008e-05,0.03288665738635246,0.02173283341898024
-0.013132950531880301,-0.03247867480018685,-0.0014130803070378402,-0.0419661044278138
-0.03942722367610265,-0.08345955370647644,-0.0100937161965691,-0.06454375003975604
-0.011324683142553157,0.016732824848960735,-0.03248649421038355,-0.054438857916570056
-0.02576095218175875,-0.03764176265780698,0.018071317222650693,-0.0021317051791955467
0.058539227995227885,0.023987172416084557,0.08440855165475297,0.06493287837298815
0.006771677989182731,0.029151819772646803,-0.004360253173752854,-0.0019646921035674815
0.040880319197318334,0.01159465465321912,0.07741903069120129,0.02351273157938351
-0.008434608952830429,0.008387339946075552,0.012357465155676664,-0.03351034222077471
-0.036700036629013444,-0.07934594317301788,0.010934943977372207,-0.010374341535746852
-0.04638142140173818,-0.12696281693411218,0.01102228114739159,-0.02592736023526967
0.02757243460380262,0.024164754603689456,0.0399185648098037,0.0123424039351482
-0.0008319853784699224,-0.06066173485523985,0.07072684282014141,0.10765792166310505
-0.016592646451304753,-0.0369466442514354,0.002172378228050458,-0.025542825750628516
0.09115630504188045,0.15870080301262746,0.046844724246778394,0.012971931470186139
0.034907756630797246,-0.0016641448445261359,0.04545595833357664,0.06567796504142542
-0.029517488698404974,-0.03081583911209252,-0.06267471598614768,-0.09932961546040328
-0.02830792509066357,-0.02328738418949253,-0.019894427869793552,-0.025986054209770876
-0.013143673780650471,-0.12377645650409246,0.0718089487629443,0.024245262539159672
0.01337558293422302,0.0540348066659944,-0.012655208541426002,-0.08710941754275539
-0.0618366361906761,-0.0613089127770341,-0.06945072653970026,-0.11118413769230706
-0.01741848243485765,-0.02703713849174192,-0.017185374208076094,-0.07360456031438936
-0.04417011571925651,-0.09827036411734076,-0.0018209035556138748,-0.02749283111213215
-0.030164033323004512,-0.04030676238633591,-0.021231503902531288,-0.08583034022950094
-0.012481859924760655,-0.03600392131853573,0.03559273715777973,0.017105186022614217
0.01973605538401723,0.05566558021621518,-0.035828289771008326,-0.0006262909179822439
0.00551838854861334,-0.042612772064592665,0.09060625029507,0.06048275149761363
-0.013506584040497082,-0.05459201052035528,-0.018919586696926286,-0.07445195068906559
-0.026989337260869516,-0.009764766142999592,-0.06385703407798218,-0.17516830220321866
0.007886251555588706,0.013481363805051022,0.008849398899244718,-0.007813507874716907
-0.01699186488672285,-0.04993606313756557,0.020642975508551417,-0.040493640717474945
-0.0993358944446443,-0.13150583222906898,-0.07066033758971574,-0.15690902041144705
-0.02762844828673047,-0.07549828473346036,0.009769487542126372,-0.019116509925804444
-0.015023448936504263,-0.0019819715467780594,-0.02833140126479711,-0.01672889488103684
0.018546279304138345,0.011483635257670412,0.052429057886870495,0.03861697701431547
-0.025108470034066015,-0.08021023968020513,0.02150370078798297,0.004020342120120628
-0.00595572685253591,-0.032692805323533525,-7.72356629697938e-05,0.029168453529574465
-0.006340518499833186,-0.01945809183982218,0.03570974299647748,-0.02302475198105728
0.06158224874803646,-0.015247382881407937,0.11630037856216305,0.07372813803312063
-0.01768596137161462,0.00710214370266548,-0.0068144041528469985,-0.0327108047872267
-0.011941903032895978,-0.08184303581024868,0.06695215195924052,0.04008860661467271
0.028479048164408577,0.0584320538323785,0.013819862272840346,0.018997268410680772
0.029958719570368747,-0.0003174667057575589,0.06479034344950463,0.030023526440482173
-0.07656047118421946,-0.050255218787407144,-0.09263971904097112,-0.1679179547791137
-0.0035117146536386475,-0.02099556729154176,0.011598048060964636,-0.04963577069958163
-0.012061948100654064,-0.03410106606147163,0.02049821087831708,-0.02225916764978096
-0.08927342429839696,-0.10969092223040529,-0.06145747225561206,-0.11025060819635624
0.013465321854544637,-0.03484026001806363,0.06299989517617874,0.029409512135328025
-0.019801284276528476,-0.0749159477900238,0.03577456471298375,-0.009224658800491961
-0.007733870568558518,0.019132574045199614,0.0011701080511283407,0.014247449827686803
-0.002059556064586252,0.026154640266039884,0.0013607800592979995,-0.013426259570564857
0.012145705413677493,-0.0641141687335548,0.07842983532847701,0.07962529459557208
-0.07218250568502199,-0.14475571283360184,-0.011626871890826604,-0.051681593596025276
-0.0002800402717471947,0.022654920504464465,-0.03299897094744776,-0.049640662813299256
-0.01357116577645599,0.00492316740277194,-0.040996017880914754,-0.07491899550938608
-0.021372235992766712,-0.01591581422419916,-0.035498615214056825,-0.0714820570783542
0.04294941936537355,0.002543701956351979,0.08503648177773551,0.059640752128053406
-0.04581328218067742,-0.06761550272716388,-0.006166071689409573,-0.059679970878923704
0.04149071904205535,0.01807080040413847,0.03521790501306163,0.018854955183046064
-0.047877572147509775,-0.10993104953517532,0.015895476938625027,-0.008173258694973939
0.017140797377036422,-0.028993258831814896,0.06973000715969369,0.05515149745566454
-0.04277743576956804,-0.03827925796344245,-0.027642085404844047,-0.06959395142397677
0.003570882309172475,0.003830424071997761,-0.0025523801803371757,-0.020166331673977127
0.009876557941142535,-0.00911733971354961,0.03328976589089662,0.018370566480613658
-0.038674521675561006,-0.08237479367535958,-0.01560692922589732,-0.0676237114319824
-0.036920181745181274,-0.10935260185575608,0.02019621914873394,0.01957024829757427
